nohup: ignoring input
==============================================================
🦅 KIMIA GLOBAL — از رکورد تو به قدرت جهانی
==============================================================
👑 Owner: COMMANDER
🏛️  Official: KIMIA
🔐 Master Hash: 912a0c32a9158794
🔐 Signature: 8764a02e7f7710ee5277be777e659eaa
💼 Wallet: TKr9W9EBV7bPuyMuJiLbM4uJqUK5ei6B28

✅ API HTML: /data/data/com.termux/files/home/KIMIA_GLOBAL/api/index.html
✅ WIPO: /data/data/com.termux/files/home/KIMIA_GLOBAL/wipo/submission.txt
✅ Agent Report: /data/data/com.termux/files/home/KIMIA_GLOBAL/agent/report.txt
✅ Identity: /data/data/com.termux/files/home/KIMIA_GLOBAL/identity/identity.json

==============================================================
🎯 شروع شکار خودمختار...
==============================================================

[3] منابع:10/7 | BTC:$76794.7200 | USDT:229028.000 | ARB:-0.160% | فرصت:0
[6] منابع:9/7 | BTC:$76794.7200 | USDT:229028.000 | ARB:-0.160% | فرصت:0
[9] منابع:9/7 | BTC:$76806.0000 | USDT:229028.000 | ARB:-0.174% | فرصت:0
[12] منابع:9/7 | BTC:$76806.0100 | USDT:229028.000 | ARB:-0.174% | فرصت:0
[15] منابع:9/7 | BTC:$76810.5400 | USDT:229028.000 | ARB:-0.180% | فرصت:0
[18] منابع:9/7 | BTC:$76810.5400 | USDT:229028.000 | ARB:-0.180% | فرصت:0
[21] منابع:10/7 | BTC:$76810.5500 | USDT:229028.000 | ARB:-0.180% | فرصت:0
[24] منابع:10/7 | BTC:$76801.4900 | USDT:229028.000 | ARB:-0.168% | فرصت:0
[27] منابع:9/7 | BTC:$76801.4900 | USDT:229028.000 | ARB:-0.168% | فرصت:0
[30] منابع:7/7 | BTC:$76793.7900 | USDT:— | ARB:0% | فرصت:0
[33] منابع:9/7 | BTC:$76792.5400 | USDT:229028.000 | ARB:-0.157% | فرصت:0
[36] منابع:9/7 | BTC:$76772.0000 | USDT:229028.000 | ARB:-0.130% | فرصت:0
[39] منابع:9/7 | BTC:$76772.0000 | USDT:229028.000 | ARB:-0.130% | فرصت:0
[42] منابع:10/7 | BTC:$76772.0100 | USDT:229028.000 | ARB:-0.130% | فرصت:0
[45] منابع:9/7 | BTC:$76780.0000 | USDT:229028.000 | ARB:-0.140% | فرصت:0
[48] منابع:9/7 | BTC:$76793.7800 | USDT:229028.000 | ARB:-0.158% | فرصت:0
[51] منابع:9/7 | BTC:$76793.7700 | USDT:229028.000 | ARB:-0.158% | فرصت:0
[54] منابع:9/7 | BTC:$76806.0100 | USDT:229028.000 | ARB:-0.174% | فرصت:0
[57] منابع:9/7 | BTC:$76814.0000 | USDT:229028.000 | ARB:-0.185% | فرصت:0
[60] منابع:10/7 | BTC:$76816.0100 | USDT:229028.000 | ARB:-0.187% | فرصت:0
[63] منابع:9/7 | BTC:$76816.0000 | USDT:229028.000 | ARB:-0.187% | فرصت:0
[66] منابع:9/7 | BTC:$76812.9400 | USDT:229028.000 | ARB:-0.183% | فرصت:0
[69] منابع:9/7 | BTC:$76800.3300 | USDT:229028.000 | ARB:-0.167% | فرصت:0
[72] منابع:9/7 | BTC:$76794.1700 | USDT:229028.000 | ARB:-0.159% | فرصت:0
[75] منابع:9/7 | BTC:$76793.7700 | USDT:229028.000 | ARB:-0.158% | فرصت:0
[78] منابع:10/7 | BTC:$76782.5500 | USDT:229028.000 | ARB:-0.144% | فرصت:0
[81] منابع:10/7 | BTC:$76772.6700 | USDT:229028.000 | ARB:-0.131% | فرصت:0
[84] منابع:9/7 | BTC:$76773.0000 | USDT:229028.000 | ARB:-0.131% | فرصت:0
[87] منابع:6/7 | BTC:$76784.0000 | USDT:— | ARB:0% | فرصت:0
[90] منابع:9/7 | BTC:$76784.0000 | USDT:229040.000 | ARB:-0.148% | فرصت:0
[93] منابع:9/7 | BTC:$76760.0100 | USDT:229040.000 | ARB:-0.117% | فرصت:0
[96] منابع:10/7 | BTC:$76736.0000 | USDT:229040.000 | ARB:-0.086% | فرصت:0
[99] منابع:8/7 | BTC:$76704.6400 | USDT:229040.000 | ARB:-0.045% | فرصت:0
[102] منابع:9/7 | BTC:$76604.6600 | USDT:229040.000 | ARB:0.0847% | فرصت:0
[105] منابع:6/7 | BTC:$76662.0000 | USDT:— | ARB:0% | فرصت:0
[108] منابع:7/7 | BTC:$76676.0000 | USDT:— | ARB:0% | فرصت:0
[111] منابع:7/7 | BTC:$76700.0100 | USDT:— | ARB:0% | فرصت:0
[114] منابع:8/7 | BTC:$76720.3900 | USDT:229040.000 | ARB:-0.066% | فرصت:0
[117] منابع:9/7 | BTC:$76721.3600 | USDT:229040.000 | ARB:-0.067% | فرصت:0
[120] منابع:9/7 | BTC:$76730.5000 | USDT:229040.000 | ARB:-0.079% | فرصت:0
[123] منابع:9/7 | BTC:$76726.0000 | USDT:229040.000 | ARB:-0.073% | فرصت:0
[126] منابع:10/7 | BTC:$76726.0100 | USDT:229040.000 | ARB:-0.073% | فرصت:0
[129] منابع:10/7 | BTC:$76726.0100 | USDT:229040.000 | ARB:-0.073% | فرصت:0
[132] منابع:9/7 | BTC:$76721.3600 | USDT:229040.000 | ARB:-0.067% | فرصت:0
[135] منابع:6/7 | BTC:$76692.0100 | USDT:— | ARB:0% | فرصت:0
[138] منابع:9/7 | BTC:$76689.2000 | USDT:229040.000 | ARB:-0.025% | فرصت:0
[141] منابع:8/7 | BTC:$76668.0100 | USDT:— | ARB:0% | فرصت:0
[144] منابع:10/7 | BTC:$76668.0100 | USDT:229040.000 | ARB:0.0020% | فرصت:0
[147] منابع:9/7 | BTC:$76654.0200 | USDT:229040.000 | ARB:0.0203% | فرصت:0
[150] منابع:9/7 | BTC:$76654.0100 | USDT:229040.000 | ARB:0.0203% | فرصت:0
[153] منابع:9/7 | BTC:$76650.0100 | USDT:229040.000 | ARB:0.0255% | فرصت:0
[156] منابع:9/7 | BTC:$76684.8600 | USDT:229040.000 | ARB:-0.019% | فرصت:0
[159] منابع:9/7 | BTC:$76686.5600 | USDT:229040.000 | ARB:-0.022% | فرصت:0
[162] منابع:6/7 | BTC:$76664.0200 | USDT:— | ARB:0% | فرصت:0
[165] منابع:9/7 | BTC:$76634.0000 | USDT:229020.000 | ARB:0.0471% | فرصت:0
[168] منابع:7/7 | BTC:$76644.0000 | USDT:— | ARB:0% | فرصت:0
[171] منابع:8/7 | BTC:$76610.0000 | USDT:229020.000 | ARB:0.0785% | فرصت:0
[174] منابع:10/7 | BTC:$76614.0000 | USDT:229020.000 | ARB:0.0733% | فرصت:0
[177] منابع:10/7 | BTC:$76600.0000 | USDT:229020.000 | ARB:0.0915% | فرصت:0
[180] منابع:9/7 | BTC:$76610.0000 | USDT:229020.000 | ARB:0.0785% | فرصت:0
[183] منابع:9/7 | BTC:$76614.8000 | USDT:229020.000 | ARB:0.0722% | فرصت:0
[186] منابع:9/7 | BTC:$76608.1800 | USDT:229020.000 | ARB:0.0809% | فرصت:0
[189] منابع:9/7 | BTC:$76594.0100 | USDT:229020.000 | ARB:0.0994% | فرصت:0
[192] منابع:9/7 | BTC:$76588.0600 | USDT:229020.000 | ARB:0.1071% | فرصت:0
[195] منابع:10/7 | BTC:$76582.0000 | USDT:229020.000 | ARB:0.1151% | فرصت:0
[198] منابع:9/7 | BTC:$76580.5300 | USDT:229020.000 | ARB:0.1170% | فرصت:0
[201] منابع:9/7 | BTC:$76576.0000 | USDT:229020.000 | ARB:0.1229% | فرصت:0
[204] منابع:9/7 | BTC:$76578.0100 | USDT:229020.000 | ARB:0.1203% | فرصت:0
[207] منابع:9/7 | BTC:$76578.0000 | USDT:229020.000 | ARB:0.1203% | فرصت:0
[210] منابع:9/7 | BTC:$76582.8300 | USDT:229020.000 | ARB:0.1140% | فرصت:0
[213] منابع:10/7 | BTC:$76602.0100 | USDT:229020.000 | ARB:0.0889% | فرصت:0
[216] منابع:10/7 | BTC:$76614.7700 | USDT:229020.000 | ARB:0.0722% | فرصت:0
[219] منابع:9/7 | BTC:$76614.7800 | USDT:229020.000 | ARB:0.0722% | فرصت:0
[222] منابع:9/7 | BTC:$76624.2500 | USDT:229020.000 | ARB:0.0599% | فرصت:0
[225] منابع:9/7 | BTC:$76678.0000 | USDT:229020.000 | ARB:-0.010% | فرصت:0
[228] منابع:9/7 | BTC:$76692.0100 | USDT:229020.000 | ARB:-0.028% | فرصت:0
[231] منابع:9/7 | BTC:$76748.0100 | USDT:229020.000 | ARB:-0.101% | فرصت:0
[234] منابع:10/7 | BTC:$76728.1100 | USDT:229020.000 | ARB:-0.075% | فرصت:0
[237] منابع:9/7 | BTC:$76743.8400 | USDT:229020.000 | ARB:-0.096% | فرصت:0
[240] منابع:9/7 | BTC:$76762.7600 | USDT:229020.000 | ARB:-0.120% | فرصت:0
[243] منابع:9/7 | BTC:$76757.5700 | USDT:229020.000 | ARB:-0.113% | فرصت:0
[246] منابع:7/7 | BTC:$76743.8500 | USDT:— | ARB:0% | فرصت:0
[249] منابع:9/7 | BTC:$76724.0100 | USDT:229020.000 | ARB:-0.070% | فرصت:0
[252] منابع:10/7 | BTC:$76709.2400 | USDT:229020.000 | ARB:-0.050% | فرصت:0
[255] منابع:9/7 | BTC:$76727.8600 | USDT:229020.000 | ARB:-0.075% | فرصت:0
[258] منابع:9/7 | BTC:$76704.0000 | USDT:229001.000 | ARB:-0.180% | فرصت:0
[261] منابع:9/7 | BTC:$76683.6900 | USDT:229001.000 | ARB:-0.154% | فرصت:0
[264] منابع:9/7 | BTC:$76682.0000 | USDT:229001.000 | ARB:-0.151% | فرصت:0
[267] منابع:9/7 | BTC:$76703.4500 | USDT:229001.000 | ARB:-0.179% | فرصت:0
[270] منابع:10/7 | BTC:$76703.4500 | USDT:229001.000 | ARB:-0.179% | فرصت:0
[273] منابع:10/7 | BTC:$76703.4400 | USDT:229001.000 | ARB:-0.179% | فرصت:0
[276] منابع:9/7 | BTC:$76712.0100 | USDT:229001.000 | ARB:-0.190% | فرصت:0
[279] منابع:9/7 | BTC:$76728.0000 | USDT:229001.000 | ARB:-0.211% | فرصت:0
[282] منابع:9/7 | BTC:$76726.0000 | USDT:229001.000 | ARB:-0.209% | فرصت:0
[285] منابع:9/7 | BTC:$76723.5300 | USDT:229001.000 | ARB:-0.205% | فرصت:0
[288] منابع:10/7 | BTC:$76728.0000 | USDT:229001.000 | ARB:-0.211% | فرصت:0
[291] منابع:10/7 | BTC:$76730.0000 | USDT:229001.000 | ARB:-0.214% | فرصت:0
[294] منابع:9/7 | BTC:$76733.2900 | USDT:229001.000 | ARB:-0.218% | فرصت:0
[297] منابع:9/7 | BTC:$76730.8300 | USDT:229001.000 | ARB:-0.215% | فرصت:0
[300] منابع:9/7 | BTC:$76730.8400 | USDT:229001.000 | ARB:-0.215% | فرصت:0
[303] منابع:9/7 | BTC:$76725.6200 | USDT:229001.000 | ARB:-0.208% | فرصت:0
[306] منابع:10/7 | BTC:$76722.0000 | USDT:229001.000 | ARB:-0.203% | فرصت:0
[309] منابع:10/7 | BTC:$76722.0100 | USDT:229001.000 | ARB:-0.203% | فرصت:0
[312] منابع:9/7 | BTC:$76725.6200 | USDT:229001.000 | ARB:-0.208% | فرصت:0
[315] منابع:7/7 | BTC:$76725.6200 | USDT:— | ARB:0% | فرصت:0
[318] منابع:8/7 | BTC:$76730.9200 | USDT:229001.000 | ARB:-0.215% | فرصت:0
[321] منابع:9/7 | BTC:$76740.0000 | USDT:229001.000 | ARB:-0.227% | فرصت:0
[324] منابع:9/7 | BTC:$76748.3700 | USDT:229001.000 | ARB:-0.238% | فرصت:0
[327] منابع:10/7 | BTC:$76751.2200 | USDT:229001.000 | ARB:-0.241% | فرصت:0
[330] منابع:9/7 | BTC:$76751.2200 | USDT:229001.000 | ARB:-0.241% | فرصت:0
[333] منابع:9/7 | BTC:$76751.2200 | USDT:229001.000 | ARB:-0.241% | فرصت:0
[336] منابع:9/7 | BTC:$76750.4900 | USDT:229001.000 | ARB:-0.240% | فرصت:0
[339] منابع:9/7 | BTC:$76732.3600 | USDT:229001.000 | ARB:-0.217% | فرصت:0
[342] منابع:9/7 | BTC:$76732.3700 | USDT:229001.000 | ARB:-0.217% | فرصت:0
[345] منابع:6/7 | BTC:$76706 | USDT:— | ARB:0% | فرصت:0
[348] منابع:10/7 | BTC:$76720.0100 | USDT:228971.000 | ARB:0.0272% | فرصت:0
[351] منابع:9/7 | BTC:$76720.0100 | USDT:228971.000 | ARB:0.0272% | فرصت:0
[354] منابع:9/7 | BTC:$76720.0100 | USDT:228971.000 | ARB:0.0272% | فرصت:0
[357] منابع:9/7 | BTC:$76720.0100 | USDT:228971.000 | ARB:0.0272% | فرصت:0
[360] منابع:7/7 | BTC:$76721.2400 | USDT:— | ARB:0% | فرصت:0
[363] منابع:10/7 | BTC:$76721.2400 | USDT:228971.000 | ARB:0.0256% | فرصت:0
[366] منابع:10/7 | BTC:$76734.0000 | USDT:228971.000 | ARB:0.0090% | فرصت:0
[369] منابع:9/7 | BTC:$76734.0000 | USDT:228971.000 | ARB:0.0090% | فرصت:0
[372] منابع:9/7 | BTC:$76734.0000 | USDT:228971.000 | ARB:0.0090% | فرصت:0
[375] منابع:9/7 | BTC:$76734.0000 | USDT:228971.000 | ARB:0.0090% | فرصت:0
[378] منابع:9/7 | BTC:$76726.0100 | USDT:228971.000 | ARB:0.0194% | فرصت:0
[381] منابع:8/7 | BTC:$76735.6700 | USDT:— | ARB:0% | فرصت:0
[384] منابع:10/7 | BTC:$76758.0000 | USDT:228971.000 | ARB:-0.022% | فرصت:0
[387] منابع:9/7 | BTC:$76758.0100 | USDT:228971.000 | ARB:-0.022% | فرصت:0
[390] منابع:9/7 | BTC:$76766.6300 | USDT:228971.000 | ARB:-0.033% | فرصت:0
[393] منابع:9/7 | BTC:$76766.6200 | USDT:228971.000 | ARB:-0.033% | فرصت:0
[396] منابع:9/7 | BTC:$76766.0100 | USDT:228971.000 | ARB:-0.032% | فرصت:0
[399] منابع:10/7 | BTC:$76766.0100 | USDT:228971.000 | ARB:-0.032% | فرصت:0
[402] منابع:10/7 | BTC:$76775.9000 | USDT:228971.000 | ARB:-0.045% | فرصت:0
[405] منابع:9/7 | BTC:$76772.0100 | USDT:228971.000 | ARB:-0.040% | فرصت:0
[408] منابع:9/7 | BTC:$76772.0100 | USDT:228971.000 | ARB:-0.040% | فرصت:0
[411] منابع:9/7 | BTC:$76772.0100 | USDT:228971.000 | ARB:-0.040% | فرصت:0
[414] منابع:9/7 | BTC:$76772.0000 | USDT:228971.000 | ARB:-0.040% | فرصت:0
[417] منابع:9/7 | BTC:$76766.9100 | USDT:228971.000 | ARB:-0.033% | فرصت:0
[420] منابع:7/7 | BTC:$76766.9200 | USDT:228971.000 | ARB:-0.033% | فرصت:0
[423] منابع:9/7 | BTC:$76766.9200 | USDT:228971.000 | ARB:-0.033% | فرصت:0
[426] منابع:9/7 | BTC:$76766.9100 | USDT:228971.000 | ARB:-0.033% | فرصت:0
[429] منابع:9/7 | BTC:$76766.9200 | USDT:228971.000 | ARB:-0.033% | فرصت:0
[432] منابع:9/7 | BTC:$76766.9100 | USDT:228971.000 | ARB:-0.033% | فرصت:0
[435] منابع:10/7 | BTC:$76766.9200 | USDT:228971.000 | ARB:-0.033% | فرصت:0
[438] منابع:10/7 | BTC:$76766.9200 | USDT:228875.000 | ARB:0.0080% | فرصت:0
[441] منابع:9/7 | BTC:$76766.9200 | USDT:228875.000 | ARB:0.0080% | فرصت:0
[444] منابع:9/7 | BTC:$76766.9100 | USDT:228875.000 | ARB:0.0080% | فرصت:0
[447] منابع:9/7 | BTC:$76766.9100 | USDT:228875.000 | ARB:0.0080% | فرصت:0
[450] منابع:9/7 | BTC:$76766.9200 | USDT:228875.000 | ARB:0.0080% | فرصت:0
[453] منابع:9/7 | BTC:$76766.9200 | USDT:228875.000 | ARB:0.0080% | فرصت:0
[456] منابع:10/7 | BTC:$76750.0100 | USDT:228875.000 | ARB:0.0301% | فرصت:0
[459] منابع:7/7 | BTC:$76750.0100 | USDT:— | ARB:0% | فرصت:0
[462] منابع:9/7 | BTC:$76768.5300 | USDT:228875.000 | ARB:0.0059% | فرصت:0
[465] منابع:9/7 | BTC:$76772.0100 | USDT:228875.000 | ARB:0.0014% | فرصت:0
[468] منابع:9/7 | BTC:$76788.7800 | USDT:228875.000 | ARB:-0.020% | فرصت:0
[471] منابع:9/7 | BTC:$76793.2300 | USDT:228875.000 | ARB:-0.026% | فرصت:0
[474] منابع:10/7 | BTC:$76796.0000 | USDT:228875.000 | ARB:-0.029% | فرصت:0
[477] منابع:10/7 | BTC:$76796.0100 | USDT:228875.000 | ARB:-0.029% | فرصت:0
[480] منابع:4/7 | BTC:$— | USDT:— | ARB:0% | فرصت:0
[483] منابع:9/7 | BTC:$76796.0000 | USDT:228875.000 | ARB:-0.029% | فرصت:0
[486] منابع:9/7 | BTC:$76780.4200 | USDT:228875.000 | ARB:-0.009% | فرصت:0
[489] منابع:8/7 | BTC:$— | USDT:228875.000 | ARB:0% | فرصت:0
[492] منابع:10/7 | BTC:$76762.0200 | USDT:228875.000 | ARB:0.0144% | فرصت:0
[495] منابع:10/7 | BTC:$76760.2400 | USDT:228875.000 | ARB:0.0167% | فرصت:0
[498] منابع:9/7 | BTC:$76760.2400 | USDT:228875.000 | ARB:0.0167% | فرصت:0
[501] منابع:9/7 | BTC:$76750.0000 | USDT:228875.000 | ARB:0.0301% | فرصت:0
[504] منابع:9/7 | BTC:$76737.0900 | USDT:228875.000 | ARB:0.0469% | فرصت:0
[507] منابع:9/7 | BTC:$76743.2400 | USDT:228875.000 | ARB:0.0389% | فرصت:0
[510] منابع:10/7 | BTC:$76773.9100 | USDT:228875.000 | ARB:-0.001% | فرصت:0
[513] منابع:9/7 | BTC:$76773.9000 | USDT:228875.000 | ARB:-0.001% | فرصت:0
[516] منابع:6/7 | BTC:$76773.9000 | USDT:— | ARB:0% | فرصت:0
[519] منابع:9/7 | BTC:$76768.0600 | USDT:228875.000 | ARB:0.0065% | فرصت:0
[522] منابع:9/7 | BTC:$76768.0500 | USDT:228875.000 | ARB:0.0065% | فرصت:0
[525] منابع:10/7 | BTC:$76768.0500 | USDT:228875.000 | ARB:0.0065% | فرصت:0
[528] منابع:10/7 | BTC:$76768.0600 | USDT:228706.000 | ARB:-0.115% | فرصت:0
[531] منابع:8/7 | BTC:$76775.5200 | USDT:228706.000 | ARB:-0.125% | فرصت:0
[534] منابع:9/7 | BTC:$76778.0000 | USDT:228706.000 | ARB:-0.128% | فرصت:0
[537] منابع:9/7 | BTC:$76817.5100 | USDT:228706.000 | ARB:-0.180% | فرصت:0
[540] منابع:9/7 | BTC:$76808.0100 | USDT:228706.000 | ARB:-0.167% | فرصت:0
[543] منابع:9/7 | BTC:$76794.0900 | USDT:228706.000 | ARB:-0.149% | فرصت:0
[546] منابع:10/7 | BTC:$76794.0800 | USDT:228706.000 | ARB:-0.149% | فرصت:0
[549] منابع:9/7 | BTC:$76794.0900 | USDT:228706.000 | ARB:-0.149% | فرصت:0
[552] منابع:7/7 | BTC:$76813.2600 | USDT:— | ARB:0% | فرصت:0
[555] منابع:7/7 | BTC:$76813.2600 | USDT:— | ARB:0% | فرصت:0
[558] منابع:9/7 | BTC:$76813.2600 | USDT:228706.000 | ARB:-0.174% | فرصت:0
[561] منابع:10/7 | BTC:$76813.2600 | USDT:228706.000 | ARB:-0.174% | فرصت:0
[564] منابع:10/7 | BTC:$76813.2500 | USDT:228706.000 | ARB:-0.174% | فرصت:0
[567] منابع:9/7 | BTC:$76813.2600 | USDT:228706.000 | ARB:-0.174% | فرصت:0
[570] منابع:9/7 | BTC:$76813.2500 | USDT:228706.000 | ARB:-0.174% | فرصت:0
[573] منابع:9/7 | BTC:$76800.0000 | USDT:228706.000 | ARB:-0.157% | فرصت:0
[576] منابع:9/7 | BTC:$76800.0000 | USDT:228706.000 | ARB:-0.157% | فرصت:0
[579] منابع:8/7 | BTC:$76796.5500 | USDT:— | ARB:0% | فرصت:0
[582] منابع:10/7 | BTC:$76796.5500 | USDT:228706.000 | ARB:-0.152% | فرصت:0
[585] منابع:9/7 | BTC:$76796.5500 | USDT:228706.000 | ARB:-0.152% | فرصت:0
[588] منابع:8/7 | BTC:$76792.0000 | USDT:228706.000 | ARB:-0.146% | فرصت:0
[591] منابع:7/7 | BTC:$76792.0100 | USDT:228706.000 | ARB:-0.146% | فرصت:0
[594] منابع:9/7 | BTC:$76792.0100 | USDT:228706.000 | ARB:-0.146% | فرصت:0
[597] منابع:9/7 | BTC:$76792.0000 | USDT:228706.000 | ARB:-0.146% | فرصت:0
[600] منابع:9/7 | BTC:$76790.0000 | USDT:228706.000 | ARB:-0.144% | فرصت:0
[603] منابع:9/7 | BTC:$76777.2000 | USDT:228706.000 | ARB:-0.127% | فرصت:0
[606] منابع:8/7 | BTC:$76777.2000 | USDT:228608.000 | ARB:0.1114% | فرصت:0
[609] منابع:8/7 | BTC:$76777.2000 | USDT:228608.000 | ARB:0.1114% | فرصت:0
[612] منابع:7/7 | BTC:$76777.1900 | USDT:— | ARB:0% | فرصت:0
[615] منابع:7/7 | BTC:$76777.2000 | USDT:— | ARB:0% | فرصت:0
[618] منابع:6/7 | BTC:$76777.2000 | USDT:— | ARB:0% | فرصت:0
[621] منابع:6/7 | BTC:$76780.1700 | USDT:— | ARB:0% | فرصت:0
[624] منابع:6/7 | BTC:$76780.1800 | USDT:— | ARB:0% | فرصت:0
[627] منابع:9/7 | BTC:$76780.1800 | USDT:228608.000 | ARB:0.1075% | فرصت:0
[630] منابع:8/7 | BTC:$76780.1800 | USDT:— | ARB:0% | فرصت:0
[633] منابع:9/7 | BTC:$76780.1700 | USDT:228608.000 | ARB:0.1075% | فرصت:0
[636] منابع:9/7 | BTC:$76806.7100 | USDT:228608.000 | ARB:0.0730% | فرصت:0
[639] منابع:9/7 | BTC:$76802.0000 | USDT:228608.000 | ARB:0.0791% | فرصت:0
[642] منابع:7/7 | BTC:$76802.0000 | USDT:— | ARB:0% | فرصت:0
[645] منابع:10/7 | BTC:$76802.0000 | USDT:228608.000 | ARB:0.0791% | فرصت:0
[648] منابع:9/7 | BTC:$76802.0100 | USDT:228608.000 | ARB:0.0791% | فرصت:0
[651] منابع:9/7 | BTC:$76802.0000 | USDT:228608.000 | ARB:0.0791% | فرصت:0
[654] منابع:9/7 | BTC:$76791.7800 | USDT:228608.000 | ARB:0.0924% | فرصت:0
[657] منابع:9/7 | BTC:$76791.7800 | USDT:228608.000 | ARB:0.0924% | فرصت:0
[660] منابع:9/7 | BTC:$76791.7800 | USDT:228608.000 | ARB:0.0924% | فرصت:0
[663] منابع:10/7 | BTC:$76788.0000 | USDT:228608.000 | ARB:0.0973% | فرصت:0
[666] منابع:10/7 | BTC:$76782.0000 | USDT:228608.000 | ARB:0.1052% | فرصت:0
[669] منابع:6/7 | BTC:$76780.1700 | USDT:— | ARB:0% | فرصت:0
[672] منابع:8/7 | BTC:$76780.1700 | USDT:228608.000 | ARB:0.1075% | فرصت:0
[675] منابع:8/7 | BTC:$76759.5300 | USDT:228608.000 | ARB:0.1345% | فرصت:0
[678] منابع:9/7 | BTC:$76759.5300 | USDT:228608.000 | ARB:0.1345% | فرصت:0
[681] منابع:10/7 | BTC:$76783.7500 | USDT:228608.000 | ARB:0.1029% | فرصت:0
[684] منابع:9/7 | BTC:$76796.7700 | USDT:228608.000 | ARB:0.0859% | فرصت:0
[687] منابع:9/7 | BTC:$76783.7900 | USDT:228600.000 | ARB:-0.099% | فرصت:0
[690] منابع:8/7 | BTC:$76790.0100 | USDT:228600.000 | ARB:-0.107% | فرصت:0
[693] منابع:9/7 | BTC:$76776.0100 | USDT:228600.000 | ARB:-0.089% | فرصت:0
[696] منابع:0/7 | BTC:$— | USDT:— | ARB:0% | فرصت:0
[699] منابع:10/7 | BTC:$76792.3200 | USDT:228600.000 | ARB:-0.110% | فرصت:0
[702] منابع:8/7 | BTC:$76792.3200 | USDT:228600.000 | ARB:-0.110% | فرصت:0
[705] منابع:8/7 | BTC:$76792.3200 | USDT:228600.000 | ARB:-0.110% | فرصت:0
[708] منابع:9/7 | BTC:$76792.3100 | USDT:228600.000 | ARB:-0.110% | فرصت:0
[711] منابع:6/7 | BTC:$76792.3100 | USDT:— | ARB:0% | فرصت:0
[714] منابع:6/7 | BTC:$76792.3100 | USDT:— | ARB:0% | فرصت:0
[717] منابع:7/7 | BTC:$76792.3100 | USDT:— | ARB:0% | فرصت:0
[720] منابع:8/7 | BTC:$76799.9900 | USDT:228600.000 | ARB:-0.120% | فرصت:0
[723] منابع:6/7 | BTC:$76800.0000 | USDT:— | ARB:0% | فرصت:0
[726] منابع:9/7 | BTC:$76799.9900 | USDT:228600.000 | ARB:-0.120% | فرصت:0
[729] منابع:8/7 | BTC:$76800.0000 | USDT:— | ARB:0% | فرصت:0
[732] منابع:10/7 | BTC:$76800.0000 | USDT:228600.000 | ARB:-0.120% | فرصت:0
[735] منابع:8/7 | BTC:$76800.0000 | USDT:228600.000 | ARB:-0.120% | فرصت:0
[738] منابع:9/7 | BTC:$76799.9900 | USDT:228600.000 | ARB:-0.120% | فرصت:0
[741] منابع:0/7 | BTC:$— | USDT:— | ARB:0% | فرصت:0
[744] منابع:9/7 | BTC:$76792.3100 | USDT:228600.000 | ARB:-0.110% | فرصت:0
[747] منابع:8/7 | BTC:$76778.0100 | USDT:— | ARB:0% | فرصت:0
[750] منابع:10/7 | BTC:$76776.0100 | USDT:228600.000 | ARB:-0.089% | فرصت:0
[753] منابع:9/7 | BTC:$76776.0000 | USDT:228600.000 | ARB:-0.089% | فرصت:0
[756] منابع:9/7 | BTC:$76776.0000 | USDT:228600.000 | ARB:-0.089% | فرصت:0
[759] منابع:9/7 | BTC:$76774.0100 | USDT:228514.000 | ARB:-0.117% | فرصت:0
[762] منابع:0/7 | BTC:$— | USDT:— | ARB:0% | فرصت:0
[765] منابع:7/7 | BTC:$76758.0200 | USDT:— | ARB:0% | فرصت:0
[768] منابع:6/7 | BTC:$76758.0100 | USDT:— | ARB:0% | فرصت:0
[771] منابع:6/7 | BTC:$76758.0200 | USDT:— | ARB:0% | فرصت:0
[774] منابع:6/7 | BTC:$76758.0100 | USDT:— | ARB:0% | فرصت:0
[777] منابع:10/7 | BTC:$76758.0200 | USDT:228514.000 | ARB:-0.096% | فرصت:0
[780] منابع:9/7 | BTC:$76758.0100 | USDT:228514.000 | ARB:-0.096% | فرصت:0
[783] منابع:6/7 | BTC:$76749.8900 | USDT:— | ARB:0% | فرصت:0
[786] منابع:9/7 | BTC:$76749.8900 | USDT:228514.000 | ARB:-0.086% | فرصت:0
[789] منابع:8/7 | BTC:$76749.9000 | USDT:228514.000 | ARB:-0.086% | فرصت:0
[792] منابع:6/7 | BTC:$76749.9000 | USDT:— | ARB:0% | فرصت:0
[795] منابع:10/7 | BTC:$76749.9000 | USDT:228514.000 | ARB:-0.086% | فرصت:0
[798] منابع:8/7 | BTC:$76749.8900 | USDT:— | ARB:0% | فرصت:0
[801] منابع:0/7 | BTC:$— | USDT:— | ARB:0% | فرصت:0
[804] منابع:7/7 | BTC:$76745.1900 | USDT:— | ARB:0% | فرصت:0
[807] منابع:9/7 | BTC:$76745.1800 | USDT:228514.000 | ARB:-0.080% | فرصت:0
[810] منابع:7/7 | BTC:$76745.1800 | USDT:— | ARB:0% | فرصت:0
[813] منابع:9/7 | BTC:$76745.1900 | USDT:228514.000 | ARB:-0.080% | فرصت:0
[816] منابع:9/7 | BTC:$76745.1800 | USDT:228514.000 | ARB:-0.080% | فرصت:0
[819] منابع:7/7 | BTC:$76745.1800 | USDT:— | ARB:0% | فرصت:0
[822] منابع:0/7 | BTC:$— | USDT:— | ARB:0% | فرصت:0
[825] منابع:6/7 | BTC:$76745.1800 | USDT:— | ARB:0% | فرصت:0
[828] منابع:8/7 | BTC:$76745.1900 | USDT:— | ARB:0% | فرصت:0
[831] منابع:8/7 | BTC:$76745.1900 | USDT:— | ARB:0% | فرصت:0
[834] منابع:9/7 | BTC:$76745.1900 | USDT:228513.000 | ARB:-0.041% | فرصت:0
[837] منابع:5/7 | BTC:$76745.1900 | USDT:— | ARB:0% | فرصت:0
[840] منابع:0/7 | BTC:$— | USDT:— | ARB:0% | فرصت:0
[843] منابع:7/7 | BTC:$76745.1900 | USDT:— | ARB:0% | فرصت:0
[846] منابع:7/7 | BTC:$76745.1900 | USDT:— | ARB:0% | فرصت:0
[849] منابع:3/7 | BTC:$76753.9300 | USDT:— | ARB:0% | فرصت:0
[852] منابع:6/7 | BTC:$76753.9200 | USDT:— | ARB:0% | فرصت:0
[855] منابع:6/7 | BTC:$76753.9200 | USDT:— | ARB:0% | فرصت:0
[858] منابع:5/7 | BTC:$— | USDT:— | ARB:0% | فرصت:0
[861] منابع:7/7 | BTC:$76755.1800 | USDT:— | ARB:0% | فرصت:0
[864] منابع:7/7 | BTC:$76755.1900 | USDT:— | ARB:0% | فرصت:0
[867] منابع:9/7 | BTC:$76755.1800 | USDT:228513.000 | ARB:-0.054% | فرصت:0
[870] منابع:9/7 | BTC:$76755.1800 | USDT:228513.000 | ARB:-0.054% | فرصت:0
[873] منابع:9/7 | BTC:$76755.1800 | USDT:228513.000 | ARB:-0.054% | فرصت:0
[876] منابع:9/7 | BTC:$76764.2600 | USDT:228513.000 | ARB:-0.066% | فرصت:0
[879] منابع:9/7 | BTC:$76767.6000 | USDT:228513.000 | ARB:-0.070% | فرصت:0
[882] منابع:10/7 | BTC:$76767.6000 | USDT:228513.000 | ARB:-0.070% | فرصت:0
[885] منابع:9/7 | BTC:$76767.6000 | USDT:228513.000 | ARB:-0.070% | فرصت:0
[888] منابع:6/7 | BTC:$76767.6000 | USDT:— | ARB:0% | فرصت:0
[891] منابع:9/7 | BTC:$76770.0000 | USDT:228513.000 | ARB:-0.073% | فرصت:0
[894] منابع:9/7 | BTC:$76769.9900 | USDT:228513.000 | ARB:-0.073% | فرصت:0
[897] منابع:7/7 | BTC:$76780.8500 | USDT:228513.000 | ARB:-0.087% | فرصت:0
[900] منابع:9/7 | BTC:$76798.0000 | USDT:228513.000 | ARB:-0.110% | فرصت:0
[903] منابع:6/7 | BTC:$76799.9900 | USDT:— | ARB:0% | فرصت:0
[906] منابع:7/7 | BTC:$76799.9900 | USDT:— | ARB:0% | فرصت:0
[909] منابع:6/7 | BTC:$76810.7900 | USDT:— | ARB:0% | فرصت:0
[912] منابع:7/7 | BTC:$76808.6900 | USDT:— | ARB:0% | فرصت:0
[915] منابع:9/7 | BTC:$76804.0000 | USDT:228514.000 | ARB:-0.118% | فرصت:0
[918] منابع:8/7 | BTC:$76804.0100 | USDT:228514.000 | ARB:-0.118% | فرصت:0
[921] منابع:9/7 | BTC:$76804.0100 | USDT:228514.000 | ARB:-0.118% | فرصت:0
[924] منابع:8/7 | BTC:$76804.0000 | USDT:228514.000 | ARB:-0.118% | فرصت:0
[927] منابع:9/7 | BTC:$76804.0100 | USDT:228514.000 | ARB:-0.118% | فرصت:0
[930] منابع:9/7 | BTC:$76804.0100 | USDT:228514.000 | ARB:-0.118% | فرصت:0
[933] منابع:0/7 | BTC:$— | USDT:— | ARB:0% | فرصت:0
[936] منابع:6/7 | BTC:$76804.0200 | USDT:— | ARB:0% | فرصت:0
[939] منابع:8/7 | BTC:$76804.0200 | USDT:228514.000 | ARB:-0.118% | فرصت:0
[942] منابع:10/7 | BTC:$76796.0100 | USDT:228514.000 | ARB:-0.108% | فرصت:0
[945] منابع:8/7 | BTC:$76780.1700 | USDT:— | ARB:0% | فرصت:0
[948] منابع:6/7 | BTC:$76780.1700 | USDT:228514.000 | ARB:-0.087% | فرصت:0
[951] منابع:8/7 | BTC:$76780.1600 | USDT:228514.000 | ARB:-0.087% | فرصت:0
[954] منابع:9/7 | BTC:$76780.1700 | USDT:228514.000 | ARB:-0.087% | فرصت:0
[957] منابع:8/7 | BTC:$76780.1600 | USDT:228514.000 | ARB:-0.087% | فرصت:0
[960] منابع:10/7 | BTC:$76780.1700 | USDT:228514.000 | ARB:-0.087% | فرصت:0
[963] منابع:8/7 | BTC:$76780.1700 | USDT:— | ARB:0% | فرصت:0
[966] منابع:8/7 | BTC:$76770.7200 | USDT:228514.000 | ARB:-0.075% | فرصت:0
[969] منابع:9/7 | BTC:$76770.0000 | USDT:228514.000 | ARB:-0.074% | فرصت:0
[972] منابع:9/7 | BTC:$76758.4700 | USDT:228514.000 | ARB:-0.059% | فرصت:0
[975] منابع:8/7 | BTC:$76758.4800 | USDT:228515.000 | ARB:-0.059% | فرصت:0
[978] منابع:10/7 | BTC:$76758.4700 | USDT:228515.000 | ARB:-0.059% | فرصت:0
[981] منابع:8/7 | BTC:$76748.4400 | USDT:228515.000 | ARB:-0.046% | فرصت:0
[984] منابع:6/7 | BTC:$76742.0100 | USDT:— | ARB:0% | فرصت:0
[987] منابع:6/7 | BTC:$76742.0100 | USDT:— | ARB:0% | فرصت:0
[990] منابع:8/7 | BTC:$76742.0100 | USDT:228515.000 | ARB:-0.038% | فرصت:0
[993] منابع:7/7 | BTC:$76736.0000 | USDT:— | ARB:0% | فرصت:0
[996] منابع:7/7 | BTC:$76721.2500 | USDT:— | ARB:0% | فرصت:0
[999] منابع:9/7 | BTC:$76721.2500 | USDT:228515.000 | ARB:-0.011% | فرصت:0
[1002] منابع:8/7 | BTC:$76712.0100 | USDT:228515.000 | ARB:0.0008% | فرصت:0
[1005] منابع:9/7 | BTC:$76700.0100 | USDT:228515.000 | ARB:0.0165% | فرصت:0
[1008] منابع:7/7 | BTC:$76696.0000 | USDT:— | ARB:0% | فرصت:0
[1011] منابع:7/7 | BTC:$76690.3600 | USDT:— | ARB:0% | فرصت:0
[1014] منابع:7/7 | BTC:$76690.3600 | USDT:— | ARB:0% | فرصت:0
[1017] منابع:8/7 | BTC:$76724.0000 | USDT:228515.000 | ARB:-0.014% | فرصت:0
[1020] منابع:8/7 | BTC:$76734.0000 | USDT:228515.000 | ARB:-0.027% | فرصت:0
[1023] منابع:10/7 | BTC:$76734.0000 | USDT:228515.000 | ARB:-0.027% | فرصت:0
[1026] منابع:10/7 | BTC:$76734.0100 | USDT:228515.000 | ARB:-0.027% | فرصت:0
[1029] منابع:6/7 | BTC:$76734.0000 | USDT:— | ARB:0% | فرصت:0
[1032] منابع:8/7 | BTC:$76734.0000 | USDT:228515.000 | ARB:-0.027% | فرصت:0
[1035] منابع:9/7 | BTC:$76734.0000 | USDT:228515.000 | ARB:-0.027% | فرصت:0
[1038] منابع:7/7 | BTC:$76734.0100 | USDT:— | ARB:0% | فرصت:0
[1041] منابع:10/7 | BTC:$76746.0000 | USDT:228515.000 | ARB:-0.043% | فرصت:0
[1044] منابع:10/7 | BTC:$76748.0100 | USDT:228713.000 | ARB:-0.104% | فرصت:0
[1047] منابع:9/7 | BTC:$76748.0000 | USDT:228713.000 | ARB:-0.104% | فرصت:0
[1050] منابع:6/7 | BTC:$76748.0000 | USDT:— | ARB:0% | فرصت:0
[1053] منابع:6/7 | BTC:$76748.0100 | USDT:— | ARB:0% | فرصت:0
[1056] منابع:7/7 | BTC:$76748.0100 | USDT:— | ARB:0% | فرصت:0
[1059] منابع:7/7 | BTC:$76748.0000 | USDT:— | ARB:0% | فرصت:0
[1062] منابع:6/7 | BTC:$76748.0100 | USDT:— | ARB:0% | فرصت:0
[1065] منابع:9/7 | BTC:$76748.0000 | USDT:228713.000 | ARB:-0.104% | فرصت:0
[1068] منابع:9/7 | BTC:$76748.0100 | USDT:228713.000 | ARB:-0.104% | فرصت:0
[1071] منابع:10/7 | BTC:$76740.3400 | USDT:228713.000 | ARB:-0.094% | فرصت:0
[1074] منابع:9/7 | BTC:$76718.3500 | USDT:228713.000 | ARB:-0.065% | فرصت:0
[1077] منابع:10/7 | BTC:$76718.3600 | USDT:228713.000 | ARB:-0.065% | فرصت:0
[1080] منابع:6/7 | BTC:$76706.0000 | USDT:— | ARB:0% | فرصت:0
[1083] منابع:6/7 | BTC:$76698.3300 | USDT:— | ARB:0% | فرصت:0
[1086] منابع:6/7 | BTC:$76702.0000 | USDT:— | ARB:0% | فرصت:0
[1089] منابع:8/7 | BTC:$76700.0100 | USDT:— | ARB:0% | فرصت:0
[1092] منابع:7/7 | BTC:$76698.3300 | USDT:— | ARB:0% | فرصت:0
[1095] منابع:8/7 | BTC:$76675.9100 | USDT:228713.000 | ARB:-0.010% | فرصت:0
[1098] منابع:7/7 | BTC:$76675.9100 | USDT:— | ARB:0% | فرصت:0
[1101] منابع:9/7 | BTC:$76675.9100 | USDT:228713.000 | ARB:-0.010% | فرصت:0
[1104] منابع:6/7 | BTC:$76666.0100 | USDT:— | ARB:0% | فرصت:0
[1107] منابع:9/7 | BTC:$76666.0100 | USDT:228713.000 | ARB:0.0023% | فرصت:0
[1110] منابع:9/7 | BTC:$76675.7100 | USDT:228713.000 | ARB:-0.010% | فرصت:0
[1113] منابع:0/7 | BTC:$— | USDT:— | ARB:0% | فرصت:0
[1116] منابع:9/7 | BTC:$76690.0100 | USDT:228750.000 | ARB:-0.045% | فرصت:0
[1119] منابع:9/7 | BTC:$76692.3700 | USDT:228750.000 | ARB:-0.048% | فرصت:0
[1122] منابع:10/7 | BTC:$76690.4400 | USDT:228750.000 | ARB:-0.045% | فرصت:0
[1125] منابع:9/7 | BTC:$76684.7000 | USDT:228750.000 | ARB:-0.038% | فرصت:0
[1128] منابع:8/7 | BTC:$76682.0000 | USDT:228750.000 | ARB:-0.034% | فرصت:0
[1131] منابع:8/7 | BTC:$76686.0000 | USDT:228750.000 | ARB:-0.039% | فرصت:0
[1134] منابع:6/7 | BTC:$76674.3900 | USDT:— | ARB:0% | فرصت:0
[1137] منابع:6/7 | BTC:$76662.0100 | USDT:— | ARB:0% | فرصت:0
[1140] منابع:9/7 | BTC:$76640.0100 | USDT:228750.000 | ARB:0.0200% | فرصت:0
[1143] منابع:6/7 | BTC:$76673.2800 | USDT:— | ARB:0% | فرصت:0
[1146] منابع:9/7 | BTC:$76647.3700 | USDT:228750.000 | ARB:0.0104% | فرصت:0
[1149] منابع:9/7 | BTC:$76649.0200 | USDT:228750.000 | ARB:0.0082% | فرصت:0
[1152] منابع:6/7 | BTC:$76652.0100 | USDT:— | ARB:0% | فرصت:0
[1155] منابع:8/7 | BTC:$76653.4700 | USDT:— | ARB:0% | فرصت:0
[1158] منابع:10/7 | BTC:$76652.0000 | USDT:228750.000 | ARB:0.0044% | فرصت:0
[1161] منابع:9/7 | BTC:$76653.4800 | USDT:228750.000 | ARB:0.0024% | فرصت:0
[1164] منابع:9/7 | BTC:$76653.4800 | USDT:228750.000 | ARB:0.0024% | فرصت:0
[1167] منابع:8/7 | BTC:$76674.0000 | USDT:228750.000 | ARB:-0.024% | فرصت:0
[1170] منابع:7/7 | BTC:$76668.0000 | USDT:228750.000 | ARB:-0.016% | فرصت:0
[1173] منابع:10/7 | BTC:$76668.0100 | USDT:228750.000 | ARB:-0.016% | فرصت:0
[1176] منابع:10/7 | BTC:$76688.0100 | USDT:228750.000 | ARB:-0.042% | فرصت:0
[1179] منابع:9/7 | BTC:$76688.0000 | USDT:228750.000 | ARB:-0.042% | فرصت:0
[1182] منابع:9/7 | BTC:$76696.0000 | USDT:228750.000 | ARB:-0.052% | فرصت:0
[1185] منابع:9/7 | BTC:$76706.0000 | USDT:228750.000 | ARB:-0.065% | فرصت:0
[1188] منابع:9/7 | BTC:$76706.0100 | USDT:228750.000 | ARB:-0.066% | فرصت:0
[1191] منابع:10/7 | BTC:$76688.0100 | USDT:228718.000 | ARB:-0.056% | فرصت:0
[1194] منابع:10/7 | BTC:$76688.0100 | USDT:228718.000 | ARB:-0.056% | فرصت:0
[1197] منابع:9/7 | BTC:$76606.0100 | USDT:228718.000 | ARB:0.0503% | فرصت:0
[1200] منابع:9/7 | BTC:$76584.0000 | USDT:228718.000 | ARB:0.0791% | فرصت:0
[1203] منابع:9/7 | BTC:$76616.0000 | USDT:228718.000 | ARB:0.0373% | فرصت:0
[1206] منابع:9/7 | BTC:$76645.6900 | USDT:228718.000 | ARB:-0.001% | فرصت:0
[1209] منابع:10/7 | BTC:$76670.0100 | USDT:228718.000 | ARB:-0.033% | فرصت:0
[1212] منابع:9/7 | BTC:$76672.0000 | USDT:228718.000 | ARB:-0.035% | فرصت:0
[1215] منابع:9/7 | BTC:$76667.3500 | USDT:228718.000 | ARB:-0.029% | فرصت:0
[1218] منابع:9/7 | BTC:$76658.0000 | USDT:228718.000 | ARB:-0.017% | فرصت:0
[1221] منابع:9/7 | BTC:$76672.0100 | USDT:228718.000 | ARB:-0.035% | فرصت:0
[1224] منابع:10/7 | BTC:$76688.0100 | USDT:228718.000 | ARB:-0.056% | فرصت:0
[1227] منابع:8/7 | BTC:$76694.0000 | USDT:— | ARB:0% | فرصت:0
[1230] منابع:9/7 | BTC:$76694.0000 | USDT:228718.000 | ARB:-0.064% | فرصت:0
[1233] منابع:9/7 | BTC:$76696.0100 | USDT:228718.000 | ARB:-0.067% | فرصت:0
[1236] منابع:9/7 | BTC:$76696.0000 | USDT:228718.000 | ARB:-0.067% | فرصت:0
[1239] منابع:9/7 | BTC:$76668.0000 | USDT:228718.000 | ARB:-0.030% | فرصت:0
[1242] منابع:9/7 | BTC:$76646.0000 | USDT:228718.000 | ARB:-0.001% | فرصت:0
[1245] منابع:10/7 | BTC:$76646.0100 | USDT:228718.000 | ARB:-0.001% | فرصت:0
[1248] منابع:7/7 | BTC:$76646.0000 | USDT:— | ARB:0% | فرصت:0
[1251] منابع:9/7 | BTC:$76652.0100 | USDT:228718.000 | ARB:-0.009% | فرصت:0
[1254] منابع:9/7 | BTC:$76662.0000 | USDT:228718.000 | ARB:-0.022% | فرصت:0
[1257] منابع:9/7 | BTC:$76658.0100 | USDT:228718.000 | ARB:-0.017% | فرصت:0
[1260] منابع:9/7 | BTC:$76638.0100 | USDT:228718.000 | ARB:0.0086% | فرصت:0
[1263] منابع:10/7 | BTC:$76636.0100 | USDT:228718.000 | ARB:0.0112% | فرصت:0
[1266] منابع:9/7 | BTC:$76636.0100 | USDT:228718.000 | ARB:0.0112% | فرصت:0
[1269] منابع:9/7 | BTC:$76642.0100 | USDT:228718.000 | ARB:0.0033% | فرصت:0
[1272] منابع:9/7 | BTC:$76634.0000 | USDT:228718.000 | ARB:0.0138% | فرصت:0
[1275] منابع:9/7 | BTC:$76618.0000 | USDT:228718.000 | ARB:0.0347% | فرصت:0
[1278] منابع:9/7 | BTC:$76606.0100 | USDT:228718.000 | ARB:0.0503% | فرصت:0
[1281] منابع:9/7 | BTC:$76597.9300 | USDT:228718.000 | ARB:0.0609% | فرصت:0
[1284] منابع:8/7 | BTC:$76597.9300 | USDT:— | ARB:0% | فرصت:0
[1287] منابع:0/7 | BTC:$— | USDT:— | ARB:0% | فرصت:0
[1290] منابع:9/7 | BTC:$76603.7400 | USDT:228653.000 | ARB:0.0418% | فرصت:0
[1293] منابع:9/7 | BTC:$76604.8400 | USDT:228653.000 | ARB:0.0403% | فرصت:0
[1296] منابع:9/7 | BTC:$76604.8300 | USDT:228653.000 | ARB:0.0403% | فرصت:0
[1299] منابع:9/7 | BTC:$76604.8400 | USDT:228653.000 | ARB:0.0403% | فرصت:0
[1302] منابع:7/7 | BTC:$76604.8300 | USDT:— | ARB:0% | فرصت:0
[1305] منابع:10/7 | BTC:$76604.8400 | USDT:228653.000 | ARB:0.0403% | فرصت:0
[1308] منابع:10/7 | BTC:$76613.9100 | USDT:228653.000 | ARB:0.0285% | فرصت:0
[1311] منابع:9/7 | BTC:$76613.9000 | USDT:228653.000 | ARB:0.0285% | فرصت:0
[1314] منابع:9/7 | BTC:$76622.3300 | USDT:228653.000 | ARB:0.0175% | فرصت:0
[1317] منابع:9/7 | BTC:$76631.8300 | USDT:228653.000 | ARB:0.0051% | فرصت:0
[1320] منابع:9/7 | BTC:$76631.8300 | USDT:228653.000 | ARB:0.0051% | فرصت:0
[1323] منابع:9/7 | BTC:$76612.0000 | USDT:228653.000 | ARB:0.0310% | فرصت:0
[1326] منابع:10/7 | BTC:$76604.8400 | USDT:228653.000 | ARB:0.0403% | فرصت:0
[1329] منابع:7/7 | BTC:$76609.2200 | USDT:— | ARB:0% | فرصت:0
[1332] منابع:9/7 | BTC:$76572.4900 | USDT:228653.000 | ARB:0.0826% | فرصت:0
[1335] منابع:9/7 | BTC:$76564.6400 | USDT:228653.000 | ARB:0.0929% | فرصت:0
[1338] منابع:9/7 | BTC:$76546.0100 | USDT:228653.000 | ARB:0.1172% | فرصت:0
[1341] منابع:9/7 | BTC:$76533.2200 | USDT:228653.000 | ARB:0.1340% | فرصت:0
[1344] منابع:9/7 | BTC:$76538.6400 | USDT:228653.000 | ARB:0.1269% | فرصت:0
[1347] منابع:10/7 | BTC:$76561.8000 | USDT:228653.000 | ARB:0.0966% | فرصت:0
[1350] منابع:9/7 | BTC:$76560.4800 | USDT:228653.000 | ARB:0.0983% | فرصت:0
[1353] منابع:9/7 | BTC:$76559.3700 | USDT:228653.000 | ARB:0.0997% | فرصت:0
[1356] منابع:9/7 | BTC:$76546.4700 | USDT:228653.000 | ARB:0.1166% | فرصت:0
[1359] منابع:9/7 | BTC:$76546.4800 | USDT:228653.000 | ARB:0.1166% | فرصت:0
[1362] منابع:9/7 | BTC:$76546.4800 | USDT:228653.000 | ARB:0.1166% | فرصت:0
[1365] منابع:10/7 | BTC:$76536.0000 | USDT:228653.000 | ARB:0.1303% | فرصت:0
[1368] منابع:10/7 | BTC:$76536.0100 | USDT:228653.000 | ARB:0.1303% | فرصت:0
[1371] منابع:6/7 | BTC:$76544.0100 | USDT:— | ARB:0% | فرصت:0
[1374] منابع:9/7 | BTC:$76568.0000 | USDT:228653.000 | ARB:0.0885% | فرصت:0
[1377] منابع:9/7 | BTC:$76564.0100 | USDT:228653.000 | ARB:0.0937% | فرصت:0
[1380] منابع:9/7 | BTC:$76564.0100 | USDT:228994.000 | ARB:-0.182% | فرصت:0
[1383] منابع:10/7 | BTC:$76570.0000 | USDT:228994.000 | ARB:-0.190% | فرصت:0
[1386] منابع:10/7 | BTC:$76578.0000 | USDT:228994.000 | ARB:-0.200% | فرصت:0
[1389] منابع:9/7 | BTC:$76590.0000 | USDT:228994.000 | ARB:-0.216% | فرصت:0
[1392] منابع:9/7 | BTC:$76602.0100 | USDT:228994.000 | ARB:-0.231% | فرصت:0
[1395] منابع:9/7 | BTC:$76595.4100 | USDT:228994.000 | ARB:-0.223% | فرصت:0
[1398] منابع:9/7 | BTC:$76595.4000 | USDT:228994.000 | ARB:-0.223% | فرصت:0
[1401] منابع:9/7 | BTC:$76595.5400 | USDT:228994.000 | ARB:-0.223% | فرصت:0
[1404] منابع:10/7 | BTC:$76630.9200 | USDT:228994.000 | ARB:-0.269% | فرصت:0
[1407] منابع:9/7 | BTC:$76634.7500 | USDT:228994.000 | ARB:-0.274% | فرصت:0
[1410] منابع:9/7 | BTC:$76634.7600 | USDT:228994.000 | ARB:-0.274% | فرصت:0
[1413] منابع:0/7 | BTC:$— | USDT:— | ARB:0% | فرصت:0
[1416] منابع:9/7 | BTC:$76614.4000 | USDT:228994.000 | ARB:-0.248% | فرصت:0
[1419] منابع:9/7 | BTC:$76614.4000 | USDT:228994.000 | ARB:-0.248% | فرصت:0
[1422] منابع:10/7 | BTC:$76614.3900 | USDT:228994.000 | ARB:-0.248% | فرصت:0
[1425] منابع:10/7 | BTC:$76571.3800 | USDT:228994.000 | ARB:-0.192% | فرصت:0
[1428] منابع:9/7 | BTC:$76604.6100 | USDT:228994.000 | ARB:-0.235% | فرصت:0
[1431] منابع:9/7 | BTC:$76604.6100 | USDT:228994.000 | ARB:-0.235% | فرصت:0
[1434] منابع:9/7 | BTC:$76604.6000 | USDT:228994.000 | ARB:-0.235% | فرصت:0
[1437] منابع:9/7 | BTC:$76604.6000 | USDT:228994.000 | ARB:-0.235% | فرصت:0
[1440] منابع:9/7 | BTC:$76623.1200 | USDT:228994.000 | ARB:-0.259% | فرصت:0
[1443] منابع:10/7 | BTC:$76620.6700 | USDT:228994.000 | ARB:-0.256% | فرصت:0
[1446] منابع:9/7 | BTC:$76620.6700 | USDT:228994.000 | ARB:-0.256% | فرصت:0
[1449] منابع:9/7 | BTC:$76618.0100 | USDT:228994.000 | ARB:-0.252% | فرصت:0
[1452] منابع:9/7 | BTC:$76608.0000 | USDT:228994.000 | ARB:-0.239% | فرصت:0
[1455] منابع:4/7 | BTC:$— | USDT:— | ARB:0% | فرصت:0
[1458] منابع:9/7 | BTC:$76630.2400 | USDT:228994.000 | ARB:-0.268% | فرصت:0
[1461] منابع:10/7 | BTC:$76630.2500 | USDT:228994.000 | ARB:-0.268% | فرصت:0
[1464] منابع:9/7 | BTC:$76630.2400 | USDT:228994.000 | ARB:-0.268% | فرصت:0
[1467] منابع:9/7 | BTC:$76633.5700 | USDT:228994.000 | ARB:-0.272% | فرصت:0
[1470] منابع:9/7 | BTC:$76633.5600 | USDT:228994.000 | ARB:-0.272% | فرصت:0
[1473] منابع:9/7 | BTC:$76618.6800 | USDT:228994.000 | ARB:-0.253% | فرصت:0
[1476] منابع:9/7 | BTC:$76642.0100 | USDT:228994.000 | ARB:-0.283% | فرصت:0
[1479] منابع:10/7 | BTC:$76642.0000 | USDT:228994.000 | ARB:-0.283% | فرصت:0
[1482] منابع:10/7 | BTC:$76640.0700 | USDT:229048.000 | ARB:-0.176% | فرصت:0
[1485] منابع:9/7 | BTC:$76640.0700 | USDT:229048.000 | ARB:-0.176% | فرصت:0
[1488] منابع:9/7 | BTC:$76640.0800 | USDT:229048.000 | ARB:-0.176% | فرصت:0
[1491] منابع:9/7 | BTC:$76640.0800 | USDT:229048.000 | ARB:-0.176% | فرصت:0
[1494] منابع:9/7 | BTC:$76640.0800 | USDT:229048.000 | ARB:-0.176% | فرصت:0
[1497] منابع:6/7 | BTC:$76640.0700 | USDT:— | ARB:0% | فرصت:0
[1500] منابع:10/7 | BTC:$76661.2100 | USDT:229048.000 | ARB:-0.203% | فرصت:0
[1503] منابع:9/7 | BTC:$76661.2200 | USDT:229048.000 | ARB:-0.203% | فرصت:0
[1506] منابع:9/7 | BTC:$76661.2100 | USDT:229048.000 | ARB:-0.203% | فرصت:0
[1509] منابع:9/7 | BTC:$76661.2100 | USDT:229048.000 | ARB:-0.203% | فرصت:0
[1512] منابع:9/7 | BTC:$76661.2200 | USDT:229048.000 | ARB:-0.203% | فرصت:0
[1515] منابع:9/7 | BTC:$76661.2200 | USDT:229048.000 | ARB:-0.203% | فرصت:0
[1518] منابع:10/7 | BTC:$76661.2200 | USDT:229048.000 | ARB:-0.203% | فرصت:0
[1521] منابع:10/7 | BTC:$76661.2100 | USDT:229048.000 | ARB:-0.203% | فرصت:0
[1524] منابع:9/7 | BTC:$76661.2200 | USDT:229048.000 | ARB:-0.203% | فرصت:0
[1527] منابع:9/7 | BTC:$76661.2100 | USDT:229048.000 | ARB:-0.203% | فرصت:0
[1530] منابع:9/7 | BTC:$76661.2200 | USDT:229048.000 | ARB:-0.203% | فرصت:0
[1533] منابع:9/7 | BTC:$76661.2200 | USDT:229048.000 | ARB:-0.203% | فرصت:0
[1536] منابع:9/7 | BTC:$76666.0900 | USDT:229048.000 | ARB:-0.210% | فرصت:0
[1539] منابع:10/7 | BTC:$76666.1000 | USDT:229048.000 | ARB:-0.210% | فرصت:0
[1542] منابع:10/7 | BTC:$76666.0900 | USDT:229048.000 | ARB:-0.210% | فرصت:0
[1545] منابع:9/7 | BTC:$76666.0900 | USDT:229048.000 | ARB:-0.210% | فرصت:0
[1548] منابع:9/7 | BTC:$76666.0900 | USDT:229048.000 | ARB:-0.210% | فرصت:0
[1551] منابع:9/7 | BTC:$76662.6400 | USDT:229048.000 | ARB:-0.205% | فرصت:0
[1554] منابع:9/7 | BTC:$76652.5000 | USDT:229048.000 | ARB:-0.192% | فرصت:0
[1557] منابع:9/7 | BTC:$76652.5000 | USDT:229048.000 | ARB:-0.192% | فرصت:0
[1560] منابع:10/7 | BTC:$76652.5100 | USDT:229048.000 | ARB:-0.192% | فرصت:0
[1563] منابع:9/7 | BTC:$76652.5000 | USDT:229048.000 | ARB:-0.192% | فرصت:0
[1566] منابع:9/7 | BTC:$76652.5100 | USDT:229048.000 | ARB:-0.192% | فرصت:0
[1569] منابع:8/7 | BTC:$76652.5000 | USDT:229048.000 | ARB:-0.192% | فرصت:0
[1572] منابع:9/7 | BTC:$76658.0100 | USDT:229048.000 | ARB:-0.199% | فرصت:0
[1575] منابع:9/7 | BTC:$76665.7700 | USDT:229048.000 | ARB:-0.209% | فرصت:0
[1578] منابع:8/7 | BTC:$76665.7600 | USDT:— | ARB:0% | فرصت:0
[1581] منابع:7/7 | BTC:$76665.7600 | USDT:— | ARB:0% | فرصت:0
[1584] منابع:9/7 | BTC:$76665.7600 | USDT:230090.000 | ARB:-0.228% | فرصت:0
[1587] منابع:9/7 | BTC:$76665.7600 | USDT:230090.000 | ARB:-0.228% | فرصت:0
[1590] منابع:9/7 | BTC:$76658.1000 | USDT:230090.000 | ARB:-0.218% | فرصت:0
[1593] منابع:9/7 | BTC:$76658.1000 | USDT:230090.000 | ARB:-0.218% | فرصت:0
[1596] منابع:9/7 | BTC:$76658.0900 | USDT:230090.000 | ARB:-0.218% | فرصت:0
[1599] منابع:10/7 | BTC:$76658.0900 | USDT:230090.000 | ARB:-0.218% | فرصت:0
[1602] منابع:9/7 | BTC:$76658.1000 | USDT:230090.000 | ARB:-0.218% | فرصت:0
[1605] منابع:9/7 | BTC:$76658.1000 | USDT:230090.000 | ARB:-0.218% | فرصت:0
[1608] منابع:9/7 | BTC:$76660.0100 | USDT:230090.000 | ARB:-0.221% | فرصت:0
[1611] منابع:9/7 | BTC:$76661.4300 | USDT:230090.000 | ARB:-0.223% | فرصت:0
[1614] منابع:9/7 | BTC:$76661.0000 | USDT:230090.000 | ARB:-0.222% | فرصت:0
[1617] منابع:10/7 | BTC:$76658.0900 | USDT:230090.000 | ARB:-0.218% | فرصت:0
[1620] منابع:10/7 | BTC:$76658.1000 | USDT:230090.000 | ARB:-0.218% | فرصت:0
[1623] منابع:7/7 | BTC:$76658.1000 | USDT:— | ARB:0% | فرصت:0
[1626] منابع:9/7 | BTC:$76658.9600 | USDT:230090.000 | ARB:-0.220% | فرصت:0
[1629] منابع:9/7 | BTC:$76659.3300 | USDT:230090.000 | ARB:-0.220% | فرصت:0
[1632] منابع:9/7 | BTC:$76669.6100 | USDT:230090.000 | ARB:-0.233% | فرصت:0
[1635] منابع:9/7 | BTC:$76669.6200 | USDT:230090.000 | ARB:-0.233% | فرصت:0
[1638] منابع:10/7 | BTC:$76678.0100 | USDT:230090.000 | ARB:-0.244% | فرصت:0
[1641] منابع:9/7 | BTC:$76692.0100 | USDT:230090.000 | ARB:-0.263% | فرصت:0
[1644] منابع:9/7 | BTC:$76692.0000 | USDT:230090.000 | ARB:-0.262% | فرصت:0
[1647] منابع:9/7 | BTC:$76692.0100 | USDT:230090.000 | ARB:-0.263% | فرصت:0
[1650] منابع:9/7 | BTC:$76701.6700 | USDT:230090.000 | ARB:-0.275% | فرصت:0
[1653] منابع:9/7 | BTC:$76701.6600 | USDT:230090.000 | ARB:-0.275% | فرصت:0
[1656] منابع:10/7 | BTC:$76728.1500 | USDT:230090.000 | ARB:-0.309% | فرصت:3
[1659] منابع:10/7 | BTC:$76718.0000 | USDT:230090.000 | ARB:-0.296% | فرصت:4
[1662] منابع:9/7 | BTC:$76728.1400 | USDT:230090.000 | ARB:-0.309% | فرصت:5
[1665] منابع:9/7 | BTC:$76728.1500 | USDT:230090.000 | ARB:-0.309% | فرصت:8
[1668] منابع:9/7 | BTC:$76728.1500 | USDT:230090.000 | ARB:-0.309% | فرصت:10
[1671] منابع:9/7 | BTC:$76737.9800 | USDT:230090.000 | ARB:-0.322% | فرصت:13
[1674] منابع:10/7 | BTC:$76744.0100 | USDT:230090.000 | ARB:-0.330% | فرصت:16
[1677] منابع:10/7 | BTC:$76744.0000 | USDT:230386.000 | ARB:-0.329% | فرصت:19
[1680] منابع:9/7 | BTC:$76736.0100 | USDT:230386.000 | ARB:-0.318% | فرصت:22
[1683] منابع:9/7 | BTC:$76736.0000 | USDT:230386.000 | ARB:-0.318% | فرصت:25
[1686] منابع:9/7 | BTC:$76736.0100 | USDT:230386.000 | ARB:-0.318% | فرصت:28
[1689] منابع:9/7 | BTC:$76736.0100 | USDT:230386.000 | ARB:-0.318% | فرصت:31
[1692] منابع:9/7 | BTC:$76750.5100 | USDT:230386.000 | ARB:-0.337% | فرصت:34
[1695] منابع:10/7 | BTC:$76758.0000 | USDT:230386.000 | ARB:-0.347% | فرصت:37
[1698] منابع:9/7 | BTC:$76758.0100 | USDT:230386.000 | ARB:-0.347% | فرصت:40
[1701] منابع:9/7 | BTC:$76758.0000 | USDT:230386.000 | ARB:-0.347% | فرصت:43
[1704] منابع:6/7 | BTC:$76760.0100 | USDT:— | ARB:0% | فرصت:45
[1707] منابع:9/7 | BTC:$76763.2100 | USDT:230386.000 | ARB:-0.354% | فرصت:47
[1710] منابع:10/7 | BTC:$76763.2000 | USDT:230386.000 | ARB:-0.354% | فرصت:50
[1713] منابع:10/7 | BTC:$76763.2100 | USDT:230386.000 | ARB:-0.354% | فرصت:53
[1716] منابع:9/7 | BTC:$76763.2100 | USDT:230386.000 | ARB:-0.354% | فرصت:56
[1719] منابع:9/7 | BTC:$76769.9900 | USDT:230386.000 | ARB:-0.362% | فرصت:59
[1722] منابع:9/7 | BTC:$76777.3700 | USDT:230386.000 | ARB:-0.372% | فرصت:62
[1725] منابع:9/7 | BTC:$76789.2800 | USDT:230386.000 | ARB:-0.387% | فرصت:65
[1728] منابع:9/7 | BTC:$76789.2700 | USDT:230386.000 | ARB:-0.387% | فرصت:68
[1731] منابع:10/7 | BTC:$76796.0100 | USDT:230386.000 | ARB:-0.396% | فرصت:71
[1734] منابع:10/7 | BTC:$76796.0000 | USDT:230386.000 | ARB:-0.396% | فرصت:74
[1737] منابع:9/7 | BTC:$76796.0100 | USDT:230386.000 | ARB:-0.396% | فرصت:77
[1740] منابع:6/7 | BTC:$76780.6400 | USDT:— | ARB:0% | فرصت:79
[1743] منابع:9/7 | BTC:$76776.0100 | USDT:230386.000 | ARB:-0.370% | فرصت:81
[1746] منابع:9/7 | BTC:$76776.0100 | USDT:230386.000 | ARB:-0.370% | فرصت:84
[1749] منابع:10/7 | BTC:$76776.0100 | USDT:230386.000 | ARB:-0.370% | فرصت:87
[1752] منابع:10/7 | BTC:$76776.0000 | USDT:230386.000 | ARB:-0.370% | فرصت:90
[1755] منابع:9/7 | BTC:$76770.0900 | USDT:230386.000 | ARB:-0.363% | فرصت:93
[1758] منابع:9/7 | BTC:$76770.0900 | USDT:230386.000 | ARB:-0.363% | فرصت:95
[1761] منابع:9/7 | BTC:$76770.1000 | USDT:230386.000 | ARB:-0.363% | فرصت:98
[1764] منابع:9/7 | BTC:$76770.1000 | USDT:230386.000 | ARB:-0.363% | فرصت:101
[1767] منابع:9/7 | BTC:$76776.0100 | USDT:230386.000 | ARB:-0.370% | فرصت:104
[1770] منابع:10/7 | BTC:$76776.0100 | USDT:230386.000 | ARB:-0.370% | فرصت:105
[1773] منابع:10/7 | BTC:$76776.0100 | USDT:230268.000 | ARB:0.0488% | فرصت:105
[1776] منابع:9/7 | BTC:$76776.0000 | USDT:230268.000 | ARB:0.0488% | فرصت:105
[1779] منابع:9/7 | BTC:$76776.0100 | USDT:230268.000 | ARB:0.0488% | فرصت:105
[1782] منابع:8/7 | BTC:$76776.0000 | USDT:230268.000 | ARB:0.0488% | فرصت:105
[1785] منابع:9/7 | BTC:$76776.0000 | USDT:230268.000 | ARB:0.0488% | فرصت:105
[1788] منابع:9/7 | BTC:$76778.8100 | USDT:230268.000 | ARB:0.0451% | فرصت:105
[1791] منابع:10/7 | BTC:$76785.8900 | USDT:230268.000 | ARB:0.0359% | فرصت:105
[1794] منابع:9/7 | BTC:$76785.8900 | USDT:230268.000 | ARB:0.0359% | فرصت:105
[1797] منابع:9/7 | BTC:$76780.5000 | USDT:230268.000 | ARB:0.0429% | فرصت:105
[1800] منابع:9/7 | BTC:$76780.5000 | USDT:230268.000 | ARB:0.0429% | فرصت:105
[1803] منابع:9/7 | BTC:$76780.5000 | USDT:230268.000 | ARB:0.0429% | فرصت:105
[1806] منابع:9/7 | BTC:$76780.5000 | USDT:230268.000 | ARB:0.0429% | فرصت:105
[1809] منابع:10/7 | BTC:$76780.4900 | USDT:230268.000 | ARB:0.0429% | فرصت:105
[1812] منابع:10/7 | BTC:$76780.4900 | USDT:230268.000 | ARB:0.0429% | فرصت:105
[1815] منابع:6/7 | BTC:$76758.0200 | USDT:— | ARB:0% | فرصت:105
[1818] منابع:9/7 | BTC:$76758.0100 | USDT:230268.000 | ARB:0.0722% | فرصت:105
[1821] منابع:9/7 | BTC:$76758.0200 | USDT:230268.000 | ARB:0.0722% | فرصت:105
[1824] منابع:9/7 | BTC:$76758.0200 | USDT:230268.000 | ARB:0.0722% | فرصت:105
[1827] منابع:10/7 | BTC:$76758.0200 | USDT:230268.000 | ARB:0.0722% | فرصت:105
[1830] منابع:10/7 | BTC:$76758.0200 | USDT:230268.000 | ARB:0.0722% | فرصت:105
[1833] منابع:9/7 | BTC:$76758.0200 | USDT:230268.000 | ARB:0.0722% | فرصت:105
[1836] منابع:9/7 | BTC:$76770.0000 | USDT:230268.000 | ARB:0.0566% | فرصت:105
[1839] منابع:9/7 | BTC:$76770.0100 | USDT:230268.000 | ARB:0.0566% | فرصت:105
[1842] منابع:9/7 | BTC:$76770.0100 | USDT:230268.000 | ARB:0.0566% | فرصت:105
[1845] منابع:9/7 | BTC:$76771.1700 | USDT:230268.000 | ARB:0.0551% | فرصت:105
[1848] منابع:10/7 | BTC:$76771.1700 | USDT:230268.000 | ARB:0.0551% | فرصت:105
[1851] منابع:7/7 | BTC:$76771.1700 | USDT:— | ARB:0% | فرصت:105
[1854] منابع:4/7 | BTC:$— | USDT:230268.000 | ARB:0% | فرصت:105
[1857] منابع:7/7 | BTC:$76791.0400 | USDT:— | ARB:0% | فرصت:105
[1860] منابع:8/7 | BTC:$76791.0400 | USDT:230268.000 | ARB:0.0292% | فرصت:105
[1863] منابع:10/7 | BTC:$76790.0000 | USDT:230331.000 | ARB:0.0032% | فرصت:105
[1866] منابع:10/7 | BTC:$76790.0100 | USDT:230331.000 | ARB:0.0032% | فرصت:105
[1869] منابع:9/7 | BTC:$76790.0100 | USDT:230331.000 | ARB:0.0032% | فرصت:105
[1872] منابع:9/7 | BTC:$76790.0100 | USDT:230331.000 | ARB:0.0032% | فرصت:105
[1875] منابع:9/7 | BTC:$76791.0400 | USDT:230331.000 | ARB:0.0018% | فرصت:105
[1878] منابع:9/7 | BTC:$76799.9900 | USDT:230331.000 | ARB:-0.009% | فرصت:105
[1881] منابع:10/7 | BTC:$76798.0000 | USDT:230331.000 | ARB:-0.007% | فرصت:105
[1884] منابع:8/7 | BTC:$76796.0100 | USDT:— | ARB:0% | فرصت:105
[1887] منابع:7/7 | BTC:$76788.3300 | USDT:— | ARB:0% | فرصت:105
[1890] منابع:9/7 | BTC:$76788.3200 | USDT:230331.000 | ARB:0.0054% | فرصت:105
[1893] منابع:9/7 | BTC:$76791.1800 | USDT:230331.000 | ARB:0.0016% | فرصت:105
[1896] منابع:9/7 | BTC:$76791.1800 | USDT:230331.000 | ARB:0.0016% | فرصت:105
[1899] منابع:9/7 | BTC:$76791.1800 | USDT:230331.000 | ARB:0.0016% | فرصت:105
[1902] منابع:10/7 | BTC:$76791.1800 | USDT:230331.000 | ARB:0.0016% | فرصت:105
[1905] منابع:10/7 | BTC:$76791.1700 | USDT:230331.000 | ARB:0.0017% | فرصت:105
[1908] منابع:0/7 | BTC:$— | USDT:— | ARB:0% | فرصت:105
[1911] منابع:0/7 | BTC:$— | USDT:— | ARB:0% | فرصت:105
[1914] منابع:0/7 | BTC:$— | USDT:— | ARB:0% | فرصت:105
[1917] منابع:0/7 | BTC:$— | USDT:— | ARB:0% | فرصت:105
[1920] منابع:10/7 | BTC:$76792.0100 | USDT:230331.000 | ARB:0.0006% | فرصت:105
[1923] منابع:10/7 | BTC:$76792.0100 | USDT:230331.000 | ARB:0.0006% | فرصت:105
[1926] منابع:7/7 | BTC:$76792.0100 | USDT:— | ARB:0% | فرصت:105
[1929] منابع:9/7 | BTC:$76792.0100 | USDT:230331.000 | ARB:0.0006% | فرصت:105
[1932] منابع:9/7 | BTC:$76788.0100 | USDT:230331.000 | ARB:0.0058% | فرصت:105
[1935] منابع:9/7 | BTC:$76788.0000 | USDT:230331.000 | ARB:0.0058% | فرصت:105
[1938] منابع:10/7 | BTC:$76764.6200 | USDT:230331.000 | ARB:0.0362% | فرصت:105
[1941] منابع:10/7 | BTC:$76765.8600 | USDT:230331.000 | ARB:0.0346% | فرصت:105
[1944] منابع:9/7 | BTC:$76765.8600 | USDT:230331.000 | ARB:0.0346% | فرصت:105
[1947] منابع:9/7 | BTC:$76765.8500 | USDT:230253.000 | ARB:0.0685% | فرصت:105
[1950] منابع:9/7 | BTC:$76765.8600 | USDT:230253.000 | ARB:0.0685% | فرصت:105
[1953] منابع:0/7 | BTC:$— | USDT:— | ARB:0% | فرصت:105
[1956] منابع:9/7 | BTC:$76764.7500 | USDT:230253.000 | ARB:0.0700% | فرصت:105
[1959] منابع:8/7 | BTC:$76764.7400 | USDT:— | ARB:0% | فرصت:105
[1962] منابع:9/7 | BTC:$76773.9800 | USDT:230253.000 | ARB:0.0579% | فرصت:105
[1965] منابع:9/7 | BTC:$76777.2600 | USDT:230253.000 | ARB:0.0537% | فرصت:105
[1968] منابع:9/7 | BTC:$76779.0700 | USDT:230253.000 | ARB:0.0513% | فرصت:105
[1971] منابع:9/7 | BTC:$76779.0700 | USDT:230253.000 | ARB:0.0513% | فرصت:105
[1974] منابع:0/7 | BTC:$— | USDT:— | ARB:0% | فرصت:105
[1977] منابع:3/7 | BTC:$76779.2400 | USDT:— | ARB:0% | فرصت:105
[1980] منابع:4/7 | BTC:$— | USDT:— | ARB:0% | فرصت:105
[1983] منابع:0/7 | BTC:$— | USDT:— | ARB:0% | فرصت:105
[1986] منابع:0/7 | BTC:$— | USDT:— | ARB:0% | فرصت:105
[1989] منابع:8/7 | BTC:$76774.0100 | USDT:— | ARB:0% | فرصت:105
[1992] منابع:8/7 | BTC:$76774.0000 | USDT:— | ARB:0% | فرصت:105
[1995] منابع:9/7 | BTC:$76774.0000 | USDT:230253.000 | ARB:0.0579% | فرصت:105
[1998] منابع:9/7 | BTC:$76774.0000 | USDT:230253.000 | ARB:0.0579% | فرصت:105
[2001] منابع:9/7 | BTC:$76774.0000 | USDT:230253.000 | ARB:0.0579% | فرصت:105
[2004] منابع:9/7 | BTC:$76772.0000 | USDT:230253.000 | ARB:0.0605% | فرصت:105
[2007] منابع:10/7 | BTC:$76770.0100 | USDT:230253.000 | ARB:0.0631% | فرصت:105
[2010] منابع:10/7 | BTC:$76770.0100 | USDT:230253.000 | ARB:0.0631% | فرصت:105
[2013] منابع:8/7 | BTC:$76770.0100 | USDT:230253.000 | ARB:0.0631% | فرصت:105
[2016] منابع:6/7 | BTC:$76770.0100 | USDT:— | ARB:0% | فرصت:105
[2019] منابع:7/7 | BTC:$76766.5500 | USDT:— | ARB:0% | فرصت:105
[2022] منابع:9/7 | BTC:$76760.0000 | USDT:230253.000 | ARB:0.0762% | فرصت:105
[2025] منابع:10/7 | BTC:$76760.0000 | USDT:230253.000 | ARB:0.0762% | فرصت:105
[2028] منابع:10/7 | BTC:$76760.0000 | USDT:229981.000 | ARB:0.0455% | فرصت:105
[2031] منابع:9/7 | BTC:$76760.0000 | USDT:229981.000 | ARB:0.0455% | فرصت:105
[2034] منابع:9/7 | BTC:$76760.0000 | USDT:229981.000 | ARB:0.0455% | فرصت:105
[2037] منابع:9/7 | BTC:$76766.0100 | USDT:229981.000 | ARB:0.0377% | فرصت:105
[2040] منابع:9/7 | BTC:$76778.8000 | USDT:229981.000 | ARB:0.0210% | فرصت:105
[2043] منابع:10/7 | BTC:$76778.8000 | USDT:229981.000 | ARB:0.0210% | فرصت:105
[2046] منابع:8/7 | BTC:$76771.3100 | USDT:— | ARB:0% | فرصت:105
[2049] منابع:9/7 | BTC:$76771.3100 | USDT:229981.000 | ARB:0.0308% | فرصت:105
[2052] منابع:3/7 | BTC:$76773.5400 | USDT:— | ARB:0% | فرصت:105
[2055] منابع:0/7 | BTC:$— | USDT:— | ARB:0% | فرصت:105
[2058] منابع:3/7 | BTC:$— | USDT:— | ARB:0% | فرصت:105
[2061] منابع:10/7 | BTC:$76778.7800 | USDT:229981.000 | ARB:0.0211% | فرصت:105
[2064] منابع:10/7 | BTC:$76774.1200 | USDT:229981.000 | ARB:0.0271% | فرصت:105
[2067] منابع:9/7 | BTC:$76774.1300 | USDT:229981.000 | ARB:0.0271% | فرصت:105
[2070] منابع:9/7 | BTC:$76774.1200 | USDT:229981.000 | ARB:0.0271% | فرصت:105
[2073] منابع:9/7 | BTC:$76774.1200 | USDT:229981.000 | ARB:0.0271% | فرصت:105
[2076] منابع:9/7 | BTC:$76774.1200 | USDT:229981.000 | ARB:0.0271% | فرصت:105
[2079] منابع:10/7 | BTC:$76774.1300 | USDT:229981.000 | ARB:0.0271% | فرصت:105
[2082] منابع:0/7 | BTC:$— | USDT:— | ARB:0% | فرصت:105
[2085] منابع:0/7 | BTC:$— | USDT:— | ARB:0% | فرصت:105
[2088] منابع:0/7 | BTC:$— | USDT:— | ARB:0% | فرصت:105
[2091] منابع:0/7 | BTC:$— | USDT:— | ARB:0% | فرصت:105
[2094] منابع:8/7 | BTC:$76783.0000 | USDT:— | ARB:0% | فرصت:105
[2097] منابع:9/7 | BTC:$76783.0000 | USDT:229981.000 | ARB:0.0156% | فرصت:105
[2100] منابع:9/7 | BTC:$76783.0000 | USDT:229981.000 | ARB:0.0156% | فرصت:105
[2103] منابع:9/7 | BTC:$76782.9900 | USDT:229981.000 | ARB:0.0156% | فرصت:105
[2106] منابع:9/7 | BTC:$76784.0100 | USDT:229981.000 | ARB:0.0143% | فرصت:105
[2109] منابع:9/7 | BTC:$76792.3200 | USDT:229981.000 | ARB:0.0034% | فرصت:105
[2112] منابع:10/7 | BTC:$76802.5000 | USDT:229981.000 | ARB:-0.009% | فرصت:105
[2115] منابع:10/7 | BTC:$76802.5000 | USDT:229918.000 | ARB:-0.200% | فرصت:105
[2118] منابع:9/7 | BTC:$76802.5100 | USDT:229918.000 | ARB:-0.200% | فرصت:105
[2121] منابع:9/7 | BTC:$76808.0100 | USDT:229918.000 | ARB:-0.208% | فرصت:105
[2124] منابع:9/7 | BTC:$76808.0100 | USDT:229918.000 | ARB:-0.208% | فرصت:105
[2127] منابع:9/7 | BTC:$76808.0100 | USDT:229918.000 | ARB:-0.208% | فرصت:105
[2130] منابع:10/7 | BTC:$76805.5500 | USDT:229918.000 | ARB:-0.204% | فرصت:105
[2133] منابع:9/7 | BTC:$76805.5400 | USDT:229918.000 | ARB:-0.204% | فرصت:105
[2136] منابع:9/7 | BTC:$76805.5500 | USDT:229918.000 | ARB:-0.204% | فرصت:105
[2139] منابع:9/7 | BTC:$76805.5400 | USDT:229918.000 | ARB:-0.204% | فرصت:105
[2142] منابع:9/7 | BTC:$76805.5500 | USDT:229918.000 | ARB:-0.204% | فرصت:105
[2145] منابع:9/7 | BTC:$76804.0000 | USDT:229918.000 | ARB:-0.202% | فرصت:105
[2148] منابع:10/7 | BTC:$76802.0000 | USDT:229918.000 | ARB:-0.200% | فرصت:105
[2151] منابع:10/7 | BTC:$76802.0100 | USDT:229918.000 | ARB:-0.200% | فرصت:105
[2154] منابع:9/7 | BTC:$76802.0100 | USDT:229918.000 | ARB:-0.200% | فرصت:105
[2157] منابع:9/7 | BTC:$76802.0000 | USDT:229918.000 | ARB:-0.200% | فرصت:105
[2160] منابع:0/7 | BTC:$— | USDT:— | ARB:0% | فرصت:105
[2163] منابع:4/7 | BTC:$76774 | USDT:— | ARB:0% | فرصت:105
[2166] منابع:7/7 | BTC:$76853.0900 | USDT:— | ARB:0% | فرصت:105
[2169] منابع:9/7 | BTC:$76832.8500 | USDT:229918.000 | ARB:-0.240% | فرصت:105
[2172] منابع:9/7 | BTC:$76832.8500 | USDT:229918.000 | ARB:-0.240% | فرصت:105
[2175] منابع:9/7 | BTC:$76842.7700 | USDT:229918.000 | ARB:-0.253% | فرصت:105
[2178] منابع:9/7 | BTC:$76842.7700 | USDT:229918.000 | ARB:-0.253% | فرصت:105
[2181] منابع:9/7 | BTC:$76842.7600 | USDT:229918.000 | ARB:-0.253% | فرصت:105
[2184] منابع:10/7 | BTC:$76842.7600 | USDT:229918.000 | ARB:-0.253% | فرصت:105
[2187] منابع:0/7 | BTC:$— | USDT:— | ARB:0% | فرصت:105
[2190] منابع:0/7 | BTC:$— | USDT:— | ARB:0% | فرصت:105
[2193] منابع:0/7 | BTC:$— | USDT:— | ARB:0% | فرصت:105
[2196] منابع:0/7 | BTC:$— | USDT:— | ARB:0% | فرصت:105
[2199] منابع:0/7 | BTC:$— | USDT:— | ARB:0% | فرصت:105
[2202] منابع:0/7 | BTC:$— | USDT:— | ARB:0% | فرصت:105
[2205] منابع:0/7 | BTC:$— | USDT:— | ARB:0% | فرصت:105
[2208] منابع:0/7 | BTC:$— | USDT:— | ARB:0% | فرصت:105
[2211] منابع:0/7 | BTC:$— | USDT:— | ARB:0% | فرصت:105
[2214] منابع:1/7 | BTC:$76834.9500 | USDT:— | ARB:0% | فرصت:105
[2217] منابع:0/7 | BTC:$— | USDT:— | ARB:0% | فرصت:105
[2220] منابع:0/7 | BTC:$— | USDT:— | ARB:0% | فرصت:105
[2223] منابع:0/7 | BTC:$— | USDT:— | ARB:0% | فرصت:105
[2226] منابع:0/7 | BTC:$— | USDT:— | ARB:0% | فرصت:105
[2229] منابع:0/7 | BTC:$— | USDT:— | ARB:0% | فرصت:105
[2232] منابع:0/7 | BTC:$— | USDT:— | ARB:0% | فرصت:105
[2235] منابع:0/7 | BTC:$— | USDT:— | ARB:0% | فرصت:105
[2238] منابع:0/7 | BTC:$— | USDT:— | ARB:0% | فرصت:105
[2241] منابع:5/7 | BTC:$76805 | USDT:— | ARB:0% | فرصت:105
[2244] منابع:3/7 | BTC:$76845.3300 | USDT:— | ARB:0% | فرصت:105
[2247] منابع:0/7 | BTC:$— | USDT:— | ARB:0% | فرصت:105
[2250] منابع:0/7 | BTC:$— | USDT:— | ARB:0% | فرصت:105
[2253] منابع:6/7 | BTC:$76845.3200 | USDT:— | ARB:0% | فرصت:105
[2256] منابع:0/7 | BTC:$— | USDT:— | ARB:0% | فرصت:105
[2259] منابع:0/7 | BTC:$— | USDT:— | ARB:0% | فرصت:105
[2262] منابع:0/7 | BTC:$— | USDT:— | ARB:0% | فرصت:105
[2265] منابع:0/7 | BTC:$— | USDT:— | ARB:0% | فرصت:105
[2268] منابع:0/7 | BTC:$— | USDT:— | ARB:0% | فرصت:105
[2271] منابع:2/7 | BTC:$76851.2500 | USDT:— | ARB:0% | فرصت:105
[2274] منابع:0/7 | BTC:$— | USDT:— | ARB:0% | فرصت:105
[2277] منابع:3/7 | BTC:$76851.2400 | USDT:— | ARB:0% | فرصت:105
[2280] منابع:6/7 | BTC:$76851.2400 | USDT:— | ARB:0% | فرصت:105
[2283] منابع:10/7 | BTC:$76851.2500 | USDT:229751.000 | ARB:-0.193% | فرصت:105
[2286] منابع:9/7 | BTC:$76843.5600 | USDT:229751.000 | ARB:-0.183% | فرصت:105
[2289] منابع:9/7 | BTC:$76843.5600 | USDT:229751.000 | ARB:-0.183% | فرصت:105
[2292] منابع:9/7 | BTC:$76843.5500 | USDT:229751.000 | ARB:-0.183% | فرصت:105
[2295] منابع:9/7 | BTC:$76843.5500 | USDT:229751.000 | ARB:-0.183% | فرصت:105
[2298] منابع:8/7 | BTC:$76843.5500 | USDT:— | ARB:0% | فرصت:105
[2301] منابع:10/7 | BTC:$76843.5600 | USDT:229751.000 | ARB:-0.183% | فرصت:105
[2304] منابع:9/7 | BTC:$76843.5500 | USDT:229751.000 | ARB:-0.183% | فرصت:105
[2307] منابع:9/7 | BTC:$76843.5500 | USDT:229751.000 | ARB:-0.183% | فرصت:105
[2310] منابع:7/7 | BTC:$76835.8600 | USDT:— | ARB:0% | فرصت:105
[2313] منابع:7/7 | BTC:$76834.0100 | USDT:— | ARB:0% | فرصت:105
[2316] منابع:9/7 | BTC:$76834.0100 | USDT:229751.000 | ARB:-0.170% | فرصت:105
[2319] منابع:10/7 | BTC:$76834.0100 | USDT:229751.000 | ARB:-0.170% | فرصت:105
[2322] منابع:9/7 | BTC:$76839.6300 | USDT:229751.000 | ARB:-0.178% | فرصت:105
[2325] منابع:8/7 | BTC:$76840.0100 | USDT:229751.000 | ARB:-0.178% | فرصت:105
[2328] منابع:9/7 | BTC:$76826.3900 | USDT:229751.000 | ARB:-0.160% | فرصت:105
[2331] منابع:9/7 | BTC:$76825.8800 | USDT:229751.000 | ARB:-0.160% | فرصت:105
[2334] منابع:9/7 | BTC:$76825.8800 | USDT:229751.000 | ARB:-0.160% | فرصت:105
[2337] منابع:10/7 | BTC:$76815.7200 | USDT:229751.000 | ARB:-0.147% | فرصت:105
[2340] منابع:10/7 | BTC:$76806.7900 | USDT:229751.000 | ARB:-0.135% | فرصت:105
[2343] منابع:10/7 | BTC:$76806.7900 | USDT:229751.000 | ARB:-0.135% | فرصت:105
[2346] منابع:7/7 | BTC:$76806.7900 | USDT:— | ARB:0% | فرصت:105
[2349] منابع:9/7 | BTC:$76806.7900 | USDT:229751.000 | ARB:-0.135% | فرصت:105
[2352] منابع:9/7 | BTC:$76806.7800 | USDT:229751.000 | ARB:-0.135% | فرصت:105
[2355] منابع:7/7 | BTC:$76806.7900 | USDT:— | ARB:0% | فرصت:105
[2358] منابع:9/7 | BTC:$76806.7800 | USDT:229600.000 | ARB:-0.054% | فرصت:105
[2361] منابع:10/7 | BTC:$76800.8400 | USDT:229600.000 | ARB:-0.046% | فرصت:105
[2364] منابع:9/7 | BTC:$76800.8500 | USDT:229600.000 | ARB:-0.046% | فرصت:105
[2367] منابع:9/7 | BTC:$76800.8500 | USDT:229600.000 | ARB:-0.046% | فرصت:105
[2370] منابع:7/7 | BTC:$76800.8500 | USDT:— | ARB:0% | فرصت:105
[2373] منابع:7/7 | BTC:$76800.8500 | USDT:— | ARB:0% | فرصت:105
[2376] منابع:9/7 | BTC:$76800.8500 | USDT:229600.000 | ARB:-0.046% | فرصت:105
[2379] منابع:10/7 | BTC:$76786.4900 | USDT:229600.000 | ARB:-0.027% | فرصت:105
[2382] منابع:8/7 | BTC:$76788.0000 | USDT:— | ARB:0% | فرصت:105
[2385] منابع:9/7 | BTC:$76794.0000 | USDT:229600.000 | ARB:-0.037% | فرصت:105
[2388] منابع:9/7 | BTC:$76801.2400 | USDT:229600.000 | ARB:-0.046% | فرصت:105
[2391] منابع:9/7 | BTC:$76801.2400 | USDT:229600.000 | ARB:-0.046% | فرصت:105
[2394] منابع:9/7 | BTC:$76801.2500 | USDT:229600.000 | ARB:-0.046% | فرصت:105
[2397] منابع:10/7 | BTC:$76801.2400 | USDT:229600.000 | ARB:-0.046% | فرصت:105
[2400] منابع:10/7 | BTC:$76800.8500 | USDT:229600.000 | ARB:-0.046% | فرصت:105
[2403] منابع:9/7 | BTC:$76800.8600 | USDT:229600.000 | ARB:-0.046% | فرصت:105
[2406] منابع:9/7 | BTC:$76800.8500 | USDT:229600.000 | ARB:-0.046% | فرصت:105
[2409] منابع:9/7 | BTC:$76776.0000 | USDT:229600.000 | ARB:-0.014% | فرصت:105
[2412] منابع:9/7 | BTC:$76776.0100 | USDT:229600.000 | ARB:-0.014% | فرصت:105
[2415] منابع:9/7 | BTC:$76776.0000 | USDT:229600.000 | ARB:-0.014% | فرصت:105
[2418] منابع:10/7 | BTC:$76760.0000 | USDT:229600.000 | ARB:0.0067% | فرصت:105
[2421] منابع:7/7 | BTC:$76760.0100 | USDT:— | ARB:0% | فرصت:105
[2424] منابع:9/7 | BTC:$76750.8300 | USDT:229600.000 | ARB:0.0187% | فرصت:105
[2427] منابع:9/7 | BTC:$76758.0100 | USDT:229600.000 | ARB:0.0093% | فرصت:105
[2430] منابع:9/7 | BTC:$76758.0000 | USDT:229600.000 | ARB:0.0093% | فرصت:105
[2433] منابع:0/7 | BTC:$— | USDT:— | ARB:0% | فرصت:105
[2436] منابع:0/7 | BTC:$— | USDT:— | ARB:0% | فرصت:105
[2439] منابع:10/7 | BTC:$76758.0100 | USDT:229600.000 | ARB:0.0093% | فرصت:105
[2442] منابع:8/7 | BTC:$76760.0000 | USDT:229600.000 | ARB:0.0067% | فرصت:105
[2445] منابع:7/7 | BTC:$76762.2400 | USDT:— | ARB:0% | فرصت:105
[2448] منابع:7/7 | BTC:$76788.0300 | USDT:— | ARB:0% | فرصت:105
[2451] منابع:0/7 | BTC:$— | USDT:— | ARB:0% | فرصت:105
[2454] منابع:7/7 | BTC:$76774.1500 | USDT:— | ARB:0% | فرصت:105
[2457] منابع:9/7 | BTC:$76755.6700 | USDT:229801.000 | ARB:0.0933% | فرصت:105
[2460] منابع:0/7 | BTC:$— | USDT:— | ARB:0% | فرصت:105
[2463] منابع:6/7 | BTC:$76743.8300 | USDT:— | ARB:0% | فرصت:105
[2466] منابع:5/7 | BTC:$76722.0000 | USDT:— | ARB:0% | فرصت:105
[2469] منابع:8/7 | BTC:$76730.0000 | USDT:— | ARB:0% | فرصت:105
[2472] منابع:9/7 | BTC:$76743 | USDT:229801.000 | ARB:0% | فرصت:105
[2475] منابع:7/7 | BTC:$76738.6900 | USDT:— | ARB:0% | فرصت:105
[2478] منابع:9/7 | BTC:$76757.9800 | USDT:229801.000 | ARB:0.0903% | فرصت:105
[2481] منابع:7/7 | BTC:$76757.9900 | USDT:— | ARB:0% | فرصت:105
[2484] منابع:9/7 | BTC:$76757.9900 | USDT:229801.000 | ARB:0.0903% | فرصت:105
[2487] منابع:9/7 | BTC:$76743 | USDT:229801.000 | ARB:0% | فرصت:105
[2490] منابع:10/7 | BTC:$76748.0100 | USDT:229801.000 | ARB:0.1033% | فرصت:105
[2493] منابع:9/7 | BTC:$76748.0100 | USDT:229801.000 | ARB:0.1033% | فرصت:105
[2496] منابع:9/7 | BTC:$76748.0000 | USDT:229801.000 | ARB:0.1033% | فرصت:105
[2499] منابع:7/7 | BTC:$76748.0100 | USDT:— | ARB:0% | فرصت:105
[2502] منابع:1/7 | BTC:$— | USDT:— | ARB:0% | فرصت:105
[2505] منابع:0/7 | BTC:$— | USDT:— | ARB:0% | فرصت:105
[2508] منابع:1/7 | BTC:$76731 | USDT:— | ARB:0% | فرصت:105
[2511] منابع:4/7 | BTC:$— | USDT:— | ARB:0% | فرصت:105
[2514] منابع:0/7 | BTC:$— | USDT:— | ARB:0% | فرصت:105
[2517] منابع:2/7 | BTC:$76718.0000 | USDT:— | ARB:0% | فرصت:105
[2520] منابع:0/7 | BTC:$— | USDT:— | ARB:0% | فرصت:105
[2523] منابع:6/7 | BTC:$76717 | USDT:— | ARB:0% | فرصت:105
[2526] منابع:0/7 | BTC:$— | USDT:— | ARB:0% | فرصت:105
[2529] منابع:0/7 | BTC:$— | USDT:— | ARB:0% | فرصت:105
[2532] منابع:0/7 | BTC:$— | USDT:— | ARB:0% | فرصت:105
[2535] منابع:0/7 | BTC:$— | USDT:— | ARB:0% | فرصت:105
[2538] منابع:0/7 | BTC:$— | USDT:— | ARB:0% | فرصت:105
[2541] منابع:8/7 | BTC:$76733.3000 | USDT:— | ARB:0% | فرصت:105
[2544] منابع:7/7 | BTC:$76711.4200 | USDT:— | ARB:0% | فرصت:105
[2547] منابع:9/7 | BTC:$76710.0100 | USDT:229797.000 | ARB:0.0875% | فرصت:105
[2550] منابع:9/7 | BTC:$76700.0100 | USDT:229797.000 | ARB:0.1005% | فرصت:105
[2553] منابع:9/7 | BTC:$76700.2000 | USDT:229797.000 | ARB:0.1003% | فرصت:105
[2556] منابع:9/7 | BTC:$76700.2000 | USDT:229797.000 | ARB:0.1003% | فرصت:105
[2559] منابع:10/7 | BTC:$76692.4600 | USDT:229797.000 | ARB:0.1104% | فرصت:105
[2562] منابع:10/7 | BTC:$76694.5800 | USDT:229797.000 | ARB:0.1076% | فرصت:105
[2565] منابع:7/7 | BTC:$76694.5800 | USDT:— | ARB:0% | فرصت:105
[2568] منابع:6/7 | BTC:$76708.7700 | USDT:— | ARB:0% | فرصت:105
[2571] منابع:6/7 | BTC:$76708.7700 | USDT:— | ARB:0% | فرصت:105
[2574] منابع:9/7 | BTC:$76716.0100 | USDT:229797.000 | ARB:0.0796% | فرصت:105
[2577] منابع:10/7 | BTC:$76716.0100 | USDT:229797.000 | ARB:0.0796% | فرصت:105
[2580] منابع:9/7 | BTC:$76716.0100 | USDT:229797.000 | ARB:0.0796% | فرصت:105
[2583] منابع:9/7 | BTC:$76717.0000 | USDT:229797.000 | ARB:0.0783% | فرصت:105
[2586] منابع:9/7 | BTC:$76720.0000 | USDT:229797.000 | ARB:0.0744% | فرصت:105
[2589] منابع:9/7 | BTC:$76719.9900 | USDT:229797.000 | ARB:0.0744% | فرصت:105
[2592] منابع:9/7 | BTC:$76727.6800 | USDT:229797.000 | ARB:0.0644% | فرصت:105
[2595] منابع:0/7 | BTC:$— | USDT:— | ARB:0% | فرصت:105
[2598] منابع:0/7 | BTC:$— | USDT:— | ARB:0% | فرصت:105
[2601] منابع:0/7 | BTC:$— | USDT:— | ARB:0% | فرصت:105
[2604] منابع:0/7 | BTC:$— | USDT:— | ARB:0% | فرصت:105
[2607] منابع:0/7 | BTC:$— | USDT:— | ARB:0% | فرصت:105
[2610] منابع:0/7 | BTC:$— | USDT:— | ARB:0% | فرصت:105
[2613] منابع:0/7 | BTC:$— | USDT:— | ARB:0% | فرصت:105
[2616] منابع:0/7 | BTC:$— | USDT:— | ARB:0% | فرصت:105
[2619] منابع:0/7 | BTC:$— | USDT:— | ARB:0% | فرصت:105
[2622] منابع:6/7 | BTC:$76746.0000 | USDT:— | ARB:0% | فرصت:105
[2625] منابع:0/7 | BTC:$— | USDT:— | ARB:0% | فرصت:105
[2628] منابع:0/7 | BTC:$— | USDT:— | ARB:0% | فرصت:105
[2631] منابع:8/7 | BTC:$76746.0000 | USDT:— | ARB:0% | فرصت:105
[2634] منابع:7/7 | BTC:$76740.8500 | USDT:— | ARB:0% | فرصت:105
[2637] منابع:7/7 | BTC:$76740.8500 | USDT:— | ARB:0% | فرصت:105
[2640] منابع:9/7 | BTC:$76740.8400 | USDT:229802.000 | ARB:0.0451% | فرصت:105
[2643] منابع:0/7 | BTC:$— | USDT:— | ARB:0% | فرصت:105
[2646] منابع:9/7 | BTC:$76732.1000 | USDT:229802.000 | ARB:0.0565% | فرصت:105
[2649] منابع:9/7 | BTC:$76728.5400 | USDT:229802.000 | ARB:0.0611% | فرصت:105
[2652] منابع:8/7 | BTC:$76717 | USDT:229802.000 | ARB:0% | فرصت:105
[2655] منابع:10/7 | BTC:$76737.9900 | USDT:229802.000 | ARB:0.0488% | فرصت:105
[2658] منابع:0/7 | BTC:$— | USDT:— | ARB:0% | فرصت:105
[2661] منابع:0/7 | BTC:$— | USDT:— | ARB:0% | فرصت:105
[2664] منابع:0/7 | BTC:$— | USDT:— | ARB:0% | فرصت:105
[2667] منابع:0/7 | BTC:$— | USDT:— | ARB:0% | فرصت:105
[2670] منابع:0/7 | BTC:$— | USDT:— | ARB:0% | فرصت:105
[2673] منابع:3/7 | BTC:$— | USDT:— | ARB:0% | فرصت:105
[2676] منابع:0/7 | BTC:$— | USDT:— | ARB:0% | فرصت:105
[2679] منابع:6/7 | BTC:$76711 | USDT:— | ARB:0% | فرصت:105
[2682] منابع:0/7 | BTC:$— | USDT:— | ARB:0% | فرصت:105
[2685] منابع:0/7 | BTC:$— | USDT:— | ARB:0% | فرصت:105
[2688] منابع:0/7 | BTC:$— | USDT:— | ARB:0% | فرصت:105
[2691] منابع:0/7 | BTC:$— | USDT:— | ARB:0% | فرصت:105
[2694] منابع:8/7 | BTC:$76732.6800 | USDT:— | ARB:0% | فرصت:105
[2697] منابع:0/7 | BTC:$— | USDT:— | ARB:0% | فرصت:105
[2700] منابع:7/7 | BTC:$76724.0700 | USDT:— | ARB:0% | فرصت:105
[2703] منابع:9/7 | BTC:$76724.0700 | USDT:229818.000 | ARB:0.0194% | فرصت:105
[2706] منابع:9/7 | BTC:$76724.0700 | USDT:229818.000 | ARB:0.0194% | فرصت:105
[2709] منابع:9/7 | BTC:$76730.0100 | USDT:229818.000 | ARB:0.0116% | فرصت:105
[2712] منابع:9/7 | BTC:$76730.0000 | USDT:229818.000 | ARB:0.0117% | فرصت:105
[2715] منابع:8/7 | BTC:$76710.0000 | USDT:— | ARB:0% | فرصت:105
[2718] منابع:8/7 | BTC:$76680.9800 | USDT:— | ARB:0% | فرصت:105
[2721] منابع:9/7 | BTC:$76682.0100 | USDT:229818.000 | ARB:0.0743% | فرصت:105
[2724] منابع:9/7 | BTC:$76686.0100 | USDT:229818.000 | ARB:0.0690% | فرصت:105
[2727] منابع:9/7 | BTC:$76711.9900 | USDT:229818.000 | ARB:0.0351% | فرصت:105
[2730] منابع:9/7 | BTC:$76712.0000 | USDT:229818.000 | ARB:0.0351% | فرصت:105
[2733] منابع:0/7 | BTC:$— | USDT:— | ARB:0% | فرصت:105
[2736] منابع:10/7 | BTC:$76710.7600 | USDT:229818.000 | ARB:0.0367% | فرصت:105
[2739] منابع:9/7 | BTC:$76710.7600 | USDT:229818.000 | ARB:0.0367% | فرصت:105
[2742] منابع:9/7 | BTC:$76704.0100 | USDT:229818.000 | ARB:0.0455% | فرصت:105
[2745] منابع:1/7 | BTC:$— | USDT:— | ARB:0% | فرصت:105
[2748] منابع:7/7 | BTC:$76699.9300 | USDT:— | ARB:0% | فرصت:105
[2751] منابع:7/7 | BTC:$76707.9000 | USDT:— | ARB:0% | فرصت:105
[2754] منابع:0/7 | BTC:$— | USDT:— | ARB:0% | فرصت:105
[2757] منابع:8/7 | BTC:$76726.4700 | USDT:— | ARB:0% | فرصت:105
[2760] منابع:6/7 | BTC:$— | USDT:— | ARB:0% | فرصت:105
[2763] منابع:0/7 | BTC:$— | USDT:— | ARB:0% | فرصت:105
[2766] منابع:0/7 | BTC:$— | USDT:— | ARB:0% | فرصت:105
[2769] منابع:2/7 | BTC:$76726.2900 | USDT:— | ARB:0% | فرصت:105
[2772] منابع:0/7 | BTC:$— | USDT:— | ARB:0% | فرصت:105
[2775] منابع:0/7 | BTC:$— | USDT:— | ARB:0% | فرصت:105
[2778] منابع:0/7 | BTC:$— | USDT:— | ARB:0% | فرصت:105
[2781] منابع:2/7 | BTC:$— | USDT:— | ARB:0% | فرصت:105
[2784] منابع:0/7 | BTC:$— | USDT:— | ARB:0% | فرصت:105
[2787] منابع:3/7 | BTC:$— | USDT:— | ARB:0% | فرصت:105
[2790] منابع:3/7 | BTC:$— | USDT:— | ARB:0% | فرصت:105
[2793] منابع:0/7 | BTC:$— | USDT:— | ARB:0% | فرصت:105
[2796] منابع:1/7 | BTC:$— | USDT:— | ARB:0% | فرصت:105
[2799] منابع:0/7 | BTC:$— | USDT:— | ARB:0% | فرصت:105
[2802] منابع:0/7 | BTC:$— | USDT:— | ARB:0% | فرصت:105
[2805] منابع:0/7 | BTC:$— | USDT:— | ARB:0% | فرصت:105
[2808] منابع:1/7 | BTC:$— | USDT:— | ARB:0% | فرصت:105
[2811] منابع:0/7 | BTC:$— | USDT:— | ARB:0% | فرصت:105
[2814] منابع:0/7 | BTC:$— | USDT:— | ARB:0% | فرصت:105
[2817] منابع:0/7 | BTC:$— | USDT:— | ARB:0% | فرصت:105
[2820] منابع:0/7 | BTC:$— | USDT:— | ARB:0% | فرصت:105
[2823] منابع:0/7 | BTC:$— | USDT:— | ARB:0% | فرصت:105
[2826] منابع:0/7 | BTC:$— | USDT:— | ARB:0% | فرصت:105
[2829] منابع:0/7 | BTC:$— | USDT:— | ARB:0% | فرصت:105
[2832] منابع:0/7 | BTC:$— | USDT:— | ARB:0% | فرصت:105
[2835] منابع:0/7 | BTC:$— | USDT:— | ARB:0% | فرصت:105
[2838] منابع:0/7 | BTC:$— | USDT:— | ARB:0% | فرصت:105
[2841] منابع:0/7 | BTC:$— | USDT:— | ARB:0% | فرصت:105
[2844] منابع:0/7 | BTC:$— | USDT:— | ARB:0% | فرصت:105
[2847] منابع:4/7 | BTC:$— | USDT:— | ARB:0% | فرصت:105
[2850] منابع:0/7 | BTC:$— | USDT:— | ARB:0% | فرصت:105
[2853] منابع:0/7 | BTC:$— | USDT:— | ARB:0% | فرصت:105
[2856] منابع:2/7 | BTC:$76728.5300 | USDT:— | ARB:0% | فرصت:105
[2859] منابع:0/7 | BTC:$— | USDT:— | ARB:0% | فرصت:105
[2862] منابع:0/7 | BTC:$— | USDT:— | ARB:0% | فرصت:105
[2865] منابع:4/7 | BTC:$— | USDT:— | ARB:0% | فرصت:105
[2868] منابع:4/7 | BTC:$76720.0100 | USDT:— | ARB:0% | فرصت:105
[2871] منابع:2/7 | BTC:$76706.0800 | USDT:— | ARB:0% | فرصت:105
[2874] منابع:6/7 | BTC:$76704.0000 | USDT:— | ARB:0% | فرصت:105
[2877] منابع:9/7 | BTC:$76700.0000 | USDT:229813.000 | ARB:-0.017% | فرصت:105
[2880] منابع:9/7 | BTC:$76689.0800 | USDT:229813.000 | ARB:-0.003% | فرصت:105
[2883] منابع:9/7 | BTC:$76689.0800 | USDT:229813.000 | ARB:-0.003% | فرصت:105
[2886] منابع:9/7 | BTC:$76666.0100 | USDT:229813.000 | ARB:0.0266% | فرصت:105
[2889] منابع:9/7 | BTC:$76658.9500 | USDT:229813.000 | ARB:0.0358% | فرصت:105
[2892] منابع:10/7 | BTC:$76660.0100 | USDT:229813.000 | ARB:0.0344% | فرصت:105
[2895] منابع:10/7 | BTC:$76660.3500 | USDT:229902.000 | ARB:-0.004% | فرصت:105
[2898] منابع:9/7 | BTC:$76668.8900 | USDT:229902.000 | ARB:-0.015% | فرصت:105
[2901] منابع:6/7 | BTC:$76654.0000 | USDT:— | ARB:0% | فرصت:105
[2904] منابع:9/7 | BTC:$76650.0100 | USDT:229902.000 | ARB:0.0087% | فرصت:105
[2907] منابع:9/7 | BTC:$76650.0000 | USDT:229902.000 | ARB:0.0087% | فرصت:105
[2910] منابع:10/7 | BTC:$76653.9900 | USDT:229902.000 | ARB:0.0035% | فرصت:105
[2913] منابع:10/7 | BTC:$76654.0000 | USDT:229902.000 | ARB:0.0035% | فرصت:105
[2916] منابع:9/7 | BTC:$76652.6700 | USDT:229902.000 | ARB:0.0053% | فرصت:105
[2919] منابع:9/7 | BTC:$76641.4100 | USDT:229902.000 | ARB:0.0199% | فرصت:105
[2922] منابع:9/7 | BTC:$76631.0700 | USDT:229902.000 | ARB:0.0334% | فرصت:105
[2925] منابع:9/7 | BTC:$76612.4600 | USDT:229902.000 | ARB:0.0577% | فرصت:105
[2928] منابع:10/7 | BTC:$76635.9900 | USDT:229902.000 | ARB:0.0270% | فرصت:105
[2931] منابع:10/7 | BTC:$76644.7700 | USDT:229902.000 | ARB:0.0156% | فرصت:105
[2934] منابع:9/7 | BTC:$76664.4700 | USDT:229902.000 | ARB:-0.010% | فرصت:105
[2937] منابع:9/7 | BTC:$76664.4800 | USDT:229902.000 | ARB:-0.010% | فرصت:105
[2940] منابع:9/7 | BTC:$76655.5800 | USDT:229902.000 | ARB:0.0015% | فرصت:105
[2943] منابع:9/7 | BTC:$76627.8800 | USDT:229902.000 | ARB:0.0376% | فرصت:105
[2946] منابع:10/7 | BTC:$76610.0000 | USDT:229902.000 | ARB:0.0610% | فرصت:105
[2949] منابع:8/7 | BTC:$76574.0100 | USDT:— | ARB:0% | فرصت:105
[2952] منابع:9/7 | BTC:$76566.0100 | USDT:229902.000 | ARB:0.1184% | فرصت:105
[2955] منابع:9/7 | BTC:$76571.2300 | USDT:229902.000 | ARB:0.1116% | فرصت:105
[2958] منابع:9/7 | BTC:$76560.0100 | USDT:229902.000 | ARB:0.1263% | فرصت:105
[2961] منابع:9/7 | BTC:$76578.4400 | USDT:229902.000 | ARB:0.1022% | فرصت:105
[2964] منابع:7/7 | BTC:$76583.0400 | USDT:— | ARB:0% | فرصت:105
[2967] منابع:10/7 | BTC:$76590.9900 | USDT:229902.000 | ARB:0.0858% | فرصت:105
[2970] منابع:7/7 | BTC:$76590.9800 | USDT:— | ARB:0% | فرصت:105
[2973] منابع:9/7 | BTC:$76593.9600 | USDT:229902.000 | ARB:0.0819% | فرصت:105
[2976] منابع:9/7 | BTC:$76584.6600 | USDT:229902.000 | ARB:0.0941% | فرصت:105
[2979] منابع:9/7 | BTC:$76584.6600 | USDT:229902.000 | ARB:0.0941% | فرصت:105
[2982] منابع:9/7 | BTC:$76584.6600 | USDT:229902.000 | ARB:0.0941% | فرصت:105
[2985] منابع:7/7 | BTC:$76584.6700 | USDT:— | ARB:0% | فرصت:105
[2988] منابع:6/7 | BTC:$76584.6700 | USDT:— | ARB:0% | فرصت:105
[2991] منابع:10/7 | BTC:$76584.6700 | USDT:229975.000 | ARB:0.0623% | فرصت:105
[2994] منابع:9/7 | BTC:$76584.6600 | USDT:229975.000 | ARB:0.0623% | فرصت:105
[2997] منابع:9/7 | BTC:$76584.6700 | USDT:229975.000 | ARB:0.0623% | فرصت:105
[3000] منابع:9/7 | BTC:$76584.6600 | USDT:229975.000 | ARB:0.0623% | فرصت:105
[3003] منابع:7/7 | BTC:$76586.8700 | USDT:— | ARB:0% | فرصت:105
[3006] منابع:9/7 | BTC:$76598.4600 | USDT:229975.000 | ARB:0.0443% | فرصت:105
[3009] منابع:10/7 | BTC:$76610.0100 | USDT:229975.000 | ARB:0.0292% | فرصت:105
[3012] منابع:10/7 | BTC:$76610.0000 | USDT:229975.000 | ARB:0.0292% | فرصت:105
[3015] منابع:9/7 | BTC:$76610.0100 | USDT:229975.000 | ARB:0.0292% | فرصت:105
[3018] منابع:9/7 | BTC:$76610.0100 | USDT:229975.000 | ARB:0.0292% | فرصت:105
[3021] منابع:7/7 | BTC:$76610.0100 | USDT:— | ARB:0% | فرصت:105
[3024] منابع:9/7 | BTC:$76618.9300 | USDT:229975.000 | ARB:0.0175% | فرصت:105
[3027] منابع:9/7 | BTC:$76627.2500 | USDT:229975.000 | ARB:0.0067% | فرصت:105
[3030] منابع:10/7 | BTC:$76635.9900 | USDT:229975.000 | ARB:-0.004% | فرصت:105
[3033] منابع:10/7 | BTC:$76635.9800 | USDT:229975.000 | ARB:-0.004% | فرصت:105
[3036] منابع:9/7 | BTC:$76636.6800 | USDT:229975.000 | ARB:-0.005% | فرصت:105
[3039] منابع:9/7 | BTC:$76636.6800 | USDT:229975.000 | ARB:-0.005% | فرصت:105
[3042] منابع:9/7 | BTC:$76636.6700 | USDT:229975.000 | ARB:-0.005% | فرصت:105
[3045] منابع:9/7 | BTC:$76653.5200 | USDT:229975.000 | ARB:-0.027% | فرصت:105
[3048] منابع:9/7 | BTC:$76653.5100 | USDT:229975.000 | ARB:-0.027% | فرصت:105
[3051] منابع:10/7 | BTC:$76653.5200 | USDT:229975.000 | ARB:-0.027% | فرصت:105
[3054] منابع:9/7 | BTC:$76661.5000 | USDT:229975.000 | ARB:-0.037% | فرصت:105
[3057] منابع:9/7 | BTC:$76669.5600 | USDT:229975.000 | ARB:-0.048% | فرصت:105
[3060] منابع:9/7 | BTC:$76685.9600 | USDT:229975.000 | ARB:-0.069% | فرصت:105
[3063] منابع:9/7 | BTC:$76676.6900 | USDT:229975.000 | ARB:-0.057% | فرصت:105
[3066] منابع:9/7 | BTC:$76668.7700 | USDT:229975.000 | ARB:-0.047% | فرصت:105
[3069] منابع:10/7 | BTC:$76668.7700 | USDT:229975.000 | ARB:-0.047% | فرصت:105
[3072] منابع:10/7 | BTC:$76668.7700 | USDT:229975.000 | ARB:-0.047% | فرصت:105
[3075] منابع:10/7 | BTC:$76668.7800 | USDT:229975.000 | ARB:-0.047% | فرصت:105
[3078] منابع:9/7 | BTC:$76670.0100 | USDT:229975.000 | ARB:-0.049% | فرصت:105
[3081] منابع:9/7 | BTC:$76677.9700 | USDT:229975.000 | ARB:-0.059% | فرصت:105
[3084] منابع:9/7 | BTC:$76677.9800 | USDT:229975.000 | ARB:-0.059% | فرصت:105
[3087] منابع:9/7 | BTC:$76677.9700 | USDT:229975.000 | ARB:-0.059% | فرصت:105
[3090] منابع:9/7 | BTC:$76677.9700 | USDT:229974.000 | ARB:-0.192% | فرصت:105
[3093] منابع:10/7 | BTC:$76677.9700 | USDT:229974.000 | ARB:-0.192% | فرصت:105
[3096] منابع:9/7 | BTC:$76678.0000 | USDT:229974.000 | ARB:-0.192% | فرصت:105
[3099] منابع:9/7 | BTC:$76677.9900 | USDT:229974.000 | ARB:-0.192% | فرصت:105
[3102] منابع:9/7 | BTC:$76678.0000 | USDT:229974.000 | ARB:-0.192% | فرصت:105
[3105] منابع:9/7 | BTC:$76698.0100 | USDT:229974.000 | ARB:-0.218% | فرصت:105
[3108] منابع:0/7 | BTC:$— | USDT:— | ARB:0% | فرصت:105
[3111] منابع:10/7 | BTC:$76704.0000 | USDT:229974.000 | ARB:-0.226% | فرصت:105
[3114] منابع:9/7 | BTC:$76703.9900 | USDT:229974.000 | ARB:-0.226% | فرصت:105
[3117] منابع:9/7 | BTC:$76703.9900 | USDT:229974.000 | ARB:-0.226% | فرصت:105
[3120] منابع:9/7 | BTC:$76708.0100 | USDT:229974.000 | ARB:-0.231% | فرصت:105
[3123] منابع:9/7 | BTC:$76708.0000 | USDT:229974.000 | ARB:-0.231% | فرصت:105
[3126] منابع:9/7 | BTC:$76708.0000 | USDT:229974.000 | ARB:-0.231% | فرصت:105
[3129] منابع:9/7 | BTC:$76708.0100 | USDT:229974.000 | ARB:-0.231% | فرصت:105
[3132] منابع:10/7 | BTC:$76708.0000 | USDT:229974.000 | ARB:-0.231% | فرصت:105
[3135] منابع:10/7 | BTC:$76708.0100 | USDT:229974.000 | ARB:-0.231% | فرصت:105
[3138] منابع:9/7 | BTC:$76708.0100 | USDT:229974.000 | ARB:-0.231% | فرصت:105
[3141] منابع:9/7 | BTC:$76708.0000 | USDT:229974.000 | ARB:-0.231% | فرصت:105
[3144] منابع:9/7 | BTC:$76708.0000 | USDT:229974.000 | ARB:-0.231% | فرصت:105
[3147] منابع:7/7 | BTC:$76714.0000 | USDT:— | ARB:0% | فرصت:105
[3150] منابع:9/7 | BTC:$76714.0100 | USDT:229974.000 | ARB:-0.239% | فرصت:105
[3153] منابع:10/7 | BTC:$76714.0100 | USDT:229974.000 | ARB:-0.239% | فرصت:105
[3156] منابع:9/7 | BTC:$76712.0100 | USDT:229974.000 | ARB:-0.236% | فرصت:105
[3159] منابع:9/7 | BTC:$76712.0000 | USDT:229974.000 | ARB:-0.236% | فرصت:105
[3162] منابع:9/7 | BTC:$76714.0000 | USDT:229974.000 | ARB:-0.239% | فرصت:105
[3165] منابع:9/7 | BTC:$76731.8900 | USDT:229974.000 | ARB:-0.262% | فرصت:105
[3168] منابع:9/7 | BTC:$76746.0000 | USDT:229974.000 | ARB:-0.280% | فرصت:105
[3171] منابع:10/7 | BTC:$76750.9900 | USDT:229974.000 | ARB:-0.287% | فرصت:105
[3174] منابع:9/7 | BTC:$76737.1200 | USDT:229974.000 | ARB:-0.269% | فرصت:105
[3177] منابع:9/7 | BTC:$76737.1200 | USDT:229974.000 | ARB:-0.269% | فرصت:105
[3180] منابع:9/7 | BTC:$76740.8000 | USDT:229974.000 | ARB:-0.274% | فرصت:105
[3183] منابع:9/7 | BTC:$76754.5200 | USDT:229974.000 | ARB:-0.292% | فرصت:105
[3186] منابع:9/7 | BTC:$76754.5300 | USDT:229974.000 | ARB:-0.292% | فرصت:105
[3189] منابع:9/7 | BTC:$76756.0100 | USDT:229966.000 | ARB:-0.099% | فرصت:105
[3192] منابع:10/7 | BTC:$76756.0100 | USDT:229966.000 | ARB:-0.099% | فرصت:105
[3195] منابع:10/7 | BTC:$76774.0800 | USDT:229966.000 | ARB:-0.122% | فرصت:105
[3198] منابع:9/7 | BTC:$76774.0900 | USDT:229966.000 | ARB:-0.122% | فرصت:105
[3201] منابع:9/7 | BTC:$76774.0900 | USDT:229966.000 | ARB:-0.122% | فرصت:105
[3204] منابع:9/7 | BTC:$76774.0900 | USDT:229966.000 | ARB:-0.122% | فرصت:105
[3207] منابع:9/7 | BTC:$76770.3900 | USDT:229966.000 | ARB:-0.117% | فرصت:105
[3210] منابع:9/7 | BTC:$76770.4000 | USDT:229966.000 | ARB:-0.117% | فرصت:105
[3213] منابع:10/7 | BTC:$76770.3900 | USDT:229966.000 | ARB:-0.117% | فرصت:105
[3216] منابع:9/7 | BTC:$76770.4000 | USDT:229966.000 | ARB:-0.117% | فرصت:105
[3219] منابع:9/7 | BTC:$76770.3900 | USDT:229966.000 | ARB:-0.117% | فرصت:105
[3222] منابع:7/7 | BTC:$76770.4000 | USDT:— | ARB:0% | فرصت:105
[3225] منابع:9/7 | BTC:$76786.0000 | USDT:229966.000 | ARB:-0.138% | فرصت:105
[3228] منابع:9/7 | BTC:$76800.0000 | USDT:229966.000 | ARB:-0.156% | فرصت:105
[3231] منابع:10/7 | BTC:$76796.3000 | USDT:229966.000 | ARB:-0.151% | فرصت:105
[3234] منابع:10/7 | BTC:$76796.3000 | USDT:229966.000 | ARB:-0.151% | فرصت:105
[3237] منابع:9/7 | BTC:$76796.3000 | USDT:229966.000 | ARB:-0.151% | فرصت:105
[3240] منابع:9/7 | BTC:$76799.9900 | USDT:229966.000 | ARB:-0.156% | فرصت:105
[3243] منابع:9/7 | BTC:$76807.2100 | USDT:229966.000 | ARB:-0.165% | فرصت:105
[3246] منابع:9/7 | BTC:$76808.0100 | USDT:229966.000 | ARB:-0.166% | فرصت:105
[3249] منابع:9/7 | BTC:$76794.0100 | USDT:229966.000 | ARB:-0.148% | فرصت:105
[3252] منابع:10/7 | BTC:$76794.0000 | USDT:229966.000 | ARB:-0.148% | فرصت:105
[3255] منابع:10/7 | BTC:$76804.7800 | USDT:229966.000 | ARB:-0.162% | فرصت:105
[3258] منابع:9/7 | BTC:$76806.0100 | USDT:229966.000 | ARB:-0.164% | فرصت:105
[3261] منابع:9/7 | BTC:$76806.0100 | USDT:229966.000 | ARB:-0.164% | فرصت:105
[3264] منابع:9/7 | BTC:$76806.0100 | USDT:229966.000 | ARB:-0.164% | فرصت:105
[3267] منابع:9/7 | BTC:$76806.0100 | USDT:229966.000 | ARB:-0.164% | فرصت:105
[3270] منابع:9/7 | BTC:$76803.0700 | USDT:229966.000 | ARB:-0.160% | فرصت:105
[3273] منابع:10/7 | BTC:$76803.0800 | USDT:229966.000 | ARB:-0.160% | فرصت:105
[3276] منابع:10/7 | BTC:$76803.0800 | USDT:229966.000 | ARB:-0.160% | فرصت:105
[3279] منابع:9/7 | BTC:$76814.7600 | USDT:229966.000 | ARB:-0.175% | فرصت:105
[3282] منابع:9/7 | BTC:$76814.7500 | USDT:229966.000 | ARB:-0.175% | فرصت:105
[3285] منابع:9/7 | BTC:$76823.2600 | USDT:229966.000 | ARB:-0.186% | فرصت:105
[3288] منابع:9/7 | BTC:$76825.1400 | USDT:229966.000 | ARB:-0.189% | فرصت:105
[3291] منابع:9/7 | BTC:$76825.1400 | USDT:229966.000 | ARB:-0.189% | فرصت:105
[3294] منابع:10/7 | BTC:$76839.8600 | USDT:229966.000 | ARB:-0.208% | فرصت:105
[3297] منابع:10/7 | BTC:$76842.3900 | USDT:230001.000 | ARB:-0.168% | فرصت:105
[3300] منابع:9/7 | BTC:$76842.3900 | USDT:230001.000 | ARB:-0.168% | فرصت:105
[3303] منابع:9/7 | BTC:$76847.9900 | USDT:230001.000 | ARB:-0.176% | فرصت:105
[3306] منابع:9/7 | BTC:$76839.8500 | USDT:230001.000 | ARB:-0.165% | فرصت:105
[3309] منابع:9/7 | BTC:$76839.8600 | USDT:230001.000 | ARB:-0.165% | فرصت:105
[3312] منابع:9/7 | BTC:$76839.8600 | USDT:230001.000 | ARB:-0.165% | فرصت:105
[3315] منابع:10/7 | BTC:$76839.8600 | USDT:230001.000 | ARB:-0.165% | فرصت:105
[3318] منابع:9/7 | BTC:$76840.0000 | USDT:230001.000 | ARB:-0.165% | فرصت:105
[3321] منابع:9/7 | BTC:$76845.1200 | USDT:230001.000 | ARB:-0.172% | فرصت:105
[3324] منابع:9/7 | BTC:$76848.8500 | USDT:230001.000 | ARB:-0.177% | فرصت:105
[3327] منابع:9/7 | BTC:$76853.9700 | USDT:230001.000 | ARB:-0.183% | فرصت:105
[3330] منابع:9/7 | BTC:$76853.9800 | USDT:230001.000 | ARB:-0.183% | فرصت:105
[3333] منابع:10/7 | BTC:$76888.8700 | USDT:230001.000 | ARB:-0.229% | فرصت:105
[3336] منابع:10/7 | BTC:$76888.8800 | USDT:230001.000 | ARB:-0.229% | فرصت:105
[3339] منابع:9/7 | BTC:$76888.8800 | USDT:230001.000 | ARB:-0.229% | فرصت:105
[3342] منابع:9/7 | BTC:$76895.9900 | USDT:230001.000 | ARB:-0.238% | فرصت:105
[3345] منابع:9/7 | BTC:$76907.8200 | USDT:230001.000 | ARB:-0.253% | فرصت:105
[3348] منابع:9/7 | BTC:$76896.0100 | USDT:230001.000 | ARB:-0.238% | فرصت:105
[3351] منابع:10/7 | BTC:$76896.0100 | USDT:230001.000 | ARB:-0.238% | فرصت:105
[3354] منابع:10/7 | BTC:$76894.0100 | USDT:230001.000 | ARB:-0.235% | فرصت:105
[3357] منابع:9/7 | BTC:$76882.0000 | USDT:230001.000 | ARB:-0.220% | فرصت:105
[3360] منابع:9/7 | BTC:$76863.5900 | USDT:230001.000 | ARB:-0.196% | فرصت:105
[3363] منابع:9/7 | BTC:$76863.5900 | USDT:230001.000 | ARB:-0.196% | فرصت:105
[3366] منابع:9/7 | BTC:$76863.5900 | USDT:230001.000 | ARB:-0.196% | فرصت:105
[3369] منابع:9/7 | BTC:$76863.5900 | USDT:230001.000 | ARB:-0.196% | فرصت:105
[3372] منابع:10/7 | BTC:$76863.5800 | USDT:230001.000 | ARB:-0.196% | فرصت:105
[3375] منابع:10/7 | BTC:$76863.5900 | USDT:230001.000 | ARB:-0.196% | فرصت:105
[3378] منابع:9/7 | BTC:$76872.8900 | USDT:230001.000 | ARB:-0.208% | فرصت:105
[3381] منابع:9/7 | BTC:$76866.0100 | USDT:230001.000 | ARB:-0.199% | فرصت:105
[3384] منابع:9/7 | BTC:$76866.0100 | USDT:230001.000 | ARB:-0.199% | فرصت:105
[3387] منابع:9/7 | BTC:$76866.0100 | USDT:230001.000 | ARB:-0.199% | فرصت:105
[3390] منابع:9/7 | BTC:$76866.0000 | USDT:230001.000 | ARB:-0.199% | فرصت:105
[3393] منابع:10/7 | BTC:$76866.0100 | USDT:230001.000 | ARB:-0.199% | فرصت:105
[3396] منابع:9/7 | BTC:$76866.0100 | USDT:230001.000 | ARB:-0.199% | فرصت:105
[3399] منابع:9/7 | BTC:$76863.5800 | USDT:230001.000 | ARB:-0.196% | فرصت:105
[3402] منابع:9/7 | BTC:$76863.5800 | USDT:230377.000 | ARB:-0.112% | فرصت:105
[3405] منابع:9/7 | BTC:$76863.5900 | USDT:230377.000 | ARB:-0.112% | فرصت:105
[3408] منابع:9/7 | BTC:$76863.6000 | USDT:230377.000 | ARB:-0.112% | فرصت:105
[3411] منابع:10/7 | BTC:$76863.5900 | USDT:230377.000 | ARB:-0.112% | فرصت:105
[3414] منابع:10/7 | BTC:$76863.5900 | USDT:230377.000 | ARB:-0.112% | فرصت:105
[3417] منابع:9/7 | BTC:$76863.6000 | USDT:230377.000 | ARB:-0.112% | فرصت:105
[3420] منابع:9/7 | BTC:$76863.6000 | USDT:230377.000 | ARB:-0.112% | فرصت:105
[3423] منابع:9/7 | BTC:$76863.5900 | USDT:230377.000 | ARB:-0.112% | فرصت:105
[3426] منابع:9/7 | BTC:$76862.0100 | USDT:230377.000 | ARB:-0.110% | فرصت:105
[3429] منابع:9/7 | BTC:$76862.0000 | USDT:230377.000 | ARB:-0.110% | فرصت:105
[3432] منابع:10/7 | BTC:$76853.0200 | USDT:230377.000 | ARB:-0.098% | فرصت:105
[3435] منابع:9/7 | BTC:$76853.0100 | USDT:230377.000 | ARB:-0.098% | فرصت:105
[3438] منابع:9/7 | BTC:$76853.0100 | USDT:230377.000 | ARB:-0.098% | فرصت:105
[3441] منابع:9/7 | BTC:$76853.0200 | USDT:230377.000 | ARB:-0.098% | فرصت:105
[3444] منابع:9/7 | BTC:$76853.7600 | USDT:230377.000 | ARB:-0.099% | فرصت:105
[3447] منابع:9/7 | BTC:$76859.8300 | USDT:230377.000 | ARB:-0.107% | فرصت:105
[3450] منابع:10/7 | BTC:$76855.8100 | USDT:230377.000 | ARB:-0.102% | فرصت:105
[3453] منابع:7/7 | BTC:$76855.8000 | USDT:— | ARB:0% | فرصت:105
[3456] منابع:9/7 | BTC:$76855.8100 | USDT:230377.000 | ARB:-0.102% | فرصت:105
[3459] منابع:9/7 | BTC:$76855.8000 | USDT:230377.000 | ARB:-0.102% | فرصت:105
[3462] منابع:9/7 | BTC:$76862.0100 | USDT:230377.000 | ARB:-0.110% | فرصت:105
[3465] منابع:9/7 | BTC:$76862.0100 | USDT:230377.000 | ARB:-0.110% | فرصت:105
[3468] منابع:9/7 | BTC:$76862.0100 | USDT:230377.000 | ARB:-0.110% | فرصت:105
[3471] منابع:10/7 | BTC:$76867.2000 | USDT:230377.000 | ARB:-0.117% | فرصت:105
[3474] منابع:8/7 | BTC:$76873.2000 | USDT:— | ARB:0% | فرصت:105
[3477] منابع:9/7 | BTC:$76873.2000 | USDT:230377.000 | ARB:-0.124% | فرصت:105
[3480] منابع:9/7 | BTC:$76873.1900 | USDT:230377.000 | ARB:-0.124% | فرصت:105
[3483] منابع:9/7 | BTC:$76874.0100 | USDT:230377.000 | ARB:-0.126% | فرصت:105
[3486] منابع:9/7 | BTC:$76880.0100 | USDT:230377.000 | ARB:-0.133% | فرصت:105
[3489] منابع:9/7 | BTC:$76864.0400 | USDT:230377.000 | ARB:-0.113% | فرصت:105
[3492] منابع:10/7 | BTC:$76864.0500 | USDT:230377.000 | ARB:-0.113% | فرصت:105
[3495] منابع:7/7 | BTC:$76864.0500 | USDT:— | ARB:0% | فرصت:105
[3498] منابع:10/7 | BTC:$76864.0400 | USDT:230387.000 | ARB:-0.214% | فرصت:105
[3501] منابع:9/7 | BTC:$76864.0400 | USDT:230387.000 | ARB:-0.214% | فرصت:105
[3504] منابع:9/7 | BTC:$76867.6500 | USDT:230387.000 | ARB:-0.219% | فرصت:105
[3507] منابع:9/7 | BTC:$76867.6400 | USDT:230387.000 | ARB:-0.219% | فرصت:105
[3510] منابع:9/7 | BTC:$76869.1700 | USDT:230387.000 | ARB:-0.221% | فرصت:105
[3513] منابع:10/7 | BTC:$76870.0100 | USDT:230387.000 | ARB:-0.222% | فرصت:105
[3516] منابع:7/7 | BTC:$76872.9200 | USDT:— | ARB:0% | فرصت:105
[3519] منابع:6/7 | BTC:$76878.0000 | USDT:— | ARB:0% | فرصت:105
[3522] منابع:9/7 | BTC:$76896.0000 | USDT:230387.000 | ARB:-0.256% | فرصت:105
[3525] منابع:6/7 | BTC:$76896.0100 | USDT:— | ARB:0% | فرصت:105
[3528] منابع:7/7 | BTC:$76900.0100 | USDT:— | ARB:0% | فرصت:105
[3531] منابع:7/7 | BTC:$76921.7500 | USDT:— | ARB:0% | فرصت:105
[3534] منابع:7/7 | BTC:$76923.5700 | USDT:— | ARB:0% | فرصت:105
[3537] منابع:9/7 | BTC:$76924.1200 | USDT:230387.000 | ARB:-0.292% | فرصت:105
[3540] منابع:9/7 | BTC:$76938.8100 | USDT:230387.000 | ARB:-0.311% | فرصت:107
[3543] منابع:9/7 | BTC:$76945.3000 | USDT:230387.000 | ARB:-0.320% | فرصت:110
[3546] منابع:10/7 | BTC:$76950.0000 | USDT:230387.000 | ARB:-0.326% | فرصت:113
[3549] منابع:10/7 | BTC:$76950.0100 | USDT:230387.000 | ARB:-0.326% | فرصت:116
[3552] منابع:4/7 | BTC:$— | USDT:— | ARB:0% | فرصت:118
[3555] منابع:9/7 | BTC:$76958.0200 | USDT:230387.000 | ARB:-0.336% | فرصت:119
[3558] منابع:9/7 | BTC:$76964.5500 | USDT:230387.000 | ARB:-0.345% | فرصت:122
[3561] منابع:9/7 | BTC:$76974.2200 | USDT:230387.000 | ARB:-0.357% | فرصت:125
[3564] منابع:10/7 | BTC:$76974.2200 | USDT:230387.000 | ARB:-0.357% | فرصت:128
[3567] منابع:10/7 | BTC:$76969.8400 | USDT:230387.000 | ARB:-0.352% | فرصت:131
[3570] منابع:9/7 | BTC:$76969.8400 | USDT:230387.000 | ARB:-0.352% | فرصت:133
[3573] منابع:7/7 | BTC:$76969.8300 | USDT:— | ARB:0% | فرصت:135
[3576] منابع:6/7 | BTC:$76958.0300 | USDT:230008.000 | ARB:-0.074% | فرصت:135
[3579] منابع:7/7 | BTC:$76958.0300 | USDT:230008.000 | ARB:-0.074% | فرصت:135
[3582] منابع:10/7 | BTC:$76958.0300 | USDT:230008.000 | ARB:-0.074% | فرصت:135
[3585] منابع:9/7 | BTC:$76958.0300 | USDT:230008.000 | ARB:-0.074% | فرصت:135
[3588] منابع:9/7 | BTC:$76959.2600 | USDT:230008.000 | ARB:-0.076% | فرصت:135
[3591] منابع:9/7 | BTC:$76963.3100 | USDT:230008.000 | ARB:-0.081% | فرصت:135
[3594] منابع:9/7 | BTC:$76966.4700 | USDT:230008.000 | ARB:-0.085% | فرصت:135
[3597] منابع:9/7 | BTC:$76979.8100 | USDT:230008.000 | ARB:-0.103% | فرصت:135
[3600] منابع:10/7 | BTC:$76982.9500 | USDT:230008.000 | ARB:-0.107% | فرصت:135
[3603] منابع:10/7 | BTC:$76982.9400 | USDT:230008.000 | ARB:-0.107% | فرصت:135
[3606] منابع:9/7 | BTC:$76982.9400 | USDT:230008.000 | ARB:-0.107% | فرصت:135
[3609] منابع:9/7 | BTC:$76982.9500 | USDT:230008.000 | ARB:-0.107% | فرصت:135
[3612] منابع:9/7 | BTC:$76982.0100 | USDT:230008.000 | ARB:-0.106% | فرصت:135
[3615] منابع:8/7 | BTC:$76984.0000 | USDT:230008.000 | ARB:-0.108% | فرصت:135
[3618] منابع:10/7 | BTC:$76984.8800 | USDT:230008.000 | ARB:-0.109% | فرصت:135
[3621] منابع:10/7 | BTC:$76986.0000 | USDT:230008.000 | ARB:-0.111% | فرصت:135
[3624] منابع:9/7 | BTC:$77016.0000 | USDT:230008.000 | ARB:-0.150% | فرصت:135
[3627] منابع:9/7 | BTC:$77017.0700 | USDT:230008.000 | ARB:-0.151% | فرصت:135
[3630] منابع:9/7 | BTC:$77049.9900 | USDT:230008.000 | ARB:-0.194% | فرصت:135
[3633] منابع:9/7 | BTC:$77084.0300 | USDT:230008.000 | ARB:-0.238% | فرصت:135
[3636] منابع:10/7 | BTC:$77065.4100 | USDT:230008.000 | ARB:-0.214% | فرصت:135
[3639] منابع:7/7 | BTC:$77093.9300 | USDT:— | ARB:0% | فرصت:135
[3642] منابع:9/7 | BTC:$77109.9400 | USDT:230008.000 | ARB:-0.271% | فرصت:135
[3645] منابع:6/7 | BTC:$77100.0100 | USDT:— | ARB:0% | فرصت:135
[3648] منابع:9/7 | BTC:$77090.0000 | USDT:230008.000 | ARB:-0.246% | فرصت:135
[3651] منابع:10/7 | BTC:$77065.2300 | USDT:230008.000 | ARB:-0.213% | فرصت:135
[3654] منابع:10/7 | BTC:$77072.9300 | USDT:230008.000 | ARB:-0.223% | فرصت:135
[3657] منابع:6/7 | BTC:$77076.9200 | USDT:— | ARB:0% | فرصت:135
[3660] منابع:9/7 | BTC:$77072.9200 | USDT:230008.000 | ARB:-0.140% | فرصت:135
[3663] منابع:9/7 | BTC:$77064.9700 | USDT:230008.000 | ARB:-0.129% | فرصت:135
[3666] منابع:9/7 | BTC:$77054.0100 | USDT:230008.000 | ARB:-0.115% | فرصت:135
[3669] منابع:9/7 | BTC:$77056.0100 | USDT:230008.000 | ARB:-0.118% | فرصت:135
[3672] منابع:10/7 | BTC:$77056.0100 | USDT:230008.000 | ARB:-0.118% | فرصت:135
[3675] منابع:9/7 | BTC:$77056.0100 | USDT:230008.000 | ARB:-0.118% | فرصت:135
[3678] منابع:9/7 | BTC:$77056.0100 | USDT:230008.000 | ARB:-0.118% | فرصت:135
[3681] منابع:9/7 | BTC:$77064.7900 | USDT:230008.000 | ARB:-0.129% | فرصت:135
[3684] منابع:9/7 | BTC:$77066.0100 | USDT:230008.000 | ARB:-0.131% | فرصت:135
[3687] منابع:9/7 | BTC:$77073.3200 | USDT:230008.000 | ARB:-0.140% | فرصت:135
[3690] منابع:8/7 | BTC:$77086.0900 | USDT:— | ARB:0% | فرصت:135
[3693] منابع:9/7 | BTC:$77086.4900 | USDT:230008.000 | ARB:-0.157% | فرصت:135
[3696] منابع:9/7 | BTC:$77086.4900 | USDT:230008.000 | ARB:-0.157% | فرصت:135
[3699] منابع:9/7 | BTC:$77086.4900 | USDT:230008.000 | ARB:-0.157% | فرصت:135
[3702] منابع:9/7 | BTC:$77082.7400 | USDT:230008.000 | ARB:-0.152% | فرصت:135
[3705] منابع:9/7 | BTC:$77080.0100 | USDT:230008.000 | ARB:-0.149% | فرصت:135
[3708] منابع:10/7 | BTC:$77076.6800 | USDT:230008.000 | ARB:-0.145% | فرصت:135
[3711] منابع:9/7 | BTC:$77086.0100 | USDT:230008.000 | ARB:-0.157% | فرصت:135
[3714] منابع:9/7 | BTC:$77098.1800 | USDT:230008.000 | ARB:-0.172% | فرصت:135
[3717] منابع:9/7 | BTC:$77099.2300 | USDT:230008.000 | ARB:-0.174% | فرصت:135
[3720] منابع:9/7 | BTC:$77076.7400 | USDT:230008.000 | ARB:-0.145% | فرصت:135
[3723] منابع:9/7 | BTC:$77068.0000 | USDT:230008.000 | ARB:-0.133% | فرصت:135
[3726] منابع:10/7 | BTC:$77068.5100 | USDT:230008.000 | ARB:-0.134% | فرصت:135
[3729] منابع:9/7 | BTC:$77068.5000 | USDT:230008.000 | ARB:-0.134% | فرصت:135
[3732] منابع:9/7 | BTC:$77077.8900 | USDT:230008.000 | ARB:-0.146% | فرصت:135
[3735] منابع:9/7 | BTC:$77076.9800 | USDT:230008.000 | ARB:-0.145% | فرصت:135
[3738] منابع:9/7 | BTC:$77069.3600 | USDT:230008.000 | ARB:-0.135% | فرصت:135
[3741] منابع:9/7 | BTC:$77067.0700 | USDT:230008.000 | ARB:-0.132% | فرصت:135
[3744] منابع:10/7 | BTC:$77077.8800 | USDT:230015.000 | ARB:-0.132% | فرصت:135
[3747] منابع:10/7 | BTC:$77079.1300 | USDT:230015.000 | ARB:-0.134% | فرصت:135
[3750] منابع:9/7 | BTC:$77076.0000 | USDT:230015.000 | ARB:-0.130% | فرصت:135
[3753] منابع:6/7 | BTC:$77067.0800 | USDT:— | ARB:0% | فرصت:135
[3756] منابع:9/7 | BTC:$77067.0700 | USDT:230015.000 | ARB:-0.118% | فرصت:135
[3759] منابع:9/7 | BTC:$77067.0800 | USDT:230015.000 | ARB:-0.118% | فرصت:135
[3762] منابع:10/7 | BTC:$77068.4600 | USDT:230015.000 | ARB:-0.120% | فرصت:135
[3765] منابع:9/7 | BTC:$77075.4300 | USDT:230015.000 | ARB:-0.129% | فرصت:135
[3768] منابع:9/7 | BTC:$77075.4300 | USDT:230015.000 | ARB:-0.129% | فرصت:135
[3771] منابع:9/7 | BTC:$77075.4200 | USDT:230015.000 | ARB:-0.129% | فرصت:135
[3774] منابع:9/7 | BTC:$77081.6500 | USDT:230015.000 | ARB:-0.137% | فرصت:135
[3777] منابع:9/7 | BTC:$77081.6400 | USDT:230015.000 | ARB:-0.137% | فرصت:135
[3780] منابع:10/7 | BTC:$77081.6400 | USDT:230015.000 | ARB:-0.137% | فرصت:135
[3783] منابع:10/7 | BTC:$77081.6500 | USDT:230015.000 | ARB:-0.137% | فرصت:135
[3786] منابع:6/7 | BTC:$77081.6400 | USDT:— | ARB:0% | فرصت:135
[3789] منابع:9/7 | BTC:$77086.0100 | USDT:230015.000 | ARB:-0.143% | فرصت:135
[3792] منابع:9/7 | BTC:$77090.5900 | USDT:230015.000 | ARB:-0.149% | فرصت:135
[3795] منابع:9/7 | BTC:$77113.0200 | USDT:230015.000 | ARB:-0.178% | فرصت:135
[3798] منابع:10/7 | BTC:$77120.0100 | USDT:230015.000 | ARB:-0.187% | فرصت:135
[3801] منابع:10/7 | BTC:$77118.0200 | USDT:230015.000 | ARB:-0.184% | فرصت:135
[3804] منابع:9/7 | BTC:$77118.9500 | USDT:230015.000 | ARB:-0.186% | فرصت:135
[3807] منابع:9/7 | BTC:$77120.0000 | USDT:230015.000 | ARB:-0.187% | فرصت:135
[3810] منابع:9/7 | BTC:$77110.0100 | USDT:230015.000 | ARB:-0.174% | فرصت:135
[3813] منابع:9/7 | BTC:$77112.4800 | USDT:230015.000 | ARB:-0.177% | فرصت:135
[3816] منابع:7/7 | BTC:$77110.0000 | USDT:— | ARB:0% | فرصت:135
[3819] منابع:10/7 | BTC:$77099.3900 | USDT:230015.000 | ARB:-0.160% | فرصت:135
[3822] منابع:9/7 | BTC:$77104.8600 | USDT:230015.000 | ARB:-0.167% | فرصت:135
[3825] منابع:9/7 | BTC:$77104.8700 | USDT:230015.000 | ARB:-0.167% | فرصت:135
[3828] منابع:9/7 | BTC:$77107.2400 | USDT:230015.000 | ARB:-0.170% | فرصت:135
[3831] منابع:10/7 | BTC:$77107.3000 | USDT:230015.000 | ARB:-0.171% | فرصت:135
[3834] منابع:9/7 | BTC:$77108.0100 | USDT:230015.000 | ARB:-0.171% | فرصت:135
[3837] منابع:10/7 | BTC:$77111.5100 | USDT:230000.000 | ARB:-0.169% | فرصت:135
[3840] منابع:10/7 | BTC:$77111.5100 | USDT:230000.000 | ARB:-0.169% | فرصت:135
[3843] منابع:9/7 | BTC:$77111.5000 | USDT:230000.000 | ARB:-0.169% | فرصت:135
[3846] منابع:9/7 | BTC:$77117.7600 | USDT:230000.000 | ARB:-0.178% | فرصت:135
[3849] منابع:9/7 | BTC:$77120.6900 | USDT:230000.000 | ARB:-0.181% | فرصت:135
[3852] منابع:9/7 | BTC:$77117.7600 | USDT:230000.000 | ARB:-0.178% | فرصت:135
[3855] منابع:10/7 | BTC:$77092.0400 | USDT:230000.000 | ARB:-0.144% | فرصت:135
[3858] منابع:9/7 | BTC:$77092.0400 | USDT:230000.000 | ARB:-0.144% | فرصت:135
[3861] منابع:9/7 | BTC:$77092.0400 | USDT:230000.000 | ARB:-0.144% | فرصت:135
[3864] منابع:9/7 | BTC:$77093.5300 | USDT:230000.000 | ARB:-0.146% | فرصت:135
[3867] منابع:9/7 | BTC:$77093.5300 | USDT:230000.000 | ARB:-0.146% | فرصت:135
[3870] منابع:9/7 | BTC:$77093.5300 | USDT:230000.000 | ARB:-0.146% | فرصت:135
[3873] منابع:10/7 | BTC:$77093.5200 | USDT:230000.000 | ARB:-0.146% | فرصت:135
[3876] منابع:10/7 | BTC:$77110.0100 | USDT:230000.000 | ARB:-0.168% | فرصت:135
[3879] منابع:7/7 | BTC:$77118.0100 | USDT:— | ARB:0% | فرصت:135
[3882] منابع:9/7 | BTC:$77119.8400 | USDT:230000.000 | ARB:-0.180% | فرصت:135
[3885] منابع:9/7 | BTC:$77119.8600 | USDT:230000.000 | ARB:-0.180% | فرصت:135
[3888] منابع:9/7 | BTC:$77134.1400 | USDT:230000.000 | ARB:-0.199% | فرصت:135
[3891] منابع:10/7 | BTC:$77150.7100 | USDT:230000.000 | ARB:-0.220% | فرصت:135
[3894] منابع:10/7 | BTC:$77122.0000 | USDT:230000.000 | ARB:-0.183% | فرصت:135
[3897] منابع:9/7 | BTC:$77146.0100 | USDT:230000.000 | ARB:-0.214% | فرصت:135
[3900] منابع:9/7 | BTC:$77160.9700 | USDT:230000.000 | ARB:-0.233% | فرصت:135
[3903] منابع:9/7 | BTC:$77161.8800 | USDT:230000.000 | ARB:-0.235% | فرصت:135
[3906] منابع:9/7 | BTC:$77168.6600 | USDT:230000.000 | ARB:-0.243% | فرصت:135
[3909] منابع:9/7 | BTC:$77168.6600 | USDT:230000.000 | ARB:-0.243% | فرصت:135
[3912] منابع:10/7 | BTC:$77168.6600 | USDT:230000.000 | ARB:-0.243% | فرصت:135
[3915] منابع:10/7 | BTC:$77173.7300 | USDT:230000.000 | ARB:-0.250% | فرصت:135
[3918] منابع:9/7 | BTC:$77179.9900 | USDT:230000.000 | ARB:-0.258% | فرصت:135
[3921] منابع:9/7 | BTC:$77182.8300 | USDT:230000.000 | ARB:-0.262% | فرصت:135
[3924] منابع:9/7 | BTC:$77199.9900 | USDT:230000.000 | ARB:-0.284% | فرصت:135
[3927] منابع:9/7 | BTC:$77208.6200 | USDT:230000.000 | ARB:-0.295% | فرصت:135
[3930] منابع:9/7 | BTC:$77248.0000 | USDT:229986.000 | ARB:-0.253% | فرصت:135
[3933] منابع:10/7 | BTC:$77253.2100 | USDT:229986.000 | ARB:-0.259% | فرصت:135
[3936] منابع:9/7 | BTC:$77234.3900 | USDT:229986.000 | ARB:-0.235% | فرصت:135
[3939] منابع:9/7 | BTC:$77204.0000 | USDT:229986.000 | ARB:-0.196% | فرصت:135
[3942] منابع:7/7 | BTC:$77203.8900 | USDT:— | ARB:0% | فرصت:135
[3945] منابع:9/7 | BTC:$77180.0000 | USDT:229986.000 | ARB:-0.165% | فرصت:135
[3948] منابع:9/7 | BTC:$77166.0700 | USDT:229986.000 | ARB:-0.147% | فرصت:135
[3951] منابع:10/7 | BTC:$77166.0700 | USDT:229986.000 | ARB:-0.147% | فرصت:135
[3954] منابع:9/7 | BTC:$77159.7300 | USDT:229986.000 | ARB:-0.139% | فرصت:135
[3957] منابع:9/7 | BTC:$77178.0000 | USDT:229986.000 | ARB:-0.162% | فرصت:135
[3960] منابع:9/7 | BTC:$77180.0000 | USDT:229986.000 | ARB:-0.165% | فرصت:135
[3963] منابع:9/7 | BTC:$77199.8600 | USDT:229986.000 | ARB:-0.190% | فرصت:135
[3966] منابع:9/7 | BTC:$77213.2500 | USDT:229986.000 | ARB:-0.208% | فرصت:135
[3969] منابع:10/7 | BTC:$77205.4700 | USDT:229986.000 | ARB:-0.198% | فرصت:135
[3972] منابع:10/7 | BTC:$77186.2900 | USDT:229986.000 | ARB:-0.173% | فرصت:135
[3975] منابع:9/7 | BTC:$77186.2900 | USDT:229986.000 | ARB:-0.173% | فرصت:135
[3978] منابع:9/7 | BTC:$77190.0000 | USDT:229986.000 | ARB:-0.178% | فرصت:135
[3981] منابع:9/7 | BTC:$77190.0000 | USDT:229986.000 | ARB:-0.178% | فرصت:135
[3984] منابع:9/7 | BTC:$77192.0000 | USDT:229986.000 | ARB:-0.180% | فرصت:135
[3987] منابع:10/7 | BTC:$77192.0100 | USDT:229986.000 | ARB:-0.180% | فرصت:135
[3990] منابع:9/7 | BTC:$77200.0100 | USDT:229986.000 | ARB:-0.191% | فرصت:135
[3993] منابع:9/7 | BTC:$77202.7700 | USDT:229986.000 | ARB:-0.194% | فرصت:135
[3996] منابع:9/7 | BTC:$77206.2300 | USDT:229986.000 | ARB:-0.199% | فرصت:135
[3999] منابع:9/7 | BTC:$77202.7700 | USDT:229986.000 | ARB:-0.194% | فرصت:135
[4002] منابع:9/7 | BTC:$77202.7600 | USDT:229986.000 | ARB:-0.194% | فرصت:135
[4005] منابع:10/7 | BTC:$77202.7700 | USDT:229986.000 | ARB:-0.194% | فرصت:135
[4008] منابع:10/7 | BTC:$77189.7100 | USDT:229986.000 | ARB:-0.177% | فرصت:135
[4011] منابع:9/7 | BTC:$77236.4500 | USDT:229986.000 | ARB:-0.238% | فرصت:135
[4014] منابع:9/7 | BTC:$77252.8600 | USDT:229986.000 | ARB:-0.259% | فرصت:135
[4017] منابع:9/7 | BTC:$77250.3900 | USDT:229986.000 | ARB:-0.256% | فرصت:135
[4020] منابع:9/7 | BTC:$77249.1500 | USDT:229808.000 | ARB:0.0424% | فرصت:135
[4023] منابع:10/7 | BTC:$77232.0000 | USDT:229808.000 | ARB:0.0646% | فرصت:135
[4026] منابع:10/7 | BTC:$77226.0100 | USDT:229808.000 | ARB:0.0723% | فرصت:135
[4029] منابع:9/7 | BTC:$77238.3300 | USDT:229808.000 | ARB:0.0564% | فرصت:135
[4032] منابع:9/7 | BTC:$77218.0100 | USDT:229808.000 | ARB:0.0827% | فرصت:135
[4035] منابع:9/7 | BTC:$77218.0100 | USDT:229808.000 | ARB:0.0827% | فرصت:135
[4038] منابع:9/7 | BTC:$77227.3400 | USDT:229808.000 | ARB:0.0706% | فرصت:135
[4041] منابع:10/7 | BTC:$77227.3400 | USDT:229808.000 | ARB:0.0706% | فرصت:135
[4044] منابع:10/7 | BTC:$77232.0000 | USDT:229808.000 | ARB:0.0646% | فرصت:135
[4047] منابع:7/7 | BTC:$77240.6000 | USDT:— | ARB:0% | فرصت:135
[4050] منابع:9/7 | BTC:$77236.0100 | USDT:229808.000 | ARB:0.0594% | فرصت:135
[4053] منابع:9/7 | BTC:$77236.0100 | USDT:229808.000 | ARB:0.0594% | فرصت:135
[4056] منابع:9/7 | BTC:$77234.0000 | USDT:229808.000 | ARB:0.0620% | فرصت:135
[4059] منابع:10/7 | BTC:$77225.8500 | USDT:229808.000 | ARB:0.0725% | فرصت:135
[4062] منابع:10/7 | BTC:$77225.8500 | USDT:229808.000 | ARB:0.0725% | فرصت:135
[4065] منابع:9/7 | BTC:$77210.8000 | USDT:229808.000 | ARB:0.0920% | فرصت:135
[4068] منابع:9/7 | BTC:$77208.0200 | USDT:229808.000 | ARB:0.0956% | فرصت:135
[4071] منابع:9/7 | BTC:$77208.0200 | USDT:229808.000 | ARB:0.0956% | فرصت:135
[4074] منابع:7/7 | BTC:$77208.0200 | USDT:— | ARB:0% | فرصت:135
[4077] منابع:9/7 | BTC:$77209.9700 | USDT:229808.000 | ARB:0.0931% | فرصت:135
[4080] منابع:10/7 | BTC:$77209.9700 | USDT:229808.000 | ARB:0.0931% | فرصت:135
[4083] منابع:10/7 | BTC:$77210.0000 | USDT:229808.000 | ARB:0.0931% | فرصت:135
[4086] منابع:7/7 | BTC:$77209.9900 | USDT:— | ARB:0% | فرصت:135
[4089] منابع:9/7 | BTC:$77209.9900 | USDT:229808.000 | ARB:0.0931% | فرصت:135
[4092] منابع:9/7 | BTC:$77209.9900 | USDT:229808.000 | ARB:0.0931% | فرصت:135
[4095] منابع:9/7 | BTC:$77200.0000 | USDT:229808.000 | ARB:0.1060% | فرصت:135
[4098] منابع:10/7 | BTC:$77181.3500 | USDT:229808.000 | ARB:0.1302% | فرصت:135
[4101] منابع:10/7 | BTC:$77182.0000 | USDT:229808.000 | ARB:0.1294% | فرصت:135
[4104] منابع:9/7 | BTC:$77182.0100 | USDT:229808.000 | ARB:0.1294% | فرصت:135
[4107] منابع:9/7 | BTC:$77199.2100 | USDT:229808.000 | ARB:0.1071% | فرصت:135
[4110] منابع:9/7 | BTC:$77172.0000 | USDT:229808.000 | ARB:0.1424% | فرصت:135
[4113] منابع:9/7 | BTC:$77196.0100 | USDT:229813.000 | ARB:0.1090% | فرصت:135
[4116] منابع:10/7 | BTC:$77192.9800 | USDT:229813.000 | ARB:0.1130% | فرصت:135
[4119] منابع:10/7 | BTC:$77192.9800 | USDT:229813.000 | ARB:0.1130% | فرصت:135
[4122] منابع:9/7 | BTC:$77190.8800 | USDT:229813.000 | ARB:0.1157% | فرصت:135
[4125] منابع:6/7 | BTC:$77190.8700 | USDT:— | ARB:0% | فرصت:135
[4128] منابع:9/7 | BTC:$77190.8800 | USDT:229813.000 | ARB:0.1157% | فرصت:135
[4131] منابع:9/7 | BTC:$77192.9700 | USDT:229813.000 | ARB:0.1130% | فرصت:135
[4134] منابع:10/7 | BTC:$77192.9800 | USDT:229813.000 | ARB:0.1130% | فرصت:135
[4137] منابع:10/7 | BTC:$77201.9800 | USDT:229813.000 | ARB:0.1013% | فرصت:135
[4140] منابع:9/7 | BTC:$77201.9900 | USDT:229813.000 | ARB:0.1013% | فرصت:135
[4143] منابع:9/7 | BTC:$77196.0100 | USDT:229813.000 | ARB:0.1090% | فرصت:135
[4146] منابع:9/7 | BTC:$77178.0000 | USDT:229813.000 | ARB:0.1324% | فرصت:135
[4149] منابع:9/7 | BTC:$77178.0000 | USDT:229813.000 | ARB:0.1324% | فرصت:135
[4152] منابع:10/7 | BTC:$77178.0100 | USDT:229813.000 | ARB:0.1324% | فرصت:135
[4155] منابع:10/7 | BTC:$77180.0000 | USDT:229813.000 | ARB:0.1298% | فرصت:135
[4158] منابع:9/7 | BTC:$77180.0100 | USDT:229813.000 | ARB:0.1298% | فرصت:135
[4161] منابع:6/7 | BTC:$77180.0100 | USDT:— | ARB:0% | فرصت:135
[4164] منابع:9/7 | BTC:$77180.0000 | USDT:229813.000 | ARB:0.1298% | فرصت:135
[4167] منابع:9/7 | BTC:$77180.0100 | USDT:229813.000 | ARB:0.1298% | فرصت:135
[4170] منابع:9/7 | BTC:$77180.0000 | USDT:229813.000 | ARB:0.1298% | فرصت:135
[4173] منابع:10/7 | BTC:$77180.0000 | USDT:229813.000 | ARB:0.1298% | فرصت:135
[4176] منابع:9/7 | BTC:$77180.0000 | USDT:229813.000 | ARB:0.1298% | فرصت:135
[4179] منابع:9/7 | BTC:$77186.5700 | USDT:229813.000 | ARB:0.1213% | فرصت:135
[4182] منابع:9/7 | BTC:$77201.9700 | USDT:229813.000 | ARB:0.1013% | فرصت:135
[4185] منابع:9/7 | BTC:$77201.9800 | USDT:229813.000 | ARB:0.1013% | فرصت:135
[4188] منابع:10/7 | BTC:$77221.1100 | USDT:229813.000 | ARB:0.0765% | فرصت:135
[4191] منابع:10/7 | BTC:$77221.1000 | USDT:229813.000 | ARB:0.0765% | فرصت:135
[4194] منابع:9/7 | BTC:$77221.1100 | USDT:229813.000 | ARB:0.0765% | فرصت:135
[4197] منابع:9/7 | BTC:$77221.1100 | USDT:229813.000 | ARB:0.0765% | فرصت:135
[4200] منابع:9/7 | BTC:$77221.1000 | USDT:229813.000 | ARB:0.0765% | فرصت:135
[4203] منابع:9/7 | BTC:$77216.0000 | USDT:229813.000 | ARB:0.0831% | فرصت:135
[4206] منابع:7/7 | BTC:$77216.0000 | USDT:— | ARB:0% | فرصت:135
[4209] منابع:2/7 | BTC:$— | USDT:— | ARB:0% | فرصت:135
[4212] منابع:8/7 | BTC:$77188.0100 | USDT:— | ARB:0% | فرصت:135
[4215] منابع:9/7 | BTC:$77182.1500 | USDT:229815.000 | ARB:0.0698% | فرصت:135
[4218] منابع:9/7 | BTC:$77182.1600 | USDT:229815.000 | ARB:0.0698% | فرصت:135
[4221] منابع:9/7 | BTC:$77182.1600 | USDT:229815.000 | ARB:0.0698% | فرصت:135
[4224] منابع:8/7 | BTC:$77178.0100 | USDT:229815.000 | ARB:0.0751% | فرصت:135
[4227] منابع:10/7 | BTC:$77178.0100 | USDT:229815.000 | ARB:0.0751% | فرصت:135
[4230] منابع:10/7 | BTC:$77178.0000 | USDT:229815.000 | ARB:0.0751% | فرصت:135
[4233] منابع:9/7 | BTC:$77157.0300 | USDT:229815.000 | ARB:0.1023% | فرصت:135
[4236] منابع:9/7 | BTC:$77154.0000 | USDT:229815.000 | ARB:0.1063% | فرصت:135
[4239] منابع:9/7 | BTC:$77148.7900 | USDT:229815.000 | ARB:0.1130% | فرصت:135
[4242] منابع:9/7 | BTC:$77148.7900 | USDT:229815.000 | ARB:0.1130% | فرصت:135
[4245] منابع:10/7 | BTC:$77148.7900 | USDT:229815.000 | ARB:0.1130% | فرصت:135
[4248] منابع:8/7 | BTC:$77148.0000 | USDT:— | ARB:0% | فرصت:135
[4251] منابع:9/7 | BTC:$77138.0200 | USDT:229815.000 | ARB:0.1270% | فرصت:135
[4254] منابع:9/7 | BTC:$77133.5400 | USDT:229815.000 | ARB:0.1328% | فرصت:135
[4257] منابع:9/7 | BTC:$77133.5500 | USDT:229815.000 | ARB:0.1328% | فرصت:135
[4260] منابع:9/7 | BTC:$77122.9800 | USDT:229815.000 | ARB:0.1465% | فرصت:135
[4263] منابع:9/7 | BTC:$77126.0100 | USDT:229815.000 | ARB:0.1426% | فرصت:135
[4266] منابع:10/7 | BTC:$77127.0300 | USDT:229815.000 | ARB:0.1413% | فرصت:135
[4269] منابع:10/7 | BTC:$77137.0000 | USDT:229815.000 | ARB:0.1283% | فرصت:135
[4272] منابع:9/7 | BTC:$77137.0000 | USDT:229815.000 | ARB:0.1283% | فرصت:135
[4275] منابع:6/7 | BTC:$77131.6400 | USDT:— | ARB:0% | فرصت:135
[4278] منابع:9/7 | BTC:$77122.2900 | USDT:229815.000 | ARB:0.1474% | فرصت:135
[4281] منابع:9/7 | BTC:$77122.0000 | USDT:229815.000 | ARB:0.1478% | فرصت:135
[4284] منابع:10/7 | BTC:$77114.6300 | USDT:229815.000 | ARB:0.1574% | فرصت:135
[4287] منابع:9/7 | BTC:$77115.8800 | USDT:229815.000 | ARB:0.1558% | فرصت:135
[4290] منابع:9/7 | BTC:$77115.8700 | USDT:229815.000 | ARB:0.1558% | فرصت:135
[4293] منابع:9/7 | BTC:$77115.8700 | USDT:229812.000 | ARB:0.0796% | فرصت:135
[4296] منابع:9/7 | BTC:$77115.8800 | USDT:229812.000 | ARB:0.0796% | فرصت:135
[4299] منابع:10/7 | BTC:$77123.7700 | USDT:229812.000 | ARB:0.0693% | فرصت:135
[4302] منابع:0/7 | BTC:$— | USDT:— | ARB:0% | فرصت:135
[4305] منابع:10/7 | BTC:$77123.7800 | USDT:229812.000 | ARB:0.0693% | فرصت:135
[4308] منابع:9/7 | BTC:$77125.4400 | USDT:229812.000 | ARB:0.0672% | فرصت:135
[4311] منابع:9/7 | BTC:$77134.0100 | USDT:229812.000 | ARB:0.0561% | فرصت:135
[4314] منابع:9/7 | BTC:$77134.0100 | USDT:229812.000 | ARB:0.0561% | فرصت:135
[4317] منابع:6/7 | BTC:$77134.0000 | USDT:— | ARB:0% | فرصت:135
[4320] منابع:7/7 | BTC:$77134.0100 | USDT:— | ARB:0% | فرصت:135
[4323] منابع:6/7 | BTC:$77134.0000 | USDT:— | ARB:0% | فرصت:135
[4326] منابع:6/7 | BTC:$— | USDT:— | ARB:0% | فرصت:135
[4329] منابع:9/7 | BTC:$77130.1500 | USDT:229812.000 | ARB:0.0611% | فرصت:135
[4332] منابع:7/7 | BTC:$77123.2000 | USDT:— | ARB:0% | فرصت:135
[4335] منابع:9/7 | BTC:$77122.1200 | USDT:229812.000 | ARB:0.0715% | فرصت:135
[4338] منابع:10/7 | BTC:$77122.1200 | USDT:229812.000 | ARB:0.0715% | فرصت:135
[4341] منابع:10/7 | BTC:$77122.1100 | USDT:229812.000 | ARB:0.0715% | فرصت:135
[4344] منابع:9/7 | BTC:$77122.1100 | USDT:229812.000 | ARB:0.0715% | فرصت:135
[4347] منابع:9/7 | BTC:$77122.1100 | USDT:229812.000 | ARB:0.0715% | فرصت:135
[4350] منابع:9/7 | BTC:$77122.1000 | USDT:229812.000 | ARB:0.0715% | فرصت:135
[4353] منابع:9/7 | BTC:$77122.1000 | USDT:229812.000 | ARB:0.0715% | فرصت:135
[4356] منابع:10/7 | BTC:$77122.1000 | USDT:229812.000 | ARB:0.0715% | فرصت:135
[4359] منابع:10/7 | BTC:$77122.1000 | USDT:229812.000 | ARB:0.0715% | فرصت:135
[4362] منابع:9/7 | BTC:$77122.1000 | USDT:229812.000 | ARB:0.0715% | فرصت:135
[4365] منابع:9/7 | BTC:$77122.1100 | USDT:229812.000 | ARB:0.0715% | فرصت:135
[4368] منابع:9/7 | BTC:$77122.1000 | USDT:229812.000 | ARB:0.0715% | فرصت:135
[4371] منابع:9/7 | BTC:$77114.0100 | USDT:229812.000 | ARB:0.0820% | فرصت:135
[4374] منابع:10/7 | BTC:$77099.9900 | USDT:229812.000 | ARB:0.1002% | فرصت:135
[4377] منابع:10/7 | BTC:$77099.9900 | USDT:229813.000 | ARB:0.0079% | فرصت:135
[4380] منابع:9/7 | BTC:$77099.9900 | USDT:229813.000 | ARB:0.0079% | فرصت:135
[4383] منابع:9/7 | BTC:$77099.9900 | USDT:229813.000 | ARB:0.0079% | فرصت:135
[4386] منابع:9/7 | BTC:$77100.0000 | USDT:229813.000 | ARB:0.0079% | فرصت:135
[4389] منابع:9/7 | BTC:$77100.0000 | USDT:229813.000 | ARB:0.0079% | فرصت:135
[4392] منابع:9/7 | BTC:$77117.7100 | USDT:229813.000 | ARB:-0.015% | فرصت:135
[4395] منابع:8/7 | BTC:$77113.0600 | USDT:— | ARB:0% | فرصت:135
[4398] منابع:10/7 | BTC:$77113.0600 | USDT:229813.000 | ARB:-0.008% | فرصت:135
[4401] منابع:9/7 | BTC:$77110.0000 | USDT:229813.000 | ARB:-0.005% | فرصت:135
[4404] منابع:9/7 | BTC:$77110.0000 | USDT:229813.000 | ARB:-0.005% | فرصت:135
[4407] منابع:9/7 | BTC:$77084.0100 | USDT:229813.000 | ARB:0.0286% | فرصت:135
[4410] منابع:9/7 | BTC:$77084.0000 | USDT:229813.000 | ARB:0.0287% | فرصت:135
[4413] منابع:10/7 | BTC:$77084.0000 | USDT:229813.000 | ARB:0.0287% | فرصت:135
[4416] منابع:10/7 | BTC:$77071.1000 | USDT:229813.000 | ARB:0.0454% | فرصت:135
[4419] منابع:9/7 | BTC:$77068.3800 | USDT:229813.000 | ARB:0.0489% | فرصت:135
[4422] منابع:9/7 | BTC:$77055.9400 | USDT:229813.000 | ARB:0.0651% | فرصت:135
[4425] منابع:6/7 | BTC:$77055.9400 | USDT:— | ARB:0% | فرصت:135
[4428] منابع:9/7 | BTC:$77055.9200 | USDT:229813.000 | ARB:0.0651% | فرصت:135
[4431] منابع:10/7 | BTC:$77050.0200 | USDT:229813.000 | ARB:0.0728% | فرصت:135
[4434] منابع:10/7 | BTC:$77040.6100 | USDT:229813.000 | ARB:0.0850% | فرصت:135
[4437] منابع:9/7 | BTC:$77038.0100 | USDT:229813.000 | ARB:0.0884% | فرصت:135
[4440] منابع:9/7 | BTC:$77015.0000 | USDT:229813.000 | ARB:0.1183% | فرصت:135
[4443] منابع:9/7 | BTC:$77027.3000 | USDT:229813.000 | ARB:0.1023% | فرصت:135
[4446] منابع:9/7 | BTC:$77026.7300 | USDT:229813.000 | ARB:0.1030% | فرصت:135
[4449] منابع:9/7 | BTC:$77034.4200 | USDT:229813.000 | ARB:0.0930% | فرصت:135
[4452] منابع:10/7 | BTC:$77027.0100 | USDT:229813.000 | ARB:0.1027% | فرصت:135
[4455] منابع:9/7 | BTC:$77027.0100 | USDT:229813.000 | ARB:0.1027% | فرصت:135
[4458] منابع:9/7 | BTC:$77033.1700 | USDT:229813.000 | ARB:0.0947% | فرصت:135
[4461] منابع:0/7 | BTC:$— | USDT:— | ARB:0% | فرصت:135
[4464] منابع:9/7 | BTC:$77033.1700 | USDT:229813.000 | ARB:0.0947% | فرصت:135
[4467] منابع:9/7 | BTC:$77033.1800 | USDT:229813.000 | ARB:0.0946% | فرصت:135
[4470] منابع:10/7 | BTC:$77033.1800 | USDT:229500.000 | ARB:0.2312% | فرصت:135
[4473] منابع:10/7 | BTC:$77033.1800 | USDT:229500.000 | ARB:0.2312% | فرصت:135
[4476] منابع:9/7 | BTC:$77030.8700 | USDT:229500.000 | ARB:0.2342% | فرصت:135
[4479] منابع:9/7 | BTC:$77029.9000 | USDT:229500.000 | ARB:0.2354% | فرصت:135
[4482] منابع:9/7 | BTC:$77038.0100 | USDT:229500.000 | ARB:0.2249% | فرصت:135
[4485] منابع:9/7 | BTC:$77041.8600 | USDT:229500.000 | ARB:0.2199% | فرصت:135
[4488] منابع:10/7 | BTC:$77041.8600 | USDT:229500.000 | ARB:0.2199% | فرصت:135
[4491] منابع:10/7 | BTC:$77043.2400 | USDT:229500.000 | ARB:0.2181% | فرصت:135
[4494] منابع:6/7 | BTC:$77044.0000 | USDT:— | ARB:0% | فرصت:135
[4497] منابع:9/7 | BTC:$77069.2000 | USDT:229500.000 | ARB:0.1843% | فرصت:135
[4500] منابع:9/7 | BTC:$77087.1800 | USDT:229500.000 | ARB:0.1609% | فرصت:135
[4503] منابع:9/7 | BTC:$77094.7400 | USDT:229500.000 | ARB:0.1511% | فرصت:135
[4506] منابع:10/7 | BTC:$77094.0100 | USDT:229500.000 | ARB:0.1521% | فرصت:135
[4509] منابع:10/7 | BTC:$77126.3300 | USDT:229500.000 | ARB:0.1101% | فرصت:135
[4512] منابع:9/7 | BTC:$77158.0100 | USDT:229500.000 | ARB:0.0690% | فرصت:135
[4515] منابع:9/7 | BTC:$77162.0100 | USDT:229500.000 | ARB:0.0638% | فرصت:135
[4518] منابع:9/7 | BTC:$77202.7900 | USDT:229500.000 | ARB:0.0110% | فرصت:135
[4521] منابع:9/7 | BTC:$77190.0000 | USDT:229500.000 | ARB:0.0275% | فرصت:135
[4524] منابع:9/7 | BTC:$77175.7500 | USDT:229500.000 | ARB:0.0460% | فرصت:135
[4527] منابع:7/7 | BTC:$77164.0000 | USDT:— | ARB:0% | فرصت:135
[4530] منابع:9/7 | BTC:$77162.0100 | USDT:229500.000 | ARB:0.0638% | فرصت:135
[4533] منابع:9/7 | BTC:$77148.0100 | USDT:229500.000 | ARB:0.0820% | فرصت:135
[4536] منابع:9/7 | BTC:$77146.0100 | USDT:229500.000 | ARB:0.0846% | فرصت:135
[4539] منابع:9/7 | BTC:$77148.0000 | USDT:229500.000 | ARB:0.0820% | فرصت:135
[4542] منابع:10/7 | BTC:$77150.0200 | USDT:229500.000 | ARB:0.0794% | فرصت:135
[4545] منابع:10/7 | BTC:$77164.0900 | USDT:229500.000 | ARB:0.0611% | فرصت:135
[4548] منابع:9/7 | BTC:$77174.0100 | USDT:229500.000 | ARB:0.0483% | فرصت:135
[4551] منابع:9/7 | BTC:$77170.0100 | USDT:229500.000 | ARB:0.0534% | فرصت:135
[4554] منابع:9/7 | BTC:$77148.0100 | USDT:229500.000 | ARB:0.0820% | فرصت:135
[4557] منابع:9/7 | BTC:$77128.0100 | USDT:229500.000 | ARB:0.1079% | فرصت:135
[4560] منابع:9/7 | BTC:$77102.0100 | USDT:229223.000 | ARB:0.1074% | فرصت:135
[4563] منابع:7/7 | BTC:$77102.0100 | USDT:— | ARB:0% | فرصت:135
[4566] منابع:10/7 | BTC:$77094.0100 | USDT:229223.000 | ARB:0.1178% | فرصت:135
[4569] منابع:9/7 | BTC:$77090.0100 | USDT:229223.000 | ARB:0.1230% | فرصت:135
[4572] منابع:9/7 | BTC:$77053.0800 | USDT:229223.000 | ARB:0.1710% | فرصت:135
[4575] منابع:9/7 | BTC:$77049.2100 | USDT:229223.000 | ARB:0.1760% | فرصت:135
[4578] منابع:9/7 | BTC:$77026.6300 | USDT:229223.000 | ARB:0.2054% | فرصت:135
[4581] منابع:10/7 | BTC:$77036.0100 | USDT:229223.000 | ARB:0.1932% | فرصت:135
[4584] منابع:10/7 | BTC:$77038.0100 | USDT:229223.000 | ARB:0.1906% | فرصت:135
[4587] منابع:9/7 | BTC:$77050.0100 | USDT:229223.000 | ARB:0.1750% | فرصت:135
[4590] منابع:9/7 | BTC:$77050.0000 | USDT:229223.000 | ARB:0.1750% | فرصت:135
[4593] منابع:9/7 | BTC:$77064.6800 | USDT:229223.000 | ARB:0.1559% | فرصت:135
[4596] منابع:9/7 | BTC:$77074.0800 | USDT:229223.000 | ARB:0.1437% | فرصت:135
[4599] منابع:7/7 | BTC:$77078.0000 | USDT:— | ARB:0% | فرصت:135
[4602] منابع:10/7 | BTC:$77078.0000 | USDT:229223.000 | ARB:0.1386% | فرصت:135
[4605] منابع:10/7 | BTC:$77078.0000 | USDT:229223.000 | ARB:0.1386% | فرصت:135
[4608] منابع:9/7 | BTC:$77076.0000 | USDT:229223.000 | ARB:0.1412% | فرصت:135
[4611] منابع:9/7 | BTC:$77078.0000 | USDT:229223.000 | ARB:0.1386% | فرصت:135
[4614] منابع:9/7 | BTC:$77078.0100 | USDT:229223.000 | ARB:0.1386% | فرصت:135
[4617] منابع:9/7 | BTC:$77078.0100 | USDT:229223.000 | ARB:0.1386% | فرصت:135
[4620] منابع:10/7 | BTC:$77078.0000 | USDT:229223.000 | ARB:0.1386% | فرصت:135
[4623] منابع:10/7 | BTC:$77097.0900 | USDT:229223.000 | ARB:0.1138% | فرصت:135
[4626] منابع:9/7 | BTC:$77097.1000 | USDT:229223.000 | ARB:0.1138% | فرصت:135
[4629] منابع:9/7 | BTC:$77098.0100 | USDT:229223.000 | ARB:0.1126% | فرصت:135
[4632] منابع:9/7 | BTC:$77098.0100 | USDT:229223.000 | ARB:0.1126% | فرصت:135
[4635] منابع:9/7 | BTC:$77104.0100 | USDT:229223.000 | ARB:0.1048% | فرصت:135
[4638] منابع:9/7 | BTC:$77114.0100 | USDT:229223.000 | ARB:0.0918% | فرصت:135
[4641] منابع:10/7 | BTC:$77111.5300 | USDT:229223.000 | ARB:0.0950% | فرصت:135
[4644] منابع:9/7 | BTC:$77111.5400 | USDT:229223.000 | ARB:0.0950% | فرصت:135
[4647] منابع:9/7 | BTC:$77114.0100 | USDT:229223.000 | ARB:0.0918% | فرصت:135
[4650] منابع:9/7 | BTC:$77114.0000 | USDT:229417.000 | ARB:0.1066% | فرصت:135
[4653] منابع:9/7 | BTC:$77115.8500 | USDT:229417.000 | ARB:0.1042% | فرصت:135
[4656] منابع:9/7 | BTC:$77115.8500 | USDT:229417.000 | ARB:0.1042% | فرصت:135
[4659] منابع:10/7 | BTC:$77115.8500 | USDT:229417.000 | ARB:0.1042% | فرصت:135
[4662] منابع:10/7 | BTC:$77115.8400 | USDT:229417.000 | ARB:0.1042% | فرصت:135
[4665] منابع:9/7 | BTC:$77098.0000 | USDT:229417.000 | ARB:0.1274% | فرصت:135
[4668] منابع:9/7 | BTC:$77089.2900 | USDT:229417.000 | ARB:0.1387% | فرصت:135
[4671] منابع:9/7 | BTC:$77080.7300 | USDT:229417.000 | ARB:0.1498% | فرصت:135
[4674] منابع:6/7 | BTC:$77080.7300 | USDT:— | ARB:0% | فرصت:135
[4677] منابع:10/7 | BTC:$77080.7400 | USDT:229417.000 | ARB:0.1498% | فرصت:135
[4680] منابع:10/7 | BTC:$77080.7400 | USDT:229417.000 | ARB:0.1498% | فرصت:135
[4683] منابع:9/7 | BTC:$77080.7300 | USDT:229417.000 | ARB:0.1498% | فرصت:135
[4686] منابع:9/7 | BTC:$77080.7300 | USDT:229417.000 | ARB:0.1498% | فرصت:135
[4689] منابع:9/7 | BTC:$77080.7400 | USDT:229417.000 | ARB:0.1498% | فرصت:135
[4692] منابع:9/7 | BTC:$77080.7400 | USDT:229417.000 | ARB:0.1498% | فرصت:135
[4695] منابع:10/7 | BTC:$77080.7300 | USDT:229417.000 | ARB:0.1498% | فرصت:135
[4698] منابع:8/7 | BTC:$77080.7400 | USDT:— | ARB:0% | فرصت:135
[4701] منابع:9/7 | BTC:$77085.0200 | USDT:229417.000 | ARB:0.1443% | فرصت:135
[4704] منابع:9/7 | BTC:$77085.0200 | USDT:229417.000 | ARB:0.1443% | فرصت:135
[4707] منابع:9/7 | BTC:$77085.0200 | USDT:229417.000 | ARB:0.1443% | فرصت:135
[4710] منابع:0/7 | BTC:$— | USDT:— | ARB:0% | فرصت:135
[4713] منابع:10/7 | BTC:$77085.0300 | USDT:229417.000 | ARB:0.1442% | فرصت:135
[4716] منابع:10/7 | BTC:$77080.7400 | USDT:229417.000 | ARB:0.1498% | فرصت:135
[4719] منابع:9/7 | BTC:$77069.7900 | USDT:229417.000 | ARB:0.1640% | فرصت:135
[4722] منابع:9/7 | BTC:$77069.7900 | USDT:229417.000 | ARB:0.1640% | فرصت:135
[4725] منابع:9/7 | BTC:$77069.7900 | USDT:229417.000 | ARB:0.1640% | فرصت:135
[4728] منابع:9/7 | BTC:$77080.7700 | USDT:229417.000 | ARB:0.1498% | فرصت:135
[4731] منابع:9/7 | BTC:$77092.0100 | USDT:229417.000 | ARB:0.1352% | فرصت:135
[4734] منابع:10/7 | BTC:$77092.0100 | USDT:229417.000 | ARB:0.1352% | فرصت:135
[4737] منابع:9/7 | BTC:$77092.0100 | USDT:229417.000 | ARB:0.1352% | فرصت:135
[4740] منابع:9/7 | BTC:$77098.5800 | USDT:229417.000 | ARB:0.1266% | فرصت:135
[4743] منابع:9/7 | BTC:$77098.5700 | USDT:229691.000 | ARB:-0.106% | فرصت:135
[4746] منابع:5/7 | BTC:$— | USDT:— | ARB:0% | فرصت:135
[4749] منابع:10/7 | BTC:$77098.5800 | USDT:229691.000 | ARB:-0.106% | فرصت:135
[4752] منابع:10/7 | BTC:$77098.5700 | USDT:229691.000 | ARB:-0.106% | فرصت:135
[4755] منابع:9/7 | BTC:$77098.5800 | USDT:229691.000 | ARB:-0.106% | فرصت:135
[4758] منابع:9/7 | BTC:$77098.5700 | USDT:229691.000 | ARB:-0.106% | فرصت:135
[4761] منابع:9/7 | BTC:$77099.5200 | USDT:229691.000 | ARB:-0.107% | فرصت:135
[4764] منابع:9/7 | BTC:$77108.0100 | USDT:229691.000 | ARB:-0.118% | فرصت:135
[4767] منابع:10/7 | BTC:$77178.0100 | USDT:229691.000 | ARB:-0.209% | فرصت:135
[4770] منابع:10/7 | BTC:$77177.9900 | USDT:229691.000 | ARB:-0.209% | فرصت:135
[4773] منابع:9/7 | BTC:$77176.1400 | USDT:229691.000 | ARB:-0.206% | فرصت:135
[4776] منابع:9/7 | BTC:$77171.5400 | USDT:229691.000 | ARB:-0.200% | فرصت:135
[4779] منابع:1/7 | BTC:$— | USDT:— | ARB:0% | فرصت:135
[4782] منابع:9/7 | BTC:$77170.0100 | USDT:229691.000 | ARB:-0.198% | فرصت:135
[4785] منابع:10/7 | BTC:$77170.0000 | USDT:229691.000 | ARB:-0.198% | فرصت:135
[4788] منابع:9/7 | BTC:$77164.6500 | USDT:229691.000 | ARB:-0.191% | فرصت:135
[4791] منابع:9/7 | BTC:$77163.3100 | USDT:229691.000 | ARB:-0.190% | فرصت:135
[4794] منابع:9/7 | BTC:$77154.0100 | USDT:229691.000 | ARB:-0.178% | فرصت:135
[4797] منابع:9/7 | BTC:$77154.0000 | USDT:229691.000 | ARB:-0.178% | فرصت:135
[4800] منابع:9/7 | BTC:$77142.0100 | USDT:229691.000 | ARB:-0.162% | فرصت:135
[4803] منابع:10/7 | BTC:$77142.0100 | USDT:229691.000 | ARB:-0.162% | فرصت:135
[4806] منابع:10/7 | BTC:$77142.0000 | USDT:229691.000 | ARB:-0.162% | فرصت:135
[4809] منابع:6/7 | BTC:$77142.0000 | USDT:— | ARB:0% | فرصت:135
[4812] منابع:9/7 | BTC:$77142.0100 | USDT:229691.000 | ARB:-0.162% | فرصت:135
[4815] منابع:9/7 | BTC:$77142.0000 | USDT:229691.000 | ARB:-0.162% | فرصت:135
[4818] منابع:9/7 | BTC:$77142.0000 | USDT:229691.000 | ARB:-0.162% | فرصت:135
[4821] منابع:10/7 | BTC:$77142.0100 | USDT:229691.000 | ARB:-0.162% | فرصت:135
[4824] منابع:9/7 | BTC:$77142.0000 | USDT:229691.000 | ARB:-0.162% | فرصت:135
[4827] منابع:9/7 | BTC:$77142.0100 | USDT:229691.000 | ARB:-0.162% | فرصت:135
[4830] منابع:9/7 | BTC:$77159.5400 | USDT:229776.000 | ARB:-0.109% | فرصت:135
[4833] منابع:9/7 | BTC:$77159.5300 | USDT:229776.000 | ARB:-0.109% | فرصت:135
[4836] منابع:9/7 | BTC:$77159.5400 | USDT:229776.000 | ARB:-0.109% | فرصت:135
[4839] منابع:10/7 | BTC:$77159.5300 | USDT:229776.000 | ARB:-0.109% | فرصت:135
[4842] منابع:10/7 | BTC:$77159.5400 | USDT:229776.000 | ARB:-0.109% | فرصت:135
[4845] منابع:7/7 | BTC:$77159.5300 | USDT:— | ARB:0% | فرصت:135
[4848] منابع:9/7 | BTC:$77159.5300 | USDT:229776.000 | ARB:-0.109% | فرصت:135
[4851] منابع:9/7 | BTC:$77159.5300 | USDT:229776.000 | ARB:-0.109% | فرصت:135
[4854] منابع:9/7 | BTC:$77159.5400 | USDT:229776.000 | ARB:-0.109% | فرصت:135
[4857] منابع:9/7 | BTC:$77159.5300 | USDT:229776.000 | ARB:-0.109% | فرصت:135
[4860] منابع:10/7 | BTC:$77158.0100 | USDT:229776.000 | ARB:-0.107% | فرصت:135
[4863] منابع:10/7 | BTC:$77140.0000 | USDT:229776.000 | ARB:-0.084% | فرصت:135
[4866] منابع:6/7 | BTC:$77140.0100 | USDT:229776.000 | ARB:-0.084% | فرصت:135
[4869] منابع:9/7 | BTC:$77140.0000 | USDT:229776.000 | ARB:-0.084% | فرصت:135
[4872] منابع:9/7 | BTC:$77141.9900 | USDT:229776.000 | ARB:-0.086% | فرصت:135
[4875] منابع:9/7 | BTC:$77141.9800 | USDT:229776.000 | ARB:-0.086% | فرصت:135
[4878] منابع:8/7 | BTC:$77137.1300 | USDT:— | ARB:0% | فرصت:135
[4881] منابع:0/7 | BTC:$— | USDT:— | ARB:0% | فرصت:135
[4884] منابع:10/7 | BTC:$77137.1300 | USDT:229776.000 | ARB:-0.080% | فرصت:135
[4887] منابع:9/7 | BTC:$77137.1200 | USDT:229776.000 | ARB:-0.080% | فرصت:135
[4890] منابع:9/7 | BTC:$77152.0000 | USDT:229776.000 | ARB:-0.099% | فرصت:135
[4893] منابع:9/7 | BTC:$77146.0000 | USDT:229776.000 | ARB:-0.091% | فرصت:135
[4896] منابع:9/7 | BTC:$77140.7500 | USDT:229776.000 | ARB:-0.085% | فرصت:135
[4899] منابع:9/7 | BTC:$77140.7500 | USDT:229776.000 | ARB:-0.085% | فرصت:135
[4902] منابع:10/7 | BTC:$77145.5200 | USDT:229776.000 | ARB:-0.091% | فرصت:135
[4905] منابع:9/7 | BTC:$77145.5200 | USDT:229776.000 | ARB:-0.091% | فرصت:135
[4908] منابع:9/7 | BTC:$77152.2200 | USDT:229776.000 | ARB:-0.099% | فرصت:135
[4911] منابع:9/7 | BTC:$77135.3800 | USDT:229776.000 | ARB:-0.078% | فرصت:135
[4914] منابع:9/7 | BTC:$77135.3800 | USDT:229776.000 | ARB:-0.078% | فرصت:135
[4917] منابع:8/7 | BTC:$77134.0200 | USDT:229776.000 | ARB:-0.076% | فرصت:135
[4920] منابع:7/7 | BTC:$77134.0100 | USDT:— | ARB:0% | فرصت:135
[4923] منابع:9/7 | BTC:$77122.0100 | USDT:229690.000 | ARB:-0.022% | فرصت:135
[4926] منابع:8/7 | BTC:$77122.0100 | USDT:229690.000 | ARB:-0.022% | فرصت:135
[4929] منابع:8/7 | BTC:$77122.0100 | USDT:229690.000 | ARB:-0.022% | فرصت:135
[4932] منابع:9/7 | BTC:$77122.0000 | USDT:229690.000 | ARB:-0.022% | فرصت:135
[4935] منابع:10/7 | BTC:$77122.0100 | USDT:229690.000 | ARB:-0.022% | فرصت:135
[4938] منابع:10/7 | BTC:$77122.0100 | USDT:229690.000 | ARB:-0.022% | فرصت:135
[4941] منابع:9/7 | BTC:$77122.0200 | USDT:229690.000 | ARB:-0.022% | فرصت:135
[4944] منابع:9/7 | BTC:$77122.0200 | USDT:229690.000 | ARB:-0.022% | فرصت:135
[4947] منابع:9/7 | BTC:$77122.0100 | USDT:229690.000 | ARB:-0.022% | فرصت:135
[4950] منابع:8/7 | BTC:$77138.0100 | USDT:229690.000 | ARB:-0.043% | فرصت:135
[4953] منابع:10/7 | BTC:$77145.0700 | USDT:229690.000 | ARB:-0.052% | فرصت:135
[4956] منابع:10/7 | BTC:$77134.8300 | USDT:229690.000 | ARB:-0.039% | فرصت:135
[4959] منابع:9/7 | BTC:$77134.8200 | USDT:229690.000 | ARB:-0.039% | فرصت:135
[4962] منابع:9/7 | BTC:$77134.8200 | USDT:229690.000 | ARB:-0.039% | فرصت:135
[4965] منابع:9/7 | BTC:$77134.8300 | USDT:229690.000 | ARB:-0.039% | فرصت:135
[4968] منابع:1/7 | BTC:$— | USDT:— | ARB:0% | فرصت:135
[4971] منابع:1/7 | BTC:$77151.8900 | USDT:— | ARB:0% | فرصت:135
[4974] منابع:0/7 | BTC:$— | USDT:— | ARB:0% | فرصت:135
[4977] منابع:1/7 | BTC:$77112 | USDT:— | ARB:0% | فرصت:135
[4980] منابع:0/7 | BTC:$— | USDT:— | ARB:0% | فرصت:135
[4983] منابع:8/7 | BTC:$77165.4400 | USDT:— | ARB:0% | فرصت:135
[4986] منابع:0/7 | BTC:$— | USDT:— | ARB:0% | فرصت:135
[4989] منابع:7/7 | BTC:$77167.9700 | USDT:— | ARB:0% | فرصت:135
[4992] منابع:0/7 | BTC:$— | USDT:— | ARB:0% | فرصت:135
[4995] منابع:0/7 | BTC:$— | USDT:— | ARB:0% | فرصت:135
[4998] منابع:3/7 | BTC:$— | USDT:— | ARB:0% | فرصت:135
[5001] منابع:8/7 | BTC:$77184.8300 | USDT:— | ARB:0% | فرصت:135
[5004] منابع:6/7 | BTC:$77180.0000 | USDT:— | ARB:0% | فرصت:135
[5007] منابع:4/7 | BTC:$77176.0000 | USDT:— | ARB:0% | فرصت:135
[5010] منابع:1/7 | BTC:$— | USDT:— | ARB:0% | فرصت:135
[5013] منابع:4/7 | BTC:$— | USDT:— | ARB:0% | فرصت:135
[5016] منابع:7/7 | BTC:$77160.0100 | USDT:— | ARB:0% | فرصت:135
[5019] منابع:1/7 | BTC:$77152 | USDT:— | ARB:0% | فرصت:135
[5022] منابع:9/7 | BTC:$77157.0000 | USDT:229387.000 | ARB:0.0639% | فرصت:135
[5025] منابع:9/7 | BTC:$77157.0000 | USDT:229387.000 | ARB:0.0639% | فرصت:135
[5028] منابع:2/7 | BTC:$77157.0100 | USDT:— | ARB:0% | فرصت:135
[5031] منابع:4/7 | BTC:$— | USDT:— | ARB:0% | فرصت:135
[5034] منابع:4/7 | BTC:$— | USDT:— | ARB:0% | فرصت:135
[5037] منابع:7/7 | BTC:$77172.0000 | USDT:— | ARB:0% | فرصت:135
[5040] منابع:2/7 | BTC:$77168.0000 | USDT:— | ARB:0% | فرصت:135
[5043] منابع:9/7 | BTC:$77168.0000 | USDT:229387.000 | ARB:0.0497% | فرصت:135
[5046] منابع:6/7 | BTC:$77154.7400 | USDT:— | ARB:0% | فرصت:135
[5049] منابع:8/7 | BTC:$77148.0000 | USDT:229387.000 | ARB:0.0756% | فرصت:135
[5052] منابع:10/7 | BTC:$77148.0000 | USDT:229387.000 | ARB:0.0756% | فرصت:135
[5055] منابع:1/7 | BTC:$77134.0000 | USDT:— | ARB:0% | فرصت:135
[5058] منابع:10/7 | BTC:$77144.6700 | USDT:229387.000 | ARB:0.0799% | فرصت:135
[5061] منابع:5/7 | BTC:$— | USDT:— | ARB:0% | فرصت:135
[5064] منابع:7/7 | BTC:$77159.9800 | USDT:— | ARB:0% | فرصت:135
[5067] منابع:4/7 | BTC:$— | USDT:— | ARB:0% | فرصت:135
[5070] منابع:9/7 | BTC:$77129.3700 | USDT:229499.000 | ARB:0.0509% | فرصت:135
[5073] منابع:9/7 | BTC:$77148.0000 | USDT:229499.000 | ARB:0.0268% | فرصت:135
[5076] منابع:7/7 | BTC:$77150.6600 | USDT:— | ARB:0% | فرصت:135
[5079] منابع:0/7 | BTC:$— | USDT:— | ARB:0% | فرصت:135
[5082] منابع:8/7 | BTC:$77202.0000 | USDT:— | ARB:0% | فرصت:135
[5085] منابع:7/7 | BTC:$77229.9900 | USDT:— | ARB:0% | فرصت:135
[5088] منابع:9/7 | BTC:$77228.0100 | USDT:229499.000 | ARB:-0.076% | فرصت:135
[5091] منابع:9/7 | BTC:$77221.5300 | USDT:229499.000 | ARB:-0.068% | فرصت:135
[5094] منابع:9/7 | BTC:$77230.0100 | USDT:229499.000 | ARB:-0.079% | فرصت:135
[5097] منابع:9/7 | BTC:$77230.0000 | USDT:229499.000 | ARB:-0.079% | فرصت:135
[5100] منابع:10/7 | BTC:$77214.0100 | USDT:229499.000 | ARB:-0.058% | فرصت:135
[5103] منابع:10/7 | BTC:$77214.0000 | USDT:229499.000 | ARB:-0.058% | فرصت:135
[5106] منابع:7/7 | BTC:$77210.0100 | USDT:— | ARB:0% | فرصت:135
[5109] منابع:6/7 | BTC:$77210.0000 | USDT:— | ARB:0% | فرصت:135
[5112] منابع:9/7 | BTC:$77210.0000 | USDT:229499.000 | ARB:-0.053% | فرصت:135
[5115] منابع:6/7 | BTC:$77206.0100 | USDT:— | ARB:0% | فرصت:135
[5118] منابع:10/7 | BTC:$77200.3300 | USDT:229499.000 | ARB:-0.040% | فرصت:135
[5121] منابع:7/7 | BTC:$77202.0000 | USDT:— | ARB:0% | فرصت:135
[5124] منابع:5/7 | BTC:$77197.7000 | USDT:— | ARB:0% | فرصت:135
[5127] منابع:9/7 | BTC:$77202.0100 | USDT:229499.000 | ARB:-0.043% | فرصت:135
[5130] منابع:0/7 | BTC:$— | USDT:— | ARB:0% | فرصت:135
[5133] منابع:6/7 | BTC:$77198.0000 | USDT:— | ARB:0% | فرصت:135
[5136] منابع:6/7 | BTC:$77196.0000 | USDT:— | ARB:0% | فرصت:135
[5139] منابع:0/7 | BTC:$— | USDT:— | ARB:0% | فرصت:135
[5142] منابع:7/7 | BTC:$77196.8800 | USDT:— | ARB:0% | فرصت:135
[5145] منابع:7/7 | BTC:$77196.8700 | USDT:— | ARB:0% | فرصت:135
[5148] منابع:4/7 | BTC:$77196.8700 | USDT:— | ARB:0% | فرصت:135
[5151] منابع:0/7 | BTC:$— | USDT:— | ARB:0% | فرصت:135
[5154] منابع:2/7 | BTC:$77225.1500 | USDT:— | ARB:0% | فرصت:135
[5157] منابع:0/7 | BTC:$— | USDT:— | ARB:0% | فرصت:135
[5160] منابع:7/7 | BTC:$77174 | USDT:— | ARB:0% | فرصت:135
[5163] منابع:10/7 | BTC:$77226.0000 | USDT:229305.000 | ARB:-0.036% | فرصت:135
[5166] منابع:9/7 | BTC:$77226.0100 | USDT:229305.000 | ARB:-0.036% | فرصت:135
[5169] منابع:9/7 | BTC:$77226.0100 | USDT:229305.000 | ARB:-0.036% | فرصت:135
[5172] منابع:7/7 | BTC:$77236.2500 | USDT:— | ARB:0% | فرصت:135
[5175] منابع:9/7 | BTC:$77255.2300 | USDT:229305.000 | ARB:-0.074% | فرصت:135
[5178] منابع:9/7 | BTC:$77255.2200 | USDT:229305.000 | ARB:-0.074% | فرصت:135
[5181] منابع:10/7 | BTC:$77255.2200 | USDT:229305.000 | ARB:-0.074% | فرصت:135
[5184] منابع:10/7 | BTC:$77268.0100 | USDT:229305.000 | ARB:-0.091% | فرصت:135
[5187] منابع:9/7 | BTC:$77264.0000 | USDT:229305.000 | ARB:-0.086% | فرصت:135
[5190] منابع:6/7 | BTC:$77264.0100 | USDT:— | ARB:0% | فرصت:135
[5193] منابع:10/7 | BTC:$77258.0000 | USDT:229305.000 | ARB:-0.078% | فرصت:135
[5196] منابع:9/7 | BTC:$77255.2300 | USDT:229305.000 | ARB:-0.074% | فرصت:135
[5199] منابع:8/7 | BTC:$77255.2200 | USDT:— | ARB:0% | فرصت:135
[5202] منابع:9/7 | BTC:$77255.2200 | USDT:229305.000 | ARB:-0.074% | فرصت:135
[5205] منابع:9/7 | BTC:$77255.2300 | USDT:229305.000 | ARB:-0.074% | فرصت:135
[5208] منابع:9/7 | BTC:$77249.4700 | USDT:229305.000 | ARB:-0.067% | فرصت:135
[5211] منابع:9/7 | BTC:$77255.2300 | USDT:229305.000 | ARB:-0.074% | فرصت:135
[5214] منابع:10/7 | BTC:$77260.0100 | USDT:229305.000 | ARB:-0.080% | فرصت:135
[5217] منابع:10/7 | BTC:$77260.0100 | USDT:229404.000 | ARB:-0.076% | فرصت:135
[5220] منابع:9/7 | BTC:$77263.0300 | USDT:229404.000 | ARB:-0.080% | فرصت:135
[5223] منابع:9/7 | BTC:$77263.0300 | USDT:229404.000 | ARB:-0.080% | فرصت:135
[5226] منابع:9/7 | BTC:$77260.0100 | USDT:229404.000 | ARB:-0.076% | فرصت:135
[5229] منابع:9/7 | BTC:$77268.0100 | USDT:229404.000 | ARB:-0.087% | فرصت:135
[5232] منابع:10/7 | BTC:$77264.0000 | USDT:229404.000 | ARB:-0.081% | فرصت:135
[5235] منابع:7/7 | BTC:$77260.8400 | USDT:— | ARB:0% | فرصت:135
[5238] منابع:9/7 | BTC:$77260.8300 | USDT:229404.000 | ARB:-0.077% | فرصت:135
[5241] منابع:9/7 | BTC:$77260.8400 | USDT:229404.000 | ARB:-0.077% | فرصت:135
[5244] منابع:5/7 | BTC:$— | USDT:— | ARB:0% | فرصت:135
[5247] منابع:9/7 | BTC:$77274.0000 | USDT:229404.000 | ARB:-0.094% | فرصت:135
[5250] منابع:10/7 | BTC:$77297.9900 | USDT:229404.000 | ARB:-0.125% | فرصت:135
[5253] منابع:9/7 | BTC:$77272.0000 | USDT:229404.000 | ARB:-0.092% | فرصت:135
[5256] منابع:9/7 | BTC:$77260.8400 | USDT:229404.000 | ARB:-0.077% | فرصت:135
[5259] منابع:9/7 | BTC:$77252.0000 | USDT:229404.000 | ARB:-0.066% | فرصت:135
[5262] منابع:9/7 | BTC:$77252.0100 | USDT:229404.000 | ARB:-0.066% | فرصت:135
[5265] منابع:9/7 | BTC:$77252.0100 | USDT:229404.000 | ARB:-0.066% | فرصت:135
[5268] منابع:10/7 | BTC:$77260.0100 | USDT:229404.000 | ARB:-0.076% | فرصت:135
[5271] منابع:10/7 | BTC:$77249.1200 | USDT:229404.000 | ARB:-0.062% | فرصت:135
[5274] منابع:9/7 | BTC:$77249.1200 | USDT:229404.000 | ARB:-0.062% | فرصت:135
[5277] منابع:9/7 | BTC:$77246.0000 | USDT:229404.000 | ARB:-0.058% | فرصت:135
[5280] منابع:9/7 | BTC:$77246.0000 | USDT:229404.000 | ARB:-0.058% | فرصت:135
[5283] منابع:9/7 | BTC:$77246.0000 | USDT:229404.000 | ARB:-0.058% | فرصت:135
[5286] منابع:10/7 | BTC:$77244.0000 | USDT:229404.000 | ARB:-0.056% | فرصت:135
[5289] منابع:9/7 | BTC:$77244.0000 | USDT:229404.000 | ARB:-0.056% | فرصت:135
[5292] منابع:9/7 | BTC:$77244.0000 | USDT:229404.000 | ARB:-0.056% | فرصت:135
[5295] منابع:9/7 | BTC:$77245.7200 | USDT:229404.000 | ARB:-0.058% | فرصت:135
[5298] منابع:9/7 | BTC:$77255.3900 | USDT:229404.000 | ARB:-0.070% | فرصت:135
[5301] منابع:9/7 | BTC:$77258.9900 | USDT:229404.000 | ARB:-0.075% | فرصت:135
[5304] منابع:10/7 | BTC:$77258.9900 | USDT:229404.000 | ARB:-0.075% | فرصت:135
[5307] منابع:10/7 | BTC:$77286.7900 | USDT:228854.000 | ARB:-0.009% | فرصت:135
[5310] منابع:9/7 | BTC:$77265.9000 | USDT:228854.000 | ARB:0.0177% | فرصت:135
[5313] منابع:9/7 | BTC:$77265.9000 | USDT:228854.000 | ARB:0.0177% | فرصت:135
[5316] منابع:9/7 | BTC:$77265.9000 | USDT:228854.000 | ARB:0.0177% | فرصت:135
[5319] منابع:9/7 | BTC:$77264.0000 | USDT:228854.000 | ARB:0.0202% | فرصت:135
[5322] منابع:10/7 | BTC:$77258.0000 | USDT:228854.000 | ARB:0.0280% | فرصت:135
[5325] منابع:8/7 | BTC:$77256.0000 | USDT:— | ARB:0% | فرصت:135
[5328] منابع:9/7 | BTC:$77256.0000 | USDT:228854.000 | ARB:0.0305% | فرصت:135
[5331] منابع:9/7 | BTC:$77250.0000 | USDT:228854.000 | ARB:0.0383% | فرصت:135
[5334] منابع:9/7 | BTC:$77250.0100 | USDT:228854.000 | ARB:0.0383% | فرصت:135
[5337] منابع:9/7 | BTC:$77250.0100 | USDT:228854.000 | ARB:0.0383% | فرصت:135
[5340] منابع:10/7 | BTC:$77249.9900 | USDT:228854.000 | ARB:0.0383% | فرصت:135
[5343] منابع:10/7 | BTC:$77249.9900 | USDT:228854.000 | ARB:0.0383% | فرصت:135
[5346] منابع:9/7 | BTC:$77249.9900 | USDT:228854.000 | ARB:0.0383% | فرصت:135
[5349] منابع:9/7 | BTC:$77249.9900 | USDT:228854.000 | ARB:0.0383% | فرصت:135
[5352] منابع:9/7 | BTC:$77247.4500 | USDT:228854.000 | ARB:0.0416% | فرصت:135
[5355] منابع:9/7 | BTC:$77242.0000 | USDT:228854.000 | ARB:0.0487% | فرصت:135
[5358] منابع:10/7 | BTC:$77235.4400 | USDT:228854.000 | ARB:0.0572% | فرصت:135
[5361] منابع:10/7 | BTC:$77235.4400 | USDT:228854.000 | ARB:0.0572% | فرصت:135
[5364] منابع:9/7 | BTC:$77236.0000 | USDT:228854.000 | ARB:0.0564% | فرصت:135
[5367] منابع:9/7 | BTC:$77236.0100 | USDT:228854.000 | ARB:0.0564% | فرصت:135
[5370] منابع:9/7 | BTC:$77236.0000 | USDT:228854.000 | ARB:0.0564% | فرصت:135
[5373] منابع:9/7 | BTC:$77236.0100 | USDT:228854.000 | ARB:0.0564% | فرصت:135
[5376] منابع:10/7 | BTC:$77236.0000 | USDT:228854.000 | ARB:0.0564% | فرصت:135
[5379] منابع:10/7 | BTC:$77236.0000 | USDT:228854.000 | ARB:0.0564% | فرصت:135
[5382] منابع:9/7 | BTC:$77240.0000 | USDT:228854.000 | ARB:0.0513% | فرصت:135
[5385] منابع:9/7 | BTC:$77240.0100 | USDT:228854.000 | ARB:0.0512% | فرصت:135
[5388] منابع:9/7 | BTC:$77240.0100 | USDT:228854.000 | ARB:0.0512% | فرصت:135
[5391] منابع:9/7 | BTC:$77240.0100 | USDT:228854.000 | ARB:0.0512% | فرصت:135
[5394] منابع:10/7 | BTC:$77247.8200 | USDT:228863.000 | ARB:0.0515% | فرصت:135
[5397] منابع:10/7 | BTC:$77247.8200 | USDT:228863.000 | ARB:0.0515% | فرصت:135
[5400] منابع:2/7 | BTC:$77255.5800 | USDT:— | ARB:0% | فرصت:135
[5403] منابع:9/7 | BTC:$77258.0000 | USDT:228863.000 | ARB:0.0384% | فرصت:135
[5406] منابع:9/7 | BTC:$77260.9500 | USDT:228863.000 | ARB:0.0345% | فرصت:135
[5409] منابع:9/7 | BTC:$77260.9500 | USDT:228863.000 | ARB:0.0345% | فرصت:135
[5412] منابع:10/7 | BTC:$77260.9600 | USDT:228863.000 | ARB:0.0345% | فرصت:135
[5415] منابع:10/7 | BTC:$77264.7600 | USDT:228863.000 | ARB:0.0296% | فرصت:135
[5418] منابع:9/7 | BTC:$77264.7700 | USDT:228863.000 | ARB:0.0296% | فرصت:135
[5421] منابع:9/7 | BTC:$77264.7600 | USDT:228863.000 | ARB:0.0296% | فرصت:135
[5424] منابع:9/7 | BTC:$77268.0100 | USDT:228863.000 | ARB:0.0254% | فرصت:135
[5427] منابع:9/7 | BTC:$77270.0000 | USDT:228863.000 | ARB:0.0228% | فرصت:135
[5430] منابع:10/7 | BTC:$77298.0000 | USDT:228863.000 | ARB:-0.013% | فرصت:135
[5433] منابع:10/7 | BTC:$77314.7000 | USDT:228863.000 | ARB:-0.034% | فرصت:135
[5436] منابع:9/7 | BTC:$77320.0000 | USDT:228863.000 | ARB:-0.041% | فرصت:135
[5439] منابع:9/7 | BTC:$77314.7000 | USDT:228863.000 | ARB:-0.034% | فرصت:135
[5442] منابع:9/7 | BTC:$77314.0100 | USDT:228863.000 | ARB:-0.034% | فرصت:135
[5445] منابع:6/7 | BTC:$77323.4000 | USDT:— | ARB:0% | فرصت:135
[5448] منابع:9/7 | BTC:$77323.4000 | USDT:228863.000 | ARB:-0.046% | فرصت:135
[5451] منابع:10/7 | BTC:$77324.0900 | USDT:228863.000 | ARB:-0.047% | فرصت:135
[5454] منابع:9/7 | BTC:$77314.0100 | USDT:228863.000 | ARB:-0.034% | فرصت:135
[5457] منابع:9/7 | BTC:$77314.0300 | USDT:228863.000 | ARB:-0.034% | فرصت:135
[5460] منابع:9/7 | BTC:$77344.5200 | USDT:228863.000 | ARB:-0.073% | فرصت:135
[5463] منابع:9/7 | BTC:$77338.2700 | USDT:228863.000 | ARB:-0.065% | فرصت:135
[5466] منابع:9/7 | BTC:$77314.0300 | USDT:228863.000 | ARB:-0.034% | فرصت:135
[5469] منابع:10/7 | BTC:$77294.0100 | USDT:228863.000 | ARB:-0.008% | فرصت:135
[5472] منابع:10/7 | BTC:$77301.2500 | USDT:228863.000 | ARB:-0.017% | فرصت:135
[5475] منابع:9/7 | BTC:$77300.3700 | USDT:228863.000 | ARB:-0.016% | فرصت:135
[5478] منابع:9/7 | BTC:$77298.0000 | USDT:228863.000 | ARB:-0.013% | فرصت:135
[5481] منابع:0/7 | BTC:$— | USDT:— | ARB:0% | فرصت:135
[5484] منابع:10/7 | BTC:$77314.0100 | USDT:228837.000 | ARB:0.1064% | فرصت:135
[5487] منابع:10/7 | BTC:$77300.1700 | USDT:228837.000 | ARB:0.1243% | فرصت:135
[5490] منابع:9/7 | BTC:$77290.2700 | USDT:228837.000 | ARB:0.1371% | فرصت:135
[5493] منابع:9/7 | BTC:$77280.0000 | USDT:228837.000 | ARB:0.1504% | فرصت:135
[5496] منابع:9/7 | BTC:$77278.1400 | USDT:228837.000 | ARB:0.1529% | فرصت:135
[5499] منابع:9/7 | BTC:$77275.3500 | USDT:228837.000 | ARB:0.1565% | فرصت:135
[5502] منابع:9/7 | BTC:$77275.3400 | USDT:228837.000 | ARB:0.1565% | فرصت:135
[5505] منابع:10/7 | BTC:$77275.3600 | USDT:228837.000 | ARB:0.1565% | فرصت:135
[5508] منابع:9/7 | BTC:$77275.3600 | USDT:228837.000 | ARB:0.1565% | فرصت:135
[5511] منابع:9/7 | BTC:$77283.8600 | USDT:228837.000 | ARB:0.1454% | فرصت:135
[5514] منابع:9/7 | BTC:$77283.8600 | USDT:228837.000 | ARB:0.1454% | فرصت:135
[5517] منابع:6/7 | BTC:$77283.8500 | USDT:— | ARB:0% | فرصت:135
[5520] منابع:9/7 | BTC:$77275.3500 | USDT:228837.000 | ARB:0.1565% | فرصت:135
[5523] منابع:10/7 | BTC:$77272.8300 | USDT:228837.000 | ARB:0.1597% | فرصت:135
[5526] منابع:9/7 | BTC:$77272.8300 | USDT:228837.000 | ARB:0.1597% | فرصت:135
[5529] منابع:9/7 | BTC:$77272.8200 | USDT:228837.000 | ARB:0.1598% | فرصت:135
[5532] منابع:6/7 | BTC:$77266.0100 | USDT:— | ARB:0% | فرصت:135
[5535] منابع:9/7 | BTC:$77266.0100 | USDT:228837.000 | ARB:0.1686% | فرصت:135
[5538] منابع:10/7 | BTC:$77248.1900 | USDT:228837.000 | ARB:0.1917% | فرصت:135
[5541] منابع:10/7 | BTC:$77248.1900 | USDT:228837.000 | ARB:0.1917% | فرصت:135
[5544] منابع:7/7 | BTC:$77248.1900 | USDT:— | ARB:0% | فرصت:135
[5547] منابع:9/7 | BTC:$77248.1800 | USDT:228837.000 | ARB:0.1917% | فرصت:135
[5550] منابع:9/7 | BTC:$77248.1900 | USDT:228837.000 | ARB:0.1917% | فرصت:135
[5553] منابع:9/7 | BTC:$77248.1800 | USDT:228837.000 | ARB:0.1917% | فرصت:135
[5556] منابع:7/7 | BTC:$77248.1900 | USDT:— | ARB:0% | فرصت:135
[5559] منابع:10/7 | BTC:$77267.8900 | USDT:228837.000 | ARB:0.1661% | فرصت:135
[5562] منابع:9/7 | BTC:$77267.8900 | USDT:228837.000 | ARB:0.1661% | فرصت:135
[5565] منابع:9/7 | BTC:$77267.8900 | USDT:228837.000 | ARB:0.1661% | فرصت:135
[5568] منابع:9/7 | BTC:$77267.8900 | USDT:228837.000 | ARB:0.1661% | فرصت:135
[5571] منابع:9/7 | BTC:$77267.9000 | USDT:228800.000 | ARB:-0.026% | فرصت:135
[5574] منابع:9/7 | BTC:$77282.7500 | USDT:228800.000 | ARB:-0.045% | فرصت:135
[5577] منابع:10/7 | BTC:$77282.7600 | USDT:228800.000 | ARB:-0.045% | فرصت:135
[5580] منابع:9/7 | BTC:$77286.0100 | USDT:228800.000 | ARB:-0.049% | فرصت:135
[5583] منابع:9/7 | BTC:$77286.0100 | USDT:228800.000 | ARB:-0.049% | فرصت:135
[5586] منابع:9/7 | BTC:$77290.5400 | USDT:228800.000 | ARB:-0.055% | فرصت:135
[5589] منابع:9/7 | BTC:$77290.5500 | USDT:228800.000 | ARB:-0.055% | فرصت:135
[5592] منابع:9/7 | BTC:$77290.5400 | USDT:228800.000 | ARB:-0.055% | فرصت:135
[5595] منابع:10/7 | BTC:$77290.5500 | USDT:228800.000 | ARB:-0.055% | فرصت:135
[5598] منابع:8/7 | BTC:$77288.0600 | USDT:— | ARB:0% | فرصت:135
[5601] منابع:9/7 | BTC:$77276.0100 | USDT:228800.000 | ARB:-0.036% | فرصت:135
[5604] منابع:9/7 | BTC:$77276.0100 | USDT:228800.000 | ARB:-0.036% | فرصت:135
[5607] منابع:9/7 | BTC:$77283.7900 | USDT:228800.000 | ARB:-0.046% | فرصت:135
[5610] منابع:9/7 | BTC:$77283.7900 | USDT:228800.000 | ARB:-0.046% | فرصت:135
[5613] منابع:9/7 | BTC:$77283.7800 | USDT:228800.000 | ARB:-0.046% | فرصت:135
[5616] منابع:10/7 | BTC:$77284.4500 | USDT:228800.000 | ARB:-0.047% | فرصت:135
[5619] منابع:9/7 | BTC:$77284.4500 | USDT:228800.000 | ARB:-0.047% | فرصت:135
[5622] منابع:9/7 | BTC:$77290.0100 | USDT:228800.000 | ARB:-0.054% | فرصت:135
[5625] منابع:9/7 | BTC:$77318.9400 | USDT:228800.000 | ARB:-0.092% | فرصت:135
[5628] منابع:9/7 | BTC:$77318.9400 | USDT:228800.000 | ARB:-0.092% | فرصت:135
[5631] منابع:10/7 | BTC:$77312.0100 | USDT:228800.000 | ARB:-0.083% | فرصت:135
[5634] منابع:0/7 | BTC:$— | USDT:— | ARB:0% | فرصت:135
[5637] منابع:8/7 | BTC:$77308.0000 | USDT:— | ARB:0% | فرصت:135
[5640] منابع:8/7 | BTC:$77309.0500 | USDT:228800.000 | ARB:-0.079% | فرصت:135
[5643] منابع:9/7 | BTC:$77309.0400 | USDT:228800.000 | ARB:-0.079% | فرصت:135
[5646] منابع:9/7 | BTC:$77317.9300 | USDT:228800.000 | ARB:-0.090% | فرصت:135
[5649] منابع:7/7 | BTC:$77317.9300 | USDT:— | ARB:0% | فرصت:135
[5652] منابع:10/7 | BTC:$77304.6500 | USDT:228800.000 | ARB:-0.073% | فرصت:135
[5655] منابع:10/7 | BTC:$77284.8900 | USDT:228731.000 | ARB:-0.108% | فرصت:135
[5658] منابع:9/7 | BTC:$77284.9000 | USDT:228731.000 | ARB:-0.108% | فرصت:135
[5661] منابع:9/7 | BTC:$77276.0500 | USDT:228731.000 | ARB:-0.097% | فرصت:135
[5664] منابع:6/7 | BTC:$77276.1300 | USDT:— | ARB:0% | فرصت:135
[5667] منابع:7/7 | BTC:$77276.1300 | USDT:— | ARB:0% | فرصت:135
[5670] منابع:0/7 | BTC:$— | USDT:— | ARB:0% | فرصت:135
[5673] منابع:0/7 | BTC:$— | USDT:— | ARB:0% | فرصت:135
[5676] منابع:0/7 | BTC:$— | USDT:— | ARB:0% | فرصت:135
[5679] منابع:0/7 | BTC:$— | USDT:— | ARB:0% | فرصت:135
[5682] منابع:0/7 | BTC:$— | USDT:— | ARB:0% | فرصت:135
[5685] منابع:0/7 | BTC:$— | USDT:— | ARB:0% | فرصت:135
[5688] منابع:0/7 | BTC:$— | USDT:— | ARB:0% | فرصت:135
[5691] منابع:2/7 | BTC:$— | USDT:— | ARB:0% | فرصت:135
[5694] منابع:5/7 | BTC:$77304.0000 | USDT:— | ARB:0% | فرصت:135
[5697] منابع:0/7 | BTC:$— | USDT:— | ARB:0% | فرصت:135
[5700] منابع:1/7 | BTC:$— | USDT:— | ARB:0% | فرصت:135
[5703] منابع:1/7 | BTC:$— | USDT:— | ARB:0% | فرصت:135
[5706] منابع:0/7 | BTC:$— | USDT:— | ARB:0% | فرصت:135
[5709] منابع:0/7 | BTC:$— | USDT:— | ARB:0% | فرصت:135
[5712] منابع:0/7 | BTC:$— | USDT:— | ARB:0% | فرصت:135
[5715] منابع:0/7 | BTC:$— | USDT:— | ARB:0% | فرصت:135
[5718] منابع:0/7 | BTC:$— | USDT:— | ARB:0% | فرصت:135
[5721] منابع:0/7 | BTC:$— | USDT:— | ARB:0% | فرصت:135
[5724] منابع:3/7 | BTC:$77333.1100 | USDT:— | ARB:0% | فرصت:135
[5727] منابع:0/7 | BTC:$— | USDT:— | ARB:0% | فرصت:135
[5730] منابع:1/7 | BTC:$77289 | USDT:— | ARB:0% | فرصت:135
[5733] منابع:0/7 | BTC:$— | USDT:— | ARB:0% | فرصت:135
[5736] منابع:0/7 | BTC:$— | USDT:— | ARB:0% | فرصت:135
[5739] منابع:0/7 | BTC:$— | USDT:— | ARB:0% | فرصت:135
[5742] منابع:0/7 | BTC:$— | USDT:— | ARB:0% | فرصت:135
[5745] منابع:5/7 | BTC:$77333.1100 | USDT:— | ARB:0% | فرصت:135
[5748] منابع:0/7 | BTC:$— | USDT:— | ARB:0% | فرصت:135
[5751] منابع:1/7 | BTC:$77306 | USDT:— | ARB:0% | فرصت:135
[5754] منابع:0/7 | BTC:$— | USDT:— | ARB:0% | فرصت:135
[5757] منابع:0/7 | BTC:$— | USDT:— | ARB:0% | فرصت:135
[5760] منابع:1/7 | BTC:$77304 | USDT:— | ARB:0% | فرصت:135
[5763] منابع:0/7 | BTC:$— | USDT:— | ARB:0% | فرصت:135
[5766] منابع:0/7 | BTC:$— | USDT:— | ARB:0% | فرصت:135
[5769] منابع:7/7 | BTC:$77356.0000 | USDT:— | ARB:0% | فرصت:135
[5772] منابع:6/7 | BTC:$77306 | USDT:— | ARB:0% | فرصت:135
[5775] منابع:0/7 | BTC:$— | USDT:— | ARB:0% | فرصت:135
[5778] منابع:0/7 | BTC:$— | USDT:— | ARB:0% | فرصت:135
[5781] منابع:7/7 | BTC:$77399.5400 | USDT:— | ARB:0% | فرصت:135
[5784] منابع:10/7 | BTC:$77394.0000 | USDT:228963.000 | ARB:-0.260% | فرصت:135
[5787] منابع:0/7 | BTC:$— | USDT:— | ARB:0% | فرصت:135
[5790] منابع:0/7 | BTC:$— | USDT:— | ARB:0% | فرصت:135
[5793] منابع:10/7 | BTC:$77413.5200 | USDT:228963.000 | ARB:-0.285% | فرصت:135
[5796] منابع:8/7 | BTC:$77403.4900 | USDT:— | ARB:0% | فرصت:135
[5799] منابع:4/7 | BTC:$77365 | USDT:— | ARB:0% | فرصت:135
[5802] منابع:2/7 | BTC:$— | USDT:— | ARB:0% | فرصت:136
[5805] منابع:0/7 | BTC:$— | USDT:— | ARB:0% | فرصت:136
[5808] منابع:0/7 | BTC:$— | USDT:— | ARB:0% | فرصت:136
[5811] منابع:0/7 | BTC:$— | USDT:— | ARB:0% | فرصت:136
[5814] منابع:0/7 | BTC:$— | USDT:— | ARB:0% | فرصت:137
[5817] منابع:0/7 | BTC:$— | USDT:— | ARB:0% | فرصت:137
[5820] منابع:0/7 | BTC:$— | USDT:— | ARB:0% | فرصت:137
[5823] منابع:5/7 | BTC:$77374.0100 | USDT:— | ARB:0% | فرصت:137
[5826] منابع:0/7 | BTC:$— | USDT:— | ARB:0% | فرصت:137
[5829] منابع:8/7 | BTC:$77376.6900 | USDT:— | ARB:0% | فرصت:137
[5832] منابع:0/7 | BTC:$— | USDT:— | ARB:0% | فرصت:137
[5835] منابع:1/7 | BTC:$77354 | USDT:— | ARB:0% | فرصت:137
[5838] منابع:0/7 | BTC:$— | USDT:— | ARB:0% | فرصت:137
[5841] منابع:0/7 | BTC:$— | USDT:— | ARB:0% | فرصت:137
[5844] منابع:0/7 | BTC:$— | USDT:— | ARB:0% | فرصت:137
[5847] منابع:1/7 | BTC:$77348.0000 | USDT:— | ARB:0% | فرصت:137
[5850] منابع:1/7 | BTC:$77350.0100 | USDT:— | ARB:0% | فرصت:137
[5853] منابع:7/7 | BTC:$77358.0000 | USDT:— | ARB:0% | فرصت:137
[5856] منابع:0/7 | BTC:$— | USDT:— | ARB:0% | فرصت:137
[5859] منابع:0/7 | BTC:$— | USDT:— | ARB:0% | فرصت:137
[5862] منابع:10/7 | BTC:$77358.0100 | USDT:228500.000 | ARB:0.3257% | فرصت:138
[5865] منابع:6/7 | BTC:$77358.0100 | USDT:— | ARB:0% | فرصت:138
[5868] منابع:0/7 | BTC:$— | USDT:— | ARB:0% | فرصت:138
[5871] منابع:6/7 | BTC:$77358.0100 | USDT:— | ARB:0% | فرصت:138
[5874] منابع:0/7 | BTC:$— | USDT:— | ARB:0% | فرصت:138
[5877] منابع:7/7 | BTC:$77336.0000 | USDT:— | ARB:0% | فرصت:138
[5880] منابع:0/7 | BTC:$— | USDT:— | ARB:0% | فرصت:138
[5883] منابع:3/7 | BTC:$— | USDT:— | ARB:0% | فرصت:138
[5886] منابع:0/7 | BTC:$— | USDT:— | ARB:0% | فرصت:138
[5889] منابع:7/7 | BTC:$77341.8100 | USDT:— | ARB:0% | فرصت:138
[5892] منابع:1/7 | BTC:$77334.2000 | USDT:— | ARB:0% | فرصت:138
[5895] منابع:0/7 | BTC:$— | USDT:— | ARB:0% | فرصت:138
[5898] منابع:4/7 | BTC:$— | USDT:— | ARB:0% | فرصت:138
[5901] منابع:0/7 | BTC:$— | USDT:— | ARB:0% | فرصت:138
[5904] منابع:0/7 | BTC:$— | USDT:— | ARB:0% | فرصت:138
[5907] منابع:3/7 | BTC:$77334.2000 | USDT:— | ARB:0% | فرصت:138
[5910] منابع:0/7 | BTC:$— | USDT:— | ARB:0% | فرصت:138
[5913] منابع:0/7 | BTC:$— | USDT:— | ARB:0% | فرصت:138
[5916] منابع:0/7 | BTC:$— | USDT:— | ARB:0% | فرصت:138
[5919] منابع:0/7 | BTC:$— | USDT:— | ARB:0% | فرصت:138
[5922] منابع:1/7 | BTC:$— | USDT:— | ARB:0% | فرصت:138
[5925] منابع:0/7 | BTC:$— | USDT:— | ARB:0% | فرصت:138
[5928] منابع:1/7 | BTC:$— | USDT:— | ARB:0% | فرصت:138
[5931] منابع:1/7 | BTC:$— | USDT:— | ARB:0% | فرصت:138
[5934] منابع:7/7 | BTC:$77320.0100 | USDT:— | ARB:0% | فرصت:138
[5937] منابع:2/7 | BTC:$77303 | USDT:— | ARB:0% | فرصت:138
[5940] منابع:6/7 | BTC:$77306.6500 | USDT:— | ARB:0% | فرصت:138
[5943] منابع:0/7 | BTC:$— | USDT:— | ARB:0% | فرصت:138
[5946] منابع:0/7 | BTC:$— | USDT:— | ARB:0% | فرصت:138
[5949] منابع:9/7 | BTC:$77316.6400 | USDT:227497.000 | ARB:0.0616% | فرصت:138
[5952] منابع:10/7 | BTC:$77316.6400 | USDT:227497.000 | ARB:0.0616% | فرصت:138
[5955] منابع:10/7 | BTC:$77305.4200 | USDT:227497.000 | ARB:0.0761% | فرصت:138
[5958] منابع:9/7 | BTC:$77302.0200 | USDT:227497.000 | ARB:0.0805% | فرصت:138
[5961] منابع:9/7 | BTC:$77302.0100 | USDT:227497.000 | ARB:0.0805% | فرصت:138
[5964] منابع:9/7 | BTC:$77302.0100 | USDT:227497.000 | ARB:0.0805% | فرصت:138
[5967] منابع:9/7 | BTC:$77302.0200 | USDT:227497.000 | ARB:0.0805% | فرصت:138
[5970] منابع:10/7 | BTC:$77302.0200 | USDT:227497.000 | ARB:0.0805% | فرصت:138
[5973] منابع:9/7 | BTC:$77302.0200 | USDT:227497.000 | ARB:0.0805% | فرصت:138
[5976] منابع:9/7 | BTC:$77302.0200 | USDT:227497.000 | ARB:0.0805% | فرصت:138
[5979] منابع:9/7 | BTC:$77271.4100 | USDT:227497.000 | ARB:0.1202% | فرصت:138
[5982] منابع:9/7 | BTC:$77268.3100 | USDT:227497.000 | ARB:0.1242% | فرصت:138
[5985] منابع:9/7 | BTC:$77268.3100 | USDT:227497.000 | ARB:0.1242% | فرصت:138
[5988] منابع:10/7 | BTC:$77271.4200 | USDT:227497.000 | ARB:0.1202% | فرصت:138
[5991] منابع:7/7 | BTC:$77271.4200 | USDT:— | ARB:0% | فرصت:138
[5994] منابع:8/7 | BTC:$77274.8600 | USDT:— | ARB:0% | فرصت:138
[5997] منابع:9/7 | BTC:$77274.8600 | USDT:227497.000 | ARB:0.1157% | فرصت:138
[6000] منابع:9/7 | BTC:$77274.8600 | USDT:227497.000 | ARB:0.1157% | فرصت:138
[6003] منابع:9/7 | BTC:$77274.8600 | USDT:227497.000 | ARB:0.1157% | فرصت:138
[6006] منابع:9/7 | BTC:$77274.8600 | USDT:227497.000 | ARB:0.1157% | فرصت:138
[6009] منابع:10/7 | BTC:$77268.3200 | USDT:227497.000 | ARB:0.1242% | فرصت:138
[6012] منابع:10/7 | BTC:$77260.0000 | USDT:227497.000 | ARB:0.1350% | فرصت:138
[6015] منابع:9/7 | BTC:$77252.2800 | USDT:227497.000 | ARB:0.1450% | فرصت:138
[6018] منابع:9/7 | BTC:$77249.4700 | USDT:227202.000 | ARB:0.1638% | فرصت:138
[6021] منابع:9/7 | BTC:$77249.3600 | USDT:227202.000 | ARB:0.1640% | فرصت:138
[6024] منابع:9/7 | BTC:$77249.3500 | USDT:227202.000 | ARB:0.1640% | فرصت:138
[6027] منابع:10/7 | BTC:$77249.3600 | USDT:227202.000 | ARB:0.1640% | فرصت:138
[6030] منابع:8/7 | BTC:$77257.4700 | USDT:— | ARB:0% | فرصت:138
[6033] منابع:8/7 | BTC:$77252.2800 | USDT:— | ARB:0% | فرصت:138
[6036] منابع:9/7 | BTC:$77252.2800 | USDT:227202.000 | ARB:0.1602% | فرصت:138
[6039] منابع:9/7 | BTC:$77252.2700 | USDT:227202.000 | ARB:0.1602% | فرصت:138
[6042] منابع:9/7 | BTC:$77252.2800 | USDT:227202.000 | ARB:0.1602% | فرصت:138
[6045] منابع:9/7 | BTC:$77266.0100 | USDT:227202.000 | ARB:0.1424% | فرصت:138
[6048] منابع:10/7 | BTC:$77271.9900 | USDT:227202.000 | ARB:0.1347% | فرصت:138
[6051] منابع:10/7 | BTC:$77288.3300 | USDT:227202.000 | ARB:0.1135% | فرصت:138
[6054] منابع:9/7 | BTC:$77283.0800 | USDT:227202.000 | ARB:0.1203% | فرصت:138
[6057] منابع:9/7 | BTC:$77283.0700 | USDT:227202.000 | ARB:0.1203% | فرصت:138
[6060] منابع:9/7 | BTC:$77283.0800 | USDT:227202.000 | ARB:0.1203% | فرصت:138
[6063] منابع:9/7 | BTC:$77283.0800 | USDT:227202.000 | ARB:0.1203% | فرصت:138
[6066] منابع:10/7 | BTC:$77283.0800 | USDT:227202.000 | ARB:0.1203% | فرصت:138
[6069] منابع:10/7 | BTC:$77283.0700 | USDT:227202.000 | ARB:0.1203% | فرصت:138
[6072] منابع:8/7 | BTC:$77276.7000 | USDT:— | ARB:0% | فرصت:138
[6075] منابع:9/7 | BTC:$77274.0000 | USDT:227202.000 | ARB:0.1321% | فرصت:138
[6078] منابع:5/7 | BTC:$77274.0000 | USDT:— | ARB:0% | فرصت:138
[6081] منابع:9/7 | BTC:$77274.0000 | USDT:227202.000 | ARB:0.1321% | فرصت:138
[6084] منابع:9/7 | BTC:$77274.0100 | USDT:227202.000 | ARB:0.1320% | فرصت:138
[6087] منابع:10/7 | BTC:$77274.0100 | USDT:227202.000 | ARB:0.1320% | فرصت:138
[6090] منابع:10/7 | BTC:$77274.0100 | USDT:227202.000 | ARB:0.1320% | فرصت:138
[6093] منابع:7/7 | BTC:$77274.0100 | USDT:— | ARB:0% | فرصت:138
[6096] منابع:3/7 | BTC:$— | USDT:227202.000 | ARB:0% | فرصت:138
[6099] منابع:9/7 | BTC:$77274.0000 | USDT:227202.000 | ARB:0.1321% | فرصت:138
[6102] منابع:10/7 | BTC:$77274.0000 | USDT:227269.000 | ARB:-0.125% | فرصت:138
[6105] منابع:7/7 | BTC:$77274.0000 | USDT:— | ARB:0% | فرصت:138
[6108] منابع:9/7 | BTC:$77274.0000 | USDT:227269.000 | ARB:-0.125% | فرصت:138
[6111] منابع:9/7 | BTC:$77274.0100 | USDT:227269.000 | ARB:-0.125% | فرصت:138
[6114] منابع:9/7 | BTC:$77274.0100 | USDT:227269.000 | ARB:-0.125% | فرصت:138
[6117] منابع:9/7 | BTC:$77274.0100 | USDT:227269.000 | ARB:-0.125% | فرصت:138
[6120] منابع:7/7 | BTC:$77274.0000 | USDT:— | ARB:0% | فرصت:138
[6123] منابع:10/7 | BTC:$77274.0100 | USDT:227269.000 | ARB:-0.125% | فرصت:138
[6126] منابع:9/7 | BTC:$77274.0100 | USDT:227269.000 | ARB:-0.125% | فرصت:138
[6129] منابع:6/7 | BTC:$77274.0100 | USDT:— | ARB:0% | فرصت:138
[6132] منابع:6/7 | BTC:$77274.0100 | USDT:— | ARB:0% | فرصت:138
[6135] منابع:9/7 | BTC:$77274.0100 | USDT:227269.000 | ARB:-0.125% | فرصت:138
[6138] منابع:10/7 | BTC:$77274.0000 | USDT:227269.000 | ARB:-0.125% | فرصت:138
[6141] منابع:6/7 | BTC:$77274.0000 | USDT:— | ARB:0% | فرصت:138
[6144] منابع:9/7 | BTC:$77274.6000 | USDT:227269.000 | ARB:-0.125% | فرصت:138
[6147] منابع:9/7 | BTC:$77274.6000 | USDT:227269.000 | ARB:-0.125% | فرصت:138
[6150] منابع:8/7 | BTC:$77274.5900 | USDT:227269.000 | ARB:-0.125% | فرصت:138
[6153] منابع:7/7 | BTC:$77279.7100 | USDT:— | ARB:0% | فرصت:138
[6156] منابع:9/7 | BTC:$77301.6900 | USDT:227269.000 | ARB:-0.160% | فرصت:138
[6159] منابع:6/7 | BTC:$77301.6900 | USDT:— | ARB:0% | فرصت:138
[6162] منابع:8/7 | BTC:$77301.6800 | USDT:227269.000 | ARB:-0.160% | فرصت:138
[6165] منابع:6/7 | BTC:$77304.0100 | USDT:— | ARB:0% | فرصت:138
[6168] منابع:9/7 | BTC:$77304.0000 | USDT:227269.000 | ARB:-0.163% | فرصت:138
[6171] منابع:10/7 | BTC:$77304.0000 | USDT:227269.000 | ARB:-0.163% | فرصت:138
[6174] منابع:10/7 | BTC:$77304.0100 | USDT:227900.000 | ARB:-0.159% | فرصت:138
[6177] منابع:9/7 | BTC:$77304.0100 | USDT:227900.000 | ARB:-0.159% | فرصت:138
[6180] منابع:0/7 | BTC:$— | USDT:— | ARB:0% | فرصت:138
[6183] منابع:9/7 | BTC:$77327.0100 | USDT:227900.000 | ARB:-0.189% | فرصت:138
[6186] منابع:6/7 | BTC:$77329.8800 | USDT:— | ARB:0% | فرصت:138
[6189] منابع:0/7 | BTC:$— | USDT:— | ARB:0% | فرصت:138
[6192] منابع:0/7 | BTC:$— | USDT:— | ARB:0% | فرصت:138
[6195] منابع:0/7 | BTC:$— | USDT:— | ARB:0% | فرصت:138
[6198] منابع:0/7 | BTC:$— | USDT:— | ARB:0% | فرصت:138
[6201] منابع:0/7 | BTC:$— | USDT:— | ARB:0% | فرصت:138
[6204] منابع:0/7 | BTC:$— | USDT:— | ARB:0% | فرصت:138
[6207] منابع:0/7 | BTC:$— | USDT:— | ARB:0% | فرصت:138
[6210] منابع:0/7 | BTC:$— | USDT:— | ARB:0% | فرصت:138
[6213] منابع:1/7 | BTC:$77311 | USDT:— | ARB:0% | فرصت:138
[6216] منابع:0/7 | BTC:$— | USDT:— | ARB:0% | فرصت:138
[6219] منابع:0/7 | BTC:$— | USDT:— | ARB:0% | فرصت:138
[6222] منابع:0/7 | BTC:$— | USDT:— | ARB:0% | فرصت:138
[6225] منابع:0/7 | BTC:$— | USDT:— | ARB:0% | فرصت:138
[6228] منابع:0/7 | BTC:$— | USDT:— | ARB:0% | فرصت:138
[6231] منابع:0/7 | BTC:$— | USDT:— | ARB:0% | فرصت:138
[6234] منابع:0/7 | BTC:$— | USDT:— | ARB:0% | فرصت:138
[6237] منابع:0/7 | BTC:$— | USDT:— | ARB:0% | فرصت:138
[6240] منابع:0/7 | BTC:$— | USDT:— | ARB:0% | فرصت:138
[6243] منابع:0/7 | BTC:$— | USDT:— | ARB:0% | فرصت:138
[6246] منابع:0/7 | BTC:$— | USDT:— | ARB:0% | فرصت:138
[6249] منابع:7/7 | BTC:$77343.5300 | USDT:— | ARB:0% | فرصت:138
[6252] منابع:0/7 | BTC:$— | USDT:— | ARB:0% | فرصت:138
[6255] منابع:0/7 | BTC:$— | USDT:— | ARB:0% | فرصت:138
[6258] منابع:9/7 | BTC:$77338.7000 | USDT:227231.000 | ARB:0.0837% | فرصت:138
[6261] منابع:6/7 | BTC:$77338.7000 | USDT:— | ARB:0% | فرصت:138
[6264] منابع:0/7 | BTC:$— | USDT:— | ARB:0% | فرصت:138
[6267] منابع:0/7 | BTC:$— | USDT:— | ARB:0% | فرصت:138
[6270] منابع:5/7 | BTC:$77338.6800 | USDT:— | ARB:0% | فرصت:138
[6273] منابع:10/7 | BTC:$77338.6800 | USDT:227231.000 | ARB:0.0837% | فرصت:138
[6276] منابع:9/7 | BTC:$77328.9500 | USDT:227231.000 | ARB:0.0963% | فرصت:138
[6279] منابع:9/7 | BTC:$77328.9400 | USDT:227231.000 | ARB:0.0963% | فرصت:138
[6282] منابع:0/7 | BTC:$— | USDT:— | ARB:0% | فرصت:138
[6285] منابع:0/7 | BTC:$— | USDT:— | ARB:0% | فرصت:138
[6288] منابع:0/7 | BTC:$— | USDT:— | ARB:0% | فرصت:138
[6291] منابع:0/7 | BTC:$— | USDT:— | ARB:0% | فرصت:138
[6294] منابع:0/7 | BTC:$— | USDT:— | ARB:0% | فرصت:138
[6297] منابع:2/7 | BTC:$77311 | USDT:— | ARB:0% | فرصت:138
[6300] منابع:0/7 | BTC:$— | USDT:— | ARB:0% | فرصت:138
[6303] منابع:0/7 | BTC:$— | USDT:— | ARB:0% | فرصت:138
[6306] منابع:0/7 | BTC:$— | USDT:— | ARB:0% | فرصت:138
[6309] منابع:0/7 | BTC:$— | USDT:— | ARB:0% | فرصت:138
[6312] منابع:0/7 | BTC:$— | USDT:— | ARB:0% | فرصت:138
[6315] منابع:0/7 | BTC:$— | USDT:— | ARB:0% | فرصت:138
[6318] منابع:0/7 | BTC:$— | USDT:— | ARB:0% | فرصت:138
[6321] منابع:0/7 | BTC:$— | USDT:— | ARB:0% | فرصت:138
[6324] منابع:0/7 | BTC:$— | USDT:— | ARB:0% | فرصت:138
[6327] منابع:7/7 | BTC:$77297 | USDT:— | ARB:0% | فرصت:138
[6330] منابع:2/7 | BTC:$77320.8600 | USDT:— | ARB:0% | فرصت:138
[6333] منابع:0/7 | BTC:$— | USDT:— | ARB:0% | فرصت:138
[6336] منابع:0/7 | BTC:$— | USDT:— | ARB:0% | فرصت:138
[6339] منابع:0/7 | BTC:$— | USDT:— | ARB:0% | فرصت:138
[6342] منابع:0/7 | BTC:$— | USDT:— | ARB:0% | فرصت:138
[6345] منابع:0/7 | BTC:$— | USDT:— | ARB:0% | فرصت:138
[6348] منابع:0/7 | BTC:$— | USDT:— | ARB:0% | فرصت:138
[6351] منابع:7/7 | BTC:$77319.6300 | USDT:— | ARB:0% | فرصت:138
[6354] منابع:0/7 | BTC:$— | USDT:— | ARB:0% | فرصت:138
[6357] منابع:0/7 | BTC:$— | USDT:— | ARB:0% | فرصت:138
[6360] منابع:0/7 | BTC:$— | USDT:— | ARB:0% | فرصت:138
[6363] منابع:0/7 | BTC:$— | USDT:— | ARB:0% | فرصت:138
[6366] منابع:4/7 | BTC:$77289 | USDT:— | ARB:0% | فرصت:138
[6369] منابع:6/7 | BTC:$77319.6400 | USDT:— | ARB:0% | فرصت:138
[6372] منابع:0/7 | BTC:$— | USDT:— | ARB:0% | فرصت:138
[6375] منابع:10/7 | BTC:$77317.4800 | USDT:227272.000 | ARB:0.0931% | فرصت:138
[6378] منابع:8/7 | BTC:$77317.4900 | USDT:— | ARB:0% | فرصت:138
[6381] منابع:9/7 | BTC:$77322.0000 | USDT:227272.000 | ARB:0.0872% | فرصت:138
[6384] منابع:7/7 | BTC:$77322.0000 | USDT:— | ARB:0% | فرصت:138
[6387] منابع:9/7 | BTC:$77322.0100 | USDT:227272.000 | ARB:0.0872% | فرصت:138
[6390] منابع:9/7 | BTC:$77322.0000 | USDT:227272.000 | ARB:0.0872% | فرصت:138
[6393] منابع:9/7 | BTC:$77322.0000 | USDT:227272.000 | ARB:0.0872% | فرصت:138
[6396] منابع:10/7 | BTC:$77322.0000 | USDT:227272.000 | ARB:0.0872% | فرصت:138
[6399] منابع:9/7 | BTC:$77322.0000 | USDT:227272.000 | ARB:0.0872% | فرصت:138
[6402] منابع:9/7 | BTC:$77322.0100 | USDT:227272.000 | ARB:0.0872% | فرصت:138
[6405] منابع:7/7 | BTC:$77322.0000 | USDT:— | ARB:0% | فرصت:138
[6408] منابع:9/7 | BTC:$77322.0100 | USDT:227272.000 | ARB:0.0872% | فرصت:138
[6411] منابع:9/7 | BTC:$77322.0000 | USDT:227272.000 | ARB:0.0872% | فرصت:138
[6414] منابع:10/7 | BTC:$77322.0000 | USDT:227272.000 | ARB:0.0872% | فرصت:138
[6417] منابع:10/7 | BTC:$77322.0100 | USDT:227272.000 | ARB:0.0872% | فرصت:138
[6420] منابع:9/7 | BTC:$77322.0200 | USDT:227272.000 | ARB:0.0872% | فرصت:138
[6423] منابع:9/7 | BTC:$77322.0200 | USDT:227272.000 | ARB:0.0872% | فرصت:138
[6426] منابع:6/7 | BTC:$77322.0100 | USDT:— | ARB:0% | فرصت:138
[6429] منابع:9/7 | BTC:$77322.0100 | USDT:227272.000 | ARB:0.0872% | فرصت:138
[6432] منابع:7/7 | BTC:$77312.3300 | USDT:— | ARB:0% | فرصت:138
[6435] منابع:10/7 | BTC:$77330.0000 | USDT:227272.000 | ARB:0.0769% | فرصت:138
[6438] منابع:9/7 | BTC:$77361.4900 | USDT:227272.000 | ARB:0.0361% | فرصت:138
[6441] منابع:9/7 | BTC:$77365.5000 | USDT:227272.000 | ARB:0.0309% | فرصت:138
[6444] منابع:9/7 | BTC:$77365.4900 | USDT:227272.000 | ARB:0.0310% | فرصت:138
[6447] منابع:9/7 | BTC:$77362.0100 | USDT:227272.000 | ARB:0.0355% | فرصت:138
[6450] منابع:9/7 | BTC:$77362.0000 | USDT:227272.000 | ARB:0.0355% | فرصت:138
[6453] منابع:10/7 | BTC:$77358.0500 | USDT:227272.000 | ARB:0.0406% | فرصت:138
[6456] منابع:10/7 | BTC:$77358.0100 | USDT:227272.000 | ARB:0.0406% | فرصت:138
[6459] منابع:9/7 | BTC:$77358.0000 | USDT:227272.000 | ARB:0.0406% | فرصت:138
[6462] منابع:9/7 | BTC:$77352.0100 | USDT:227104.000 | ARB:-0.172% | فرصت:138
[6465] منابع:9/7 | BTC:$77352.0100 | USDT:227104.000 | ARB:-0.172% | فرصت:138
[6468] منابع:9/7 | BTC:$77370.0000 | USDT:227104.000 | ARB:-0.196% | فرصت:138
[6471] منابع:10/7 | BTC:$77380.0000 | USDT:227104.000 | ARB:-0.209% | فرصت:138
[6474] منابع:10/7 | BTC:$77383.4000 | USDT:227104.000 | ARB:-0.213% | فرصت:138
[6477] منابع:9/7 | BTC:$77383.3900 | USDT:227104.000 | ARB:-0.213% | فرصت:138
[6480] منابع:9/7 | BTC:$77380.0100 | USDT:227104.000 | ARB:-0.209% | فرصت:138
[6483] منابع:9/7 | BTC:$77380.0100 | USDT:227104.000 | ARB:-0.209% | فرصت:138
[6486] منابع:9/7 | BTC:$77378.0100 | USDT:227104.000 | ARB:-0.206% | فرصت:138
[6489] منابع:9/7 | BTC:$77377.9900 | USDT:227104.000 | ARB:-0.206% | فرصت:138
[6492] منابع:10/7 | BTC:$77378.0000 | USDT:227104.000 | ARB:-0.206% | فرصت:138
[6495] منابع:9/7 | BTC:$77378.0000 | USDT:227104.000 | ARB:-0.206% | فرصت:138
[6498] منابع:9/7 | BTC:$77377.9900 | USDT:227104.000 | ARB:-0.206% | فرصت:138
[6501] منابع:9/7 | BTC:$77378.0000 | USDT:227104.000 | ARB:-0.206% | فرصت:138
[6504] منابع:9/7 | BTC:$77378.0000 | USDT:227104.000 | ARB:-0.206% | فرصت:138
[6507] منابع:9/7 | BTC:$77357.9900 | USDT:227104.000 | ARB:-0.180% | فرصت:138
[6510] منابع:10/7 | BTC:$77352.1300 | USDT:227104.000 | ARB:-0.173% | فرصت:138
[6513] منابع:7/7 | BTC:$77352.1400 | USDT:— | ARB:0% | فرصت:138
[6516] منابع:9/7 | BTC:$77352.1300 | USDT:227104.000 | ARB:-0.173% | فرصت:138
[6519] منابع:9/7 | BTC:$77357.9500 | USDT:227104.000 | ARB:-0.180% | فرصت:138
[6522] منابع:9/7 | BTC:$77357.9400 | USDT:227104.000 | ARB:-0.180% | فرصت:138
[6525] منابع:9/7 | BTC:$77357.9400 | USDT:227104.000 | ARB:-0.180% | فرصت:138
[6528] منابع:10/7 | BTC:$77357.9500 | USDT:227104.000 | ARB:-0.180% | فرصت:138
[6531] منابع:10/7 | BTC:$77362.2300 | USDT:227104.000 | ARB:-0.186% | فرصت:138
[6534] منابع:9/7 | BTC:$77362.2300 | USDT:227104.000 | ARB:-0.186% | فرصت:138
[6537] منابع:9/7 | BTC:$77362.2300 | USDT:227104.000 | ARB:-0.186% | فرصت:138
[6540] منابع:9/7 | BTC:$77362.2400 | USDT:227104.000 | ARB:-0.186% | فرصت:138
[6543] منابع:9/7 | BTC:$77362.3400 | USDT:227104.000 | ARB:-0.186% | فرصت:138
[6546] منابع:9/7 | BTC:$77366.8800 | USDT:227104.000 | ARB:-0.192% | فرصت:138
[6549] منابع:10/7 | BTC:$77372.0100 | USDT:226999.000 | ARB:0.1402% | فرصت:138
[6552] منابع:10/7 | BTC:$77375.0300 | USDT:226999.000 | ARB:0.1363% | فرصت:138
[6555] منابع:9/7 | BTC:$77375.0300 | USDT:226999.000 | ARB:0.1363% | فرصت:138
[6558] منابع:9/7 | BTC:$77375.0300 | USDT:226999.000 | ARB:0.1363% | فرصت:138
[6561] منابع:9/7 | BTC:$77362.2400 | USDT:226999.000 | ARB:0.1528% | فرصت:138
[6564] منابع:0/7 | BTC:$— | USDT:— | ARB:0% | فرصت:138
[6567] منابع:10/7 | BTC:$77362.2300 | USDT:226999.000 | ARB:0.1529% | فرصت:138
[6570] منابع:9/7 | BTC:$77362.2300 | USDT:226999.000 | ARB:0.1529% | فرصت:138
[6573] منابع:9/7 | BTC:$77362.2400 | USDT:226999.000 | ARB:0.1528% | فرصت:138
[6576] منابع:9/7 | BTC:$77362.2300 | USDT:226999.000 | ARB:0.1529% | فرصت:138
[6579] منابع:9/7 | BTC:$77362.6800 | USDT:226999.000 | ARB:0.1523% | فرصت:138
[6582] منابع:9/7 | BTC:$77362.6800 | USDT:226999.000 | ARB:0.1523% | فرصت:138
[6585] منابع:10/7 | BTC:$77362.6900 | USDT:226999.000 | ARB:0.1523% | فرصت:138
[6588] منابع:9/7 | BTC:$77356.8700 | USDT:226999.000 | ARB:0.1598% | فرصت:138
[6591] منابع:9/7 | BTC:$77356.8700 | USDT:226999.000 | ARB:0.1598% | فرصت:138
[6594] منابع:9/7 | BTC:$77356.8700 | USDT:226999.000 | ARB:0.1598% | فرصت:138
[6597] منابع:9/7 | BTC:$77347.8000 | USDT:226999.000 | ARB:0.1715% | فرصت:138
[6600] منابع:9/7 | BTC:$77338.0100 | USDT:226999.000 | ARB:0.1842% | فرصت:138
[6603] منابع:10/7 | BTC:$77338.0000 | USDT:226999.000 | ARB:0.1842% | فرصت:138
[6606] منابع:10/7 | BTC:$77338.0100 | USDT:226999.000 | ARB:0.1842% | فرصت:138
[6609] منابع:9/7 | BTC:$77337.0300 | USDT:226999.000 | ARB:0.1855% | فرصت:138
[6612] منابع:9/7 | BTC:$77332.5500 | USDT:226999.000 | ARB:0.1913% | فرصت:138
[6615] منابع:6/7 | BTC:$77332.5400 | USDT:— | ARB:0% | فرصت:138
[6618] منابع:9/7 | BTC:$77332.5500 | USDT:226999.000 | ARB:0.1913% | فرصت:138
[6621] منابع:10/7 | BTC:$77332.5400 | USDT:226999.000 | ARB:0.1913% | فرصت:138
[6624] منابع:9/7 | BTC:$77332.5500 | USDT:226999.000 | ARB:0.1913% | فرصت:138
[6627] منابع:9/7 | BTC:$77332.5400 | USDT:226999.000 | ARB:0.1913% | فرصت:138
[6630] منابع:9/7 | BTC:$77332.5500 | USDT:226999.000 | ARB:0.1913% | فرصت:138
[6633] منابع:9/7 | BTC:$77332.5400 | USDT:226999.000 | ARB:0.1913% | فرصت:138
[6636] منابع:9/7 | BTC:$77332.5500 | USDT:226999.000 | ARB:0.1913% | فرصت:138
[6639] منابع:10/7 | BTC:$77332.5400 | USDT:226999.000 | ARB:0.1913% | فرصت:138
[6642] منابع:10/7 | BTC:$77332.5500 | USDT:226955.000 | ARB:-0.005% | فرصت:138
[6645] منابع:9/7 | BTC:$77332.5400 | USDT:226955.000 | ARB:-0.005% | فرصت:138
[6648] منابع:7/7 | BTC:$77354.0100 | USDT:— | ARB:0% | فرصت:138
[6651] منابع:9/7 | BTC:$77354.0000 | USDT:226955.000 | ARB:-0.033% | فرصت:138
[6654] منابع:9/7 | BTC:$77354.0000 | USDT:226955.000 | ARB:-0.033% | فرصت:138
[6657] منابع:9/7 | BTC:$77354.0100 | USDT:226955.000 | ARB:-0.033% | فرصت:138
[6660] منابع:10/7 | BTC:$77348.0000 | USDT:226955.000 | ARB:-0.025% | فرصت:138
[6663] منابع:9/7 | BTC:$77342.5800 | USDT:226955.000 | ARB:-0.018% | فرصت:138
[6666] منابع:9/7 | BTC:$77342.5800 | USDT:226955.000 | ARB:-0.018% | فرصت:138
[6669] منابع:9/7 | BTC:$77342.5800 | USDT:226955.000 | ARB:-0.018% | فرصت:138
[6672] منابع:9/7 | BTC:$77343.9900 | USDT:226955.000 | ARB:-0.020% | فرصت:138
[6675] منابع:10/7 | BTC:$77337.0200 | USDT:226955.000 | ARB:-0.011% | فرصت:138
[6678] منابع:10/7 | BTC:$77337.0300 | USDT:226955.000 | ARB:-0.011% | فرصت:138
[6681] منابع:9/7 | BTC:$77337.0200 | USDT:226955.000 | ARB:-0.011% | فرصت:138
[6684] منابع:9/7 | BTC:$77326.1100 | USDT:226955.000 | ARB:0.0025% | فرصت:138
[6687] منابع:9/7 | BTC:$77320.9900 | USDT:226955.000 | ARB:0.0092% | فرصت:138
[6690] منابع:9/7 | BTC:$77319.0000 | USDT:226955.000 | ARB:0.0117% | فرصت:138
[6693] منابع:10/7 | BTC:$77319.0000 | USDT:226955.000 | ARB:0.0117% | فرصت:138
[6696] منابع:10/7 | BTC:$77321.9900 | USDT:226955.000 | ARB:0.0079% | فرصت:138
[6699] منابع:9/7 | BTC:$77337.1400 | USDT:226955.000 | ARB:-0.011% | فرصت:138
[6702] منابع:9/7 | BTC:$77344.4900 | USDT:226955.000 | ARB:-0.021% | فرصت:138
[6705] منابع:9/7 | BTC:$77344.4900 | USDT:226955.000 | ARB:-0.021% | فرصت:138
[6708] منابع:7/7 | BTC:$77353.0000 | USDT:— | ARB:0% | فرصت:138
[6711] منابع:0/7 | BTC:$— | USDT:— | ARB:0% | فرصت:138
[6714] منابع:7/7 | BTC:$77353.0000 | USDT:— | ARB:0% | فرصت:138
[6717] منابع:7/7 | BTC:$77353.0000 | USDT:— | ARB:0% | فرصت:138
[6720] منابع:7/7 | BTC:$77366.0100 | USDT:— | ARB:0% | فرصت:138
[6723] منابع:7/7 | BTC:$77366.0100 | USDT:— | ARB:0% | فرصت:138
[6726] منابع:9/7 | BTC:$77366.0100 | USDT:226983.000 | ARB:-0.061% | فرصت:138
[6729] منابع:7/7 | BTC:$77328 | USDT:— | ARB:0% | فرصت:138
[6732] منابع:10/7 | BTC:$77366.0000 | USDT:226983.000 | ARB:-0.061% | فرصت:138
[6735] منابع:9/7 | BTC:$77366.0100 | USDT:226983.000 | ARB:-0.061% | فرصت:138
[6738] منابع:9/7 | BTC:$77366.0100 | USDT:226983.000 | ARB:-0.061% | فرصت:138
[6741] منابع:7/7 | BTC:$77366.0100 | USDT:— | ARB:0% | فرصت:138
[6744] منابع:0/7 | BTC:$— | USDT:— | ARB:0% | فرصت:138
[6747] منابع:7/7 | BTC:$77366.0100 | USDT:— | ARB:0% | فرصت:138
[6750] منابع:10/7 | BTC:$77369.0400 | USDT:226983.000 | ARB:-0.065% | فرصت:138
[6753] منابع:9/7 | BTC:$77369.0500 | USDT:226983.000 | ARB:-0.065% | فرصت:138
[6756] منابع:9/7 | BTC:$77369.0500 | USDT:226983.000 | ARB:-0.065% | فرصت:138
[6759] منابع:9/7 | BTC:$77369.0500 | USDT:226983.000 | ARB:-0.065% | فرصت:138
[6762] منابع:9/7 | BTC:$77369.0500 | USDT:226983.000 | ARB:-0.065% | فرصت:138
[6765] منابع:10/7 | BTC:$77369.0500 | USDT:226983.000 | ARB:-0.065% | فرصت:138
[6768] منابع:10/7 | BTC:$77369.0500 | USDT:226983.000 | ARB:-0.065% | فرصت:138
[6771] منابع:9/7 | BTC:$77369.0400 | USDT:226983.000 | ARB:-0.065% | فرصت:138
[6774] منابع:9/7 | BTC:$77369.0500 | USDT:226983.000 | ARB:-0.065% | فرصت:138
[6777] منابع:9/7 | BTC:$77369.0500 | USDT:226983.000 | ARB:-0.065% | فرصت:138
[6780] منابع:9/7 | BTC:$77369.0400 | USDT:226983.000 | ARB:-0.065% | فرصت:138
[6783] منابع:10/7 | BTC:$77369.0500 | USDT:226983.000 | ARB:-0.065% | فرصت:138
[6786] منابع:10/7 | BTC:$77369.0500 | USDT:226983.000 | ARB:-0.065% | فرصت:138
[6789] منابع:8/7 | BTC:$77369.0500 | USDT:— | ARB:0% | فرصت:138
[6792] منابع:9/7 | BTC:$77369.0500 | USDT:226983.000 | ARB:-0.065% | فرصت:138
[6795] منابع:9/7 | BTC:$77366.1300 | USDT:226983.000 | ARB:-0.061% | فرصت:138
[6798] منابع:9/7 | BTC:$77354.0000 | USDT:226983.000 | ARB:-0.045% | فرصت:138
[6801] منابع:9/7 | BTC:$77355.9400 | USDT:226983.000 | ARB:-0.048% | فرصت:138
[6804] منابع:10/7 | BTC:$77358.0100 | USDT:226983.000 | ARB:-0.050% | فرصت:138
[6807] منابع:10/7 | BTC:$77362.0100 | USDT:226983.000 | ARB:-0.056% | فرصت:138
[6810] منابع:9/7 | BTC:$77369.0400 | USDT:227329.000 | ARB:-0.190% | فرصت:138
[6813] منابع:9/7 | BTC:$77369.0400 | USDT:227329.000 | ARB:-0.190% | فرصت:138
[6816] منابع:9/7 | BTC:$77369.0400 | USDT:227329.000 | ARB:-0.190% | فرصت:138
[6819] منابع:9/7 | BTC:$77369.0400 | USDT:227329.000 | ARB:-0.190% | فرصت:138
[6822] منابع:9/7 | BTC:$77369.0400 | USDT:227329.000 | ARB:-0.190% | فرصت:138
[6825] منابع:10/7 | BTC:$77369.0400 | USDT:227329.000 | ARB:-0.190% | فرصت:138
[6828] منابع:10/7 | BTC:$77373.8200 | USDT:227329.000 | ARB:-0.196% | فرصت:138
[6831] منابع:9/7 | BTC:$77373.8300 | USDT:227329.000 | ARB:-0.196% | فرصت:138
[6834] منابع:9/7 | BTC:$77375.3600 | USDT:227329.000 | ARB:-0.198% | فرصت:138
[6837] منابع:9/7 | BTC:$77380.0000 | USDT:227329.000 | ARB:-0.204% | فرصت:138
[6840] منابع:9/7 | BTC:$77380.0100 | USDT:227329.000 | ARB:-0.204% | فرصت:138
[6843] منابع:10/7 | BTC:$77380.0000 | USDT:227329.000 | ARB:-0.204% | فرصت:138
[6846] منابع:10/7 | BTC:$77380.0000 | USDT:227329.000 | ARB:-0.204% | فرصت:138
[6849] منابع:9/7 | BTC:$77380.0000 | USDT:227329.000 | ARB:-0.204% | فرصت:138
[6852] منابع:9/7 | BTC:$77380.0100 | USDT:227329.000 | ARB:-0.204% | فرصت:138
[6855] منابع:9/7 | BTC:$77380.0000 | USDT:227329.000 | ARB:-0.204% | فرصت:138
[6858] منابع:9/7 | BTC:$77380.0100 | USDT:227329.000 | ARB:-0.204% | فرصت:138
[6861] منابع:10/7 | BTC:$77380.0100 | USDT:227329.000 | ARB:-0.204% | فرصت:138
[6864] منابع:10/7 | BTC:$77380.0000 | USDT:227329.000 | ARB:-0.204% | فرصت:138
[6867] منابع:9/7 | BTC:$77380.0100 | USDT:227329.000 | ARB:-0.204% | فرصت:138
[6870] منابع:9/7 | BTC:$77380.0100 | USDT:227329.000 | ARB:-0.204% | فرصت:138
[6873] منابع:9/7 | BTC:$77380.0100 | USDT:227329.000 | ARB:-0.204% | فرصت:138
[6876] منابع:9/7 | BTC:$77380.0000 | USDT:227329.000 | ARB:-0.204% | فرصت:138
[6879] منابع:10/7 | BTC:$77380.0000 | USDT:227329.000 | ARB:-0.204% | فرصت:138
[6882] منابع:10/7 | BTC:$77380.0000 | USDT:227329.000 | ARB:-0.204% | فرصت:138
[6885] منابع:9/7 | BTC:$77380.0000 | USDT:227329.000 | ARB:-0.204% | فرصت:138
[6888] منابع:9/7 | BTC:$77380.0100 | USDT:227329.000 | ARB:-0.204% | فرصت:138
[6891] منابع:9/7 | BTC:$77368.6400 | USDT:227329.000 | ARB:-0.189% | فرصت:138
[6894] منابع:9/7 | BTC:$77368.6300 | USDT:227329.000 | ARB:-0.189% | فرصت:138
[6897] منابع:10/7 | BTC:$77368.6300 | USDT:227329.000 | ARB:-0.189% | فرصت:138
[6900] منابع:10/7 | BTC:$77368.6400 | USDT:227321.000 | ARB:0.0682% | فرصت:138
[6903] منابع:9/7 | BTC:$77368.6400 | USDT:227321.000 | ARB:0.0682% | فرصت:138
[6906] منابع:9/7 | BTC:$77372.7600 | USDT:227321.000 | ARB:0.0628% | فرصت:138
[6909] منابع:9/7 | BTC:$77372.7500 | USDT:227321.000 | ARB:0.0628% | فرصت:138
[6912] منابع:9/7 | BTC:$77372.7500 | USDT:227321.000 | ARB:0.0628% | فرصت:138
[6915] منابع:6/7 | BTC:$77372.7500 | USDT:— | ARB:0% | فرصت:138
[6918] منابع:8/7 | BTC:$77372.7600 | USDT:— | ARB:0% | فرصت:138
[6921] منابع:8/7 | BTC:$77372.7600 | USDT:— | ARB:0% | فرصت:138
[6924] منابع:7/7 | BTC:$77372.7500 | USDT:— | ARB:0% | فرصت:138
[6927] منابع:0/7 | BTC:$— | USDT:— | ARB:0% | فرصت:138
[6930] منابع:9/7 | BTC:$77372.7600 | USDT:227321.000 | ARB:0.0628% | فرصت:138
[6933] منابع:10/7 | BTC:$77372.7500 | USDT:227321.000 | ARB:0.0628% | فرصت:138
[6936] منابع:10/7 | BTC:$77372.7500 | USDT:227321.000 | ARB:0.0628% | فرصت:138
[6939] منابع:9/7 | BTC:$77372.7600 | USDT:227321.000 | ARB:0.0628% | فرصت:138
[6942] منابع:9/7 | BTC:$77372.7500 | USDT:227321.000 | ARB:0.0628% | فرصت:138
[6945] منابع:9/7 | BTC:$77372.7500 | USDT:227321.000 | ARB:0.0628% | فرصت:138
[6948] منابع:9/7 | BTC:$77372.7500 | USDT:227321.000 | ARB:0.0628% | فرصت:138
[6951] منابع:9/7 | BTC:$77366.0000 | USDT:227321.000 | ARB:0.0716% | فرصت:138
[6954] منابع:10/7 | BTC:$77360.0000 | USDT:227321.000 | ARB:0.0793% | فرصت:138
[6957] منابع:9/7 | BTC:$77360.0100 | USDT:227321.000 | ARB:0.0793% | فرصت:138
[6960] منابع:9/7 | BTC:$77355.1400 | USDT:227321.000 | ARB:0.0856% | فرصت:138
[6963] منابع:9/7 | BTC:$77354.8000 | USDT:227321.000 | ARB:0.0861% | فرصت:138
[6966] منابع:9/7 | BTC:$77354.0000 | USDT:227321.000 | ARB:0.0871% | فرصت:138
[6969] منابع:10/7 | BTC:$77354.0000 | USDT:227321.000 | ARB:0.0871% | فرصت:138
[6972] منابع:10/7 | BTC:$77354.0000 | USDT:227321.000 | ARB:0.0871% | فرصت:138
[6975] منابع:7/7 | BTC:$77338.7100 | USDT:— | ARB:0% | فرصت:138
[6978] منابع:9/7 | BTC:$77338.7100 | USDT:227321.000 | ARB:0.1069% | فرصت:138
[6981] منابع:9/7 | BTC:$77338.7000 | USDT:227321.000 | ARB:0.1069% | فرصت:138
[6984] منابع:9/7 | BTC:$77338.7000 | USDT:227321.000 | ARB:0.1069% | فرصت:138
[6987] منابع:9/7 | BTC:$77338.7100 | USDT:227330.000 | ARB:0.1029% | فرصت:138
[6990] منابع:10/7 | BTC:$77338.7000 | USDT:227330.000 | ARB:0.1029% | فرصت:138
[6993] منابع:10/7 | BTC:$77338.7000 | USDT:227330.000 | ARB:0.1029% | فرصت:138
[6996] منابع:9/7 | BTC:$77338.7100 | USDT:227330.000 | ARB:0.1029% | فرصت:138
[6999] منابع:9/7 | BTC:$77338.7100 | USDT:227330.000 | ARB:0.1029% | فرصت:138
[7002] منابع:9/7 | BTC:$77338.8700 | USDT:227330.000 | ARB:0.1027% | فرصت:138
[7005] منابع:9/7 | BTC:$77338.8600 | USDT:227330.000 | ARB:0.1027% | فرصت:138
[7008] منابع:10/7 | BTC:$77338.8700 | USDT:227330.000 | ARB:0.1027% | فرصت:138
[7011] منابع:8/7 | BTC:$77338.8700 | USDT:— | ARB:0% | فرصت:138
[7014] منابع:0/7 | BTC:$— | USDT:— | ARB:0% | فرصت:138
[7017] منابع:0/7 | BTC:$— | USDT:— | ARB:0% | فرصت:138
[7020] منابع:10/7 | BTC:$77349.4100 | USDT:227330.000 | ARB:0.0891% | فرصت:138
[7023] منابع:7/7 | BTC:$77349.4100 | USDT:— | ARB:0% | فرصت:138
[7026] منابع:9/7 | BTC:$77349.4100 | USDT:227330.000 | ARB:0.0891% | فرصت:138
[7029] منابع:9/7 | BTC:$77362.0100 | USDT:227330.000 | ARB:0.0728% | فرصت:138
[7032] منابع:9/7 | BTC:$77369.6500 | USDT:227330.000 | ARB:0.0629% | فرصت:138
[7035] منابع:9/7 | BTC:$77369.6500 | USDT:227330.000 | ARB:0.0629% | فرصت:138
[7038] منابع:10/7 | BTC:$77369.6500 | USDT:227330.000 | ARB:0.0629% | فرصت:138
[7041] منابع:10/7 | BTC:$77369.6500 | USDT:227330.000 | ARB:0.0629% | فرصت:138
[7044] منابع:9/7 | BTC:$77369.6400 | USDT:227330.000 | ARB:0.0629% | فرصت:138
[7047] منابع:9/7 | BTC:$77369.6400 | USDT:227330.000 | ARB:0.0629% | فرصت:138
[7050] منابع:9/7 | BTC:$77364.0100 | USDT:227330.000 | ARB:0.0702% | فرصت:138
[7053] منابع:7/7 | BTC:$77373.5800 | USDT:— | ARB:0% | فرصت:138
[7056] منابع:10/7 | BTC:$77373.5800 | USDT:227330.000 | ARB:0.0578% | فرصت:138
[7059] منابع:8/7 | BTC:$77374.0100 | USDT:— | ARB:0% | فرصت:138
[7062] منابع:4/7 | BTC:$77376.0100 | USDT:— | ARB:0% | فرصت:138
[7065] منابع:0/7 | BTC:$— | USDT:— | ARB:0% | فرصت:138
[7068] منابع:3/7 | BTC:$— | USDT:— | ARB:0% | فرصت:138
[7071] منابع:10/7 | BTC:$77376.9500 | USDT:226942.000 | ARB:0.1474% | فرصت:138
[7074] منابع:0/7 | BTC:$— | USDT:— | ARB:0% | فرصت:138
[7077] منابع:7/7 | BTC:$77401.9900 | USDT:— | ARB:0% | فرصت:138
[7080] منابع:9/7 | BTC:$77392.9500 | USDT:226942.000 | ARB:0.1267% | فرصت:138
[7083] منابع:9/7 | BTC:$77394.2000 | USDT:226942.000 | ARB:0.1251% | فرصت:138
[7086] منابع:0/7 | BTC:$— | USDT:— | ARB:0% | فرصت:138
[7089] منابع:4/7 | BTC:$77340.0000 | USDT:— | ARB:0% | فرصت:138
[7092] منابع:10/7 | BTC:$77346.0000 | USDT:226942.000 | ARB:0.1875% | فرصت:138
[7095] منابع:10/7 | BTC:$77332.0000 | USDT:226942.000 | ARB:0.2056% | فرصت:138
[7098] منابع:6/7 | BTC:$77323.4300 | USDT:— | ARB:0% | فرصت:138
[7101] منابع:7/7 | BTC:$77323.4300 | USDT:— | ARB:0% | فرصت:138
[7104] منابع:9/7 | BTC:$77322.1400 | USDT:226942.000 | ARB:0.2184% | فرصت:138
[7107] منابع:9/7 | BTC:$77324.0000 | USDT:226942.000 | ARB:0.2160% | فرصت:138
[7110] منابع:9/7 | BTC:$77324.0800 | USDT:226942.000 | ARB:0.2159% | فرصت:138
[7113] منابع:10/7 | BTC:$77324.0900 | USDT:226942.000 | ARB:0.2159% | فرصت:138
[7116] منابع:9/7 | BTC:$77324.0800 | USDT:226942.000 | ARB:0.2159% | فرصت:138
[7119] منابع:9/7 | BTC:$77324.0800 | USDT:226942.000 | ARB:0.2159% | فرصت:138
[7122] منابع:7/7 | BTC:$77324.0900 | USDT:— | ARB:0% | فرصت:138
[7125] منابع:2/7 | BTC:$77324.0900 | USDT:— | ARB:0% | فرصت:138
[7128] منابع:10/7 | BTC:$77314.3900 | USDT:226702.000 | ARB:0.2462% | فرصت:138
[7131] منابع:9/7 | BTC:$77308.0100 | USDT:226702.000 | ARB:0.2545% | فرصت:138
[7134] منابع:9/7 | BTC:$77308.0100 | USDT:226702.000 | ARB:0.2545% | فرصت:138
[7137] منابع:9/7 | BTC:$77308.0100 | USDT:226702.000 | ARB:0.2545% | فرصت:138
[7140] منابع:9/7 | BTC:$77290.0100 | USDT:226702.000 | ARB:0.2778% | فرصت:138
[7143] منابع:8/7 | BTC:$77290.0100 | USDT:— | ARB:0% | فرصت:138
[7146] منابع:10/7 | BTC:$77286.0100 | USDT:226702.000 | ARB:0.2830% | فرصت:138
[7149] منابع:6/7 | BTC:$77284.0000 | USDT:— | ARB:0% | فرصت:138
[7152] منابع:9/7 | BTC:$77284.0000 | USDT:226702.000 | ARB:0.2856% | فرصت:138
[7155] منابع:9/7 | BTC:$77284.0400 | USDT:226702.000 | ARB:0.2856% | فرصت:138
[7158] منابع:10/7 | BTC:$77284.0500 | USDT:226702.000 | ARB:0.2856% | فرصت:138
[7161] منابع:0/7 | BTC:$— | USDT:— | ARB:0% | فرصت:138
[7164] منابع:0/7 | BTC:$— | USDT:— | ARB:0% | فرصت:138
[7167] منابع:8/7 | BTC:$77262.9300 | USDT:— | ARB:0% | فرصت:138
[7170] منابع:1/7 | BTC:$— | USDT:— | ARB:0% | فرصت:138
[7173] منابع:10/7 | BTC:$77262.9200 | USDT:226702.000 | ARB:0.3130% | فرصت:140
[7176] منابع:7/7 | BTC:$77262.9200 | USDT:— | ARB:0% | فرصت:141
[7179] منابع:9/7 | BTC:$77262.9300 | USDT:226702.000 | ARB:0.3130% | فرصت:143
[7182] منابع:9/7 | BTC:$77262.9300 | USDT:226702.000 | ARB:0.3130% | فرصت:145
[7185] منابع:10/7 | BTC:$77262.9300 | USDT:226702.000 | ARB:0.3130% | فرصت:147
[7188] منابع:10/7 | BTC:$77262.9300 | USDT:226725.000 | ARB:0.2129% | فرصت:147
[7191] منابع:9/7 | BTC:$77262.9300 | USDT:226725.000 | ARB:0.2129% | فرصت:147
[7194] منابع:0/7 | BTC:$— | USDT:— | ARB:0% | فرصت:147
[7197] منابع:0/7 | BTC:$— | USDT:— | ARB:0% | فرصت:147
[7200] منابع:0/7 | BTC:$— | USDT:— | ARB:0% | فرصت:147
[7203] منابع:0/7 | BTC:$— | USDT:— | ARB:0% | فرصت:147
[7206] منابع:0/7 | BTC:$— | USDT:— | ARB:0% | فرصت:147
[7209] منابع:0/7 | BTC:$— | USDT:— | ARB:0% | فرصت:147
[7212] منابع:0/7 | BTC:$— | USDT:— | ARB:0% | فرصت:147
[7215] منابع:0/7 | BTC:$— | USDT:— | ARB:0% | فرصت:147
[7218] منابع:0/7 | BTC:$— | USDT:— | ARB:0% | فرصت:147
[7221] منابع:0/7 | BTC:$— | USDT:— | ARB:0% | فرصت:147
[7224] منابع:0/7 | BTC:$— | USDT:— | ARB:0% | فرصت:147
[7227] منابع:0/7 | BTC:$— | USDT:— | ARB:0% | فرصت:147
[7230] منابع:0/7 | BTC:$— | USDT:— | ARB:0% | فرصت:147
[7233] منابع:0/7 | BTC:$— | USDT:— | ARB:0% | فرصت:147
[7236] منابع:0/7 | BTC:$— | USDT:— | ARB:0% | فرصت:147
[7239] منابع:7/7 | BTC:$77227 | USDT:226725.000 | ARB:0% | فرصت:147
[7242] منابع:0/7 | BTC:$— | USDT:— | ARB:0% | فرصت:147
[7245] منابع:0/7 | BTC:$— | USDT:— | ARB:0% | فرصت:147
[7248] منابع:1/7 | BTC:$— | USDT:— | ARB:0% | فرصت:147
[7251] منابع:0/7 | BTC:$— | USDT:— | ARB:0% | فرصت:147
[7254] منابع:0/7 | BTC:$— | USDT:— | ARB:0% | فرصت:147
[7257] منابع:6/7 | BTC:$77266.0800 | USDT:— | ARB:0% | فرصت:147
[7260] منابع:5/7 | BTC:$— | USDT:— | ARB:0% | فرصت:147
[7263] منابع:0/7 | BTC:$— | USDT:— | ARB:0% | فرصت:147
[7266] منابع:0/7 | BTC:$— | USDT:— | ARB:0% | فرصت:147
[7269] منابع:0/7 | BTC:$— | USDT:— | ARB:0% | فرصت:147
[7272] منابع:0/7 | BTC:$— | USDT:— | ARB:0% | فرصت:147
[7275] منابع:9/7 | BTC:$77268.0100 | USDT:228495.000 | ARB:0.0837% | فرصت:147
[7278] منابع:0/7 | BTC:$— | USDT:— | ARB:0% | فرصت:147
[7281] منابع:0/7 | BTC:$— | USDT:— | ARB:0% | فرصت:147
[7284] منابع:10/7 | BTC:$77269.5000 | USDT:228495.000 | ARB:0.0818% | فرصت:147
[7287] منابع:10/7 | BTC:$77269.4900 | USDT:228495.000 | ARB:0.0818% | فرصت:147
[7290] منابع:9/7 | BTC:$77269.5000 | USDT:228495.000 | ARB:0.0818% | فرصت:147
[7293] منابع:9/7 | BTC:$77269.5000 | USDT:228495.000 | ARB:0.0818% | فرصت:147
[7296] منابع:9/7 | BTC:$77269.4900 | USDT:228495.000 | ARB:0.0818% | فرصت:147
[7299] منابع:9/7 | BTC:$77272.0000 | USDT:228495.000 | ARB:0.0785% | فرصت:147
[7302] منابع:9/7 | BTC:$77254.0000 | USDT:228495.000 | ARB:0.1018% | فرصت:147
[7305] منابع:9/7 | BTC:$77254.0000 | USDT:228495.000 | ARB:0.1018% | فرصت:147
[7308] منابع:9/7 | BTC:$77249.1700 | USDT:228495.000 | ARB:0.1081% | فرصت:147
[7311] منابع:9/7 | BTC:$77249.1700 | USDT:228495.000 | ARB:0.1081% | فرصت:147
[7314] منابع:9/7 | BTC:$77249.1700 | USDT:228495.000 | ARB:0.1081% | فرصت:147
[7317] منابع:9/7 | BTC:$77249.1600 | USDT:228495.000 | ARB:0.1081% | فرصت:147
[7320] منابع:9/7 | BTC:$77252.0000 | USDT:228495.000 | ARB:0.1044% | فرصت:147
[7323] منابع:7/7 | BTC:$77252.0000 | USDT:— | ARB:0% | فرصت:147
[7326] منابع:10/7 | BTC:$77252.0000 | USDT:229515.000 | ARB:0.0536% | فرصت:147
[7329] منابع:9/7 | BTC:$77246.5600 | USDT:229515.000 | ARB:0.0606% | فرصت:147
[7332] منابع:7/7 | BTC:$77246.5600 | USDT:— | ARB:0% | فرصت:147
[7335] منابع:9/7 | BTC:$77246.5600 | USDT:229515.000 | ARB:0.0606% | فرصت:147
[7338] منابع:7/7 | BTC:$77233.7700 | USDT:— | ARB:0% | فرصت:147
[7341] منابع:10/7 | BTC:$77233.7700 | USDT:229515.000 | ARB:0.0772% | فرصت:147
[7344] منابع:9/7 | BTC:$77237.4700 | USDT:229515.000 | ARB:0.0724% | فرصت:147
[7347] منابع:9/7 | BTC:$77237.4800 | USDT:229515.000 | ARB:0.0724% | فرصت:147
[7350] منابع:7/7 | BTC:$77237.4800 | USDT:— | ARB:0% | فرصت:147
[7353] منابع:9/7 | BTC:$77237.4700 | USDT:229515.000 | ARB:0.0724% | فرصت:147
[7356] منابع:10/7 | BTC:$77237.4800 | USDT:229515.000 | ARB:0.0724% | فرصت:147
[7359] منابع:0/7 | BTC:$— | USDT:— | ARB:0% | فرصت:147
[7362] منابع:0/7 | BTC:$— | USDT:— | ARB:0% | فرصت:147
[7365] منابع:0/7 | BTC:$— | USDT:— | ARB:0% | فرصت:147
[7368] منابع:0/7 | BTC:$— | USDT:— | ARB:0% | فرصت:147
[7371] منابع:0/7 | BTC:$— | USDT:— | ARB:0% | فرصت:147
[7374] منابع:0/7 | BTC:$— | USDT:— | ARB:0% | فرصت:147
[7377] منابع:0/7 | BTC:$— | USDT:— | ARB:0% | فرصت:147
[7380] منابع:0/7 | BTC:$— | USDT:— | ARB:0% | فرصت:147
[7383] منابع:0/7 | BTC:$— | USDT:— | ARB:0% | فرصت:147
[7386] منابع:0/7 | BTC:$— | USDT:— | ARB:0% | فرصت:147
[7389] منابع:0/7 | BTC:$— | USDT:— | ARB:0% | فرصت:147
[7392] منابع:6/7 | BTC:$77236.3000 | USDT:— | ARB:0% | فرصت:147
[7395] منابع:0/7 | BTC:$— | USDT:— | ARB:0% | فرصت:147
[7398] منابع:0/7 | BTC:$— | USDT:— | ARB:0% | فرصت:147
[7401] منابع:0/7 | BTC:$— | USDT:— | ARB:0% | فرصت:147
[7404] منابع:0/7 | BTC:$— | USDT:— | ARB:0% | فرصت:147
[7407] منابع:0/7 | BTC:$— | USDT:— | ARB:0% | فرصت:147
[7410] منابع:7/7 | BTC:$77236.2900 | USDT:— | ARB:0% | فرصت:147
[7413] منابع:9/7 | BTC:$77237.5100 | USDT:232251.000 | ARB:-0.103% | فرصت:147
[7416] منابع:6/7 | BTC:$77237.5000 | USDT:— | ARB:0% | فرصت:147
[7419] منابع:1/7 | BTC:$— | USDT:— | ARB:0% | فرصت:147
[7422] منابع:8/7 | BTC:$77237.5100 | USDT:— | ARB:0% | فرصت:147
[7425] منابع:7/7 | BTC:$77211 | USDT:— | ARB:0% | فرصت:147
[7428] منابع:0/7 | BTC:$— | USDT:— | ARB:0% | فرصت:147
[7431] منابع:0/7 | BTC:$— | USDT:— | ARB:0% | فرصت:147
[7434] منابع:0/7 | BTC:$— | USDT:— | ARB:0% | فرصت:147
[7437] منابع:0/7 | BTC:$— | USDT:— | ARB:0% | فرصت:147
[7440] منابع:0/7 | BTC:$— | USDT:— | ARB:0% | فرصت:147
[7443] منابع:0/7 | BTC:$— | USDT:— | ARB:0% | فرصت:147
[7446] منابع:0/7 | BTC:$— | USDT:— | ARB:0% | فرصت:147
[7449] منابع:0/7 | BTC:$— | USDT:— | ARB:0% | فرصت:147
[7452] منابع:10/7 | BTC:$77245.6700 | USDT:232251.000 | ARB:-0.113% | فرصت:147
[7455] منابع:6/7 | BTC:$77245.6700 | USDT:— | ARB:0% | فرصت:147
[7458] منابع:6/7 | BTC:$77245.6700 | USDT:— | ARB:0% | فرصت:147
[7461] منابع:7/7 | BTC:$77245.6700 | USDT:— | ARB:0% | فرصت:147
[7464] منابع:0/7 | BTC:$— | USDT:— | ARB:0% | فرصت:147
[7467] منابع:0/7 | BTC:$— | USDT:— | ARB:0% | فرصت:147
[7470] منابع:0/7 | BTC:$— | USDT:— | ARB:0% | فرصت:147
[7473] منابع:0/7 | BTC:$— | USDT:— | ARB:0% | فرصت:147
[7476] منابع:0/7 | BTC:$— | USDT:— | ARB:0% | فرصت:147
[7479] منابع:0/7 | BTC:$— | USDT:— | ARB:0% | فرصت:147
[7482] منابع:0/7 | BTC:$— | USDT:— | ARB:0% | فرصت:147
[7485] منابع:0/7 | BTC:$— | USDT:— | ARB:0% | فرصت:147
[7488] منابع:0/7 | BTC:$— | USDT:— | ARB:0% | فرصت:147
[7491] منابع:0/7 | BTC:$— | USDT:— | ARB:0% | فرصت:147
[7494] منابع:0/7 | BTC:$— | USDT:— | ARB:0% | فرصت:147
[7497] منابع:0/7 | BTC:$— | USDT:— | ARB:0% | فرصت:147
[7500] منابع:0/7 | BTC:$— | USDT:— | ARB:0% | فرصت:147
[7503] منابع:0/7 | BTC:$— | USDT:— | ARB:0% | فرصت:147
[7506] منابع:0/7 | BTC:$— | USDT:— | ARB:0% | فرصت:147
[7509] منابع:0/7 | BTC:$— | USDT:— | ARB:0% | فرصت:147
[7512] منابع:0/7 | BTC:$— | USDT:— | ARB:0% | فرصت:147
[7515] منابع:0/7 | BTC:$— | USDT:— | ARB:0% | فرصت:147
[7518] منابع:0/7 | BTC:$— | USDT:— | ARB:0% | فرصت:147
[7521] منابع:0/7 | BTC:$— | USDT:— | ARB:0% | فرصت:147
[7524] منابع:7/7 | BTC:$77240.0000 | USDT:— | ARB:0% | فرصت:147
[7527] منابع:0/7 | BTC:$— | USDT:— | ARB:0% | فرصت:147
[7530] منابع:6/7 | BTC:$77225 | USDT:— | ARB:0% | فرصت:147
[7533] منابع:6/7 | BTC:$77249.6400 | USDT:— | ARB:0% | فرصت:147
[7536] منابع:0/7 | BTC:$— | USDT:— | ARB:0% | فرصت:147
[7539] منابع:5/7 | BTC:$— | USDT:— | ARB:0% | فرصت:147
[7542] منابع:0/7 | BTC:$— | USDT:— | ARB:0% | فرصت:147
[7545] منابع:0/7 | BTC:$— | USDT:— | ARB:0% | فرصت:147
[7548] منابع:0/7 | BTC:$— | USDT:— | ARB:0% | فرصت:147
[7551] منابع:8/7 | BTC:$77279.7700 | USDT:— | ARB:0% | فرصت:147
[7554] منابع:7/7 | BTC:$77279.7700 | USDT:— | ARB:0% | فرصت:147
[7557] منابع:0/7 | BTC:$— | USDT:— | ARB:0% | فرصت:147
[7560] منابع:0/7 | BTC:$— | USDT:— | ARB:0% | فرصت:147
[7563] منابع:0/7 | BTC:$— | USDT:— | ARB:0% | فرصت:147
[7566] منابع:0/7 | BTC:$— | USDT:— | ARB:0% | فرصت:147
[7569] منابع:0/7 | BTC:$— | USDT:— | ARB:0% | فرصت:147
[7572] منابع:0/7 | BTC:$— | USDT:— | ARB:0% | فرصت:147
[7575] منابع:0/7 | BTC:$— | USDT:— | ARB:0% | فرصت:147
[7578] منابع:0/7 | BTC:$— | USDT:— | ARB:0% | فرصت:147
[7581] منابع:0/7 | BTC:$— | USDT:— | ARB:0% | فرصت:147
[7584] منابع:10/7 | BTC:$77284.0100 | USDT:232997.000 | ARB:-0.038% | فرصت:147
[7587] منابع:9/7 | BTC:$77288.6300 | USDT:232997.000 | ARB:-0.044% | فرصت:147
[7590] منابع:9/7 | BTC:$77288.6300 | USDT:232997.000 | ARB:-0.044% | فرصت:147
[7593] منابع:9/7 | BTC:$77288.6300 | USDT:232499.000 | ARB:0.1751% | فرصت:147
[7596] منابع:9/7 | BTC:$77292.6700 | USDT:232499.000 | ARB:0.1698% | فرصت:147
[7599] منابع:0/7 | BTC:$— | USDT:— | ARB:0% | فرصت:147
[7602] منابع:8/7 | BTC:$77292.6800 | USDT:— | ARB:0% | فرصت:147
[7605] منابع:10/7 | BTC:$77299.6500 | USDT:232499.000 | ARB:0.1608% | فرصت:147
[7608] منابع:9/7 | BTC:$77299.6500 | USDT:232499.000 | ARB:0.1608% | فرصت:147
[7611] منابع:9/7 | BTC:$77299.6500 | USDT:232499.000 | ARB:0.1608% | فرصت:147
[7614] منابع:6/7 | BTC:$77299.6500 | USDT:— | ARB:0% | فرصت:147
[7617] منابع:9/7 | BTC:$77299.6500 | USDT:232499.000 | ARB:0.1608% | فرصت:147
[7620] منابع:8/7 | BTC:$77299.6500 | USDT:— | ARB:0% | فرصت:147
[7623] منابع:6/7 | BTC:$77299.6600 | USDT:— | ARB:0% | فرصت:147
[7626] منابع:9/7 | BTC:$77299.6600 | USDT:232499.000 | ARB:0.1608% | فرصت:147
[7629] منابع:9/7 | BTC:$77280.4100 | USDT:232499.000 | ARB:0.1857% | فرصت:147
[7632] منابع:9/7 | BTC:$77273.8100 | USDT:232499.000 | ARB:0.1943% | فرصت:147
[7635] منابع:10/7 | BTC:$77273.8200 | USDT:232499.000 | ARB:0.1943% | فرصت:147
[7638] منابع:8/7 | BTC:$77273.8200 | USDT:— | ARB:0% | فرصت:147
[7641] منابع:9/7 | BTC:$77273.8200 | USDT:232499.000 | ARB:0.1943% | فرصت:147
[7644] منابع:6/7 | BTC:$77273.8200 | USDT:— | ARB:0% | فرصت:147
[7647] منابع:6/7 | BTC:$77276.1500 | USDT:— | ARB:0% | فرصت:147
[7650] منابع:6/7 | BTC:$77262.0000 | USDT:— | ARB:0% | فرصت:147
[7653] منابع:7/7 | BTC:$77262.0000 | USDT:— | ARB:0% | فرصت:147
[7656] منابع:7/7 | BTC:$77262.0100 | USDT:— | ARB:0% | فرصت:147
[7659] منابع:6/7 | BTC:$77262.0100 | USDT:— | ARB:0% | فرصت:147
[7662] منابع:6/7 | BTC:$77266.9900 | USDT:— | ARB:0% | فرصت:147
[7665] منابع:1/7 | BTC:$— | USDT:— | ARB:0% | فرصت:147
[7668] منابع:0/7 | BTC:$— | USDT:— | ARB:0% | فرصت:147
[7671] منابع:10/7 | BTC:$77273.4700 | USDT:232999.000 | ARB:-0.033% | فرصت:147
[7674] منابع:8/7 | BTC:$77278.8200 | USDT:— | ARB:0% | فرصت:147
[7677] منابع:9/7 | BTC:$77278.8200 | USDT:232999.000 | ARB:-0.040% | فرصت:147
[7680] منابع:7/7 | BTC:$77278.8200 | USDT:— | ARB:0% | فرصت:147
[7683] منابع:0/7 | BTC:$— | USDT:— | ARB:0% | فرصت:147
[7686] منابع:0/7 | BTC:$— | USDT:— | ARB:0% | فرصت:147
[7689] منابع:0/7 | BTC:$— | USDT:— | ARB:0% | فرصت:147
[7692] منابع:0/7 | BTC:$— | USDT:— | ARB:0% | فرصت:147
[7695] منابع:0/7 | BTC:$— | USDT:— | ARB:0% | فرصت:147
[7698] منابع:1/7 | BTC:$— | USDT:— | ARB:0% | فرصت:147
[7701] منابع:0/7 | BTC:$— | USDT:— | ARB:0% | فرصت:147
[7704] منابع:10/7 | BTC:$77276.2900 | USDT:232999.000 | ARB:-0.037% | فرصت:147
[7707] منابع:9/7 | BTC:$77276.2900 | USDT:232999.000 | ARB:-0.037% | فرصت:147
[7710] منابع:7/7 | BTC:$77276.2800 | USDT:— | ARB:0% | فرصت:147
[7713] منابع:9/7 | BTC:$77276.2800 | USDT:232999.000 | ARB:-0.037% | فرصت:147
[7716] منابع:9/7 | BTC:$77276.2800 | USDT:232999.000 | ARB:-0.037% | فرصت:147
[7719] منابع:9/7 | BTC:$77277.7200 | USDT:232999.000 | ARB:-0.038% | فرصت:147
[7722] منابع:10/7 | BTC:$77277.7200 | USDT:232999.000 | ARB:-0.038% | فرصت:147
[7725] منابع:1/7 | BTC:$— | USDT:— | ARB:0% | فرصت:147
[7728] منابع:9/7 | BTC:$77277.7100 | USDT:232999.000 | ARB:-0.038% | فرصت:147
[7731] منابع:9/7 | BTC:$77277.7100 | USDT:232999.000 | ARB:-0.038% | فرصت:147
[7734] منابع:9/7 | BTC:$77277.7200 | USDT:232999.000 | ARB:-0.038% | فرصت:147
[7737] منابع:9/7 | BTC:$77286.0000 | USDT:232999.000 | ARB:-0.049% | فرصت:147
[7740] منابع:10/7 | BTC:$77300.0000 | USDT:232999.000 | ARB:-0.067% | فرصت:147
[7743] منابع:10/7 | BTC:$77300.0000 | USDT:232999.000 | ARB:-0.067% | فرصت:147
[7746] منابع:9/7 | BTC:$77300.0000 | USDT:233673.000 | ARB:-0.182% | فرصت:147
[7749] منابع:6/7 | BTC:$77300.0000 | USDT:— | ARB:0% | فرصت:147
[7752] منابع:9/7 | BTC:$77299.9900 | USDT:233673.000 | ARB:-0.182% | فرصت:147
[7755] منابع:9/7 | BTC:$77299.8600 | USDT:233673.000 | ARB:-0.182% | فرصت:147
[7758] منابع:10/7 | BTC:$77299.8500 | USDT:233673.000 | ARB:-0.182% | فرصت:147
[7761] منابع:10/7 | BTC:$77299.8500 | USDT:233673.000 | ARB:-0.182% | فرصت:147
[7764] منابع:9/7 | BTC:$77299.8600 | USDT:233673.000 | ARB:-0.182% | فرصت:147
[7767] منابع:6/7 | BTC:$77299.8500 | USDT:— | ARB:0% | فرصت:147
[7770] منابع:6/7 | BTC:$77299.8600 | USDT:— | ARB:0% | فرصت:147
[7773] منابع:6/7 | BTC:$77299.8600 | USDT:— | ARB:0% | فرصت:147
[7776] منابع:7/7 | BTC:$77299.8500 | USDT:— | ARB:0% | فرصت:147
[7779] منابع:7/7 | BTC:$77299.8500 | USDT:— | ARB:0% | فرصت:147
[7782] منابع:9/7 | BTC:$77299.8600 | USDT:233673.000 | ARB:-0.182% | فرصت:147
[7785] منابع:9/7 | BTC:$77299.9200 | USDT:233673.000 | ARB:-0.182% | فرصت:147
[7788] منابع:9/7 | BTC:$77299.9300 | USDT:233673.000 | ARB:-0.182% | فرصت:147
[7791] منابع:9/7 | BTC:$77299.9200 | USDT:233673.000 | ARB:-0.182% | فرصت:147
[7794] منابع:0/7 | BTC:$— | USDT:— | ARB:0% | فرصت:147
[7797] منابع:10/7 | BTC:$77299.9300 | USDT:233673.000 | ARB:-0.182% | فرصت:147
[7800] منابع:9/7 | BTC:$77299.9300 | USDT:233673.000 | ARB:-0.182% | فرصت:147
[7803] منابع:9/7 | BTC:$77303.0100 | USDT:233673.000 | ARB:-0.186% | فرصت:147
[7806] منابع:9/7 | BTC:$77308.8800 | USDT:233673.000 | ARB:-0.194% | فرصت:147
[7809] منابع:9/7 | BTC:$77315.0200 | USDT:233673.000 | ARB:-0.202% | فرصت:147
[7812] منابع:9/7 | BTC:$77323.5200 | USDT:233673.000 | ARB:-0.213% | فرصت:147
[7815] منابع:10/7 | BTC:$77323.5100 | USDT:233673.000 | ARB:-0.213% | فرصت:147
[7818] منابع:9/7 | BTC:$77323.5200 | USDT:233673.000 | ARB:-0.213% | فرصت:147
[7821] منابع:9/7 | BTC:$77323.5100 | USDT:233673.000 | ARB:-0.213% | فرصت:147
[7824] منابع:9/7 | BTC:$77323.5200 | USDT:233673.000 | ARB:-0.213% | فرصت:147
[7827] منابع:7/7 | BTC:$77317.3100 | USDT:— | ARB:0% | فرصت:147
[7830] منابع:9/7 | BTC:$77317.3100 | USDT:233395.000 | ARB:0.0950% | فرصت:147
[7833] منابع:10/7 | BTC:$77317.3000 | USDT:233395.000 | ARB:0.0950% | فرصت:147
[7836] منابع:10/7 | BTC:$77317.3000 | USDT:233395.000 | ARB:0.0950% | فرصت:147
[7839] منابع:9/7 | BTC:$77317.2900 | USDT:233395.000 | ARB:0.0951% | فرصت:147
[7842] منابع:9/7 | BTC:$77317.3000 | USDT:233395.000 | ARB:0.0950% | فرصت:147
[7845] منابع:9/7 | BTC:$77317.2900 | USDT:233395.000 | ARB:0.0951% | فرصت:147
[7848] منابع:9/7 | BTC:$77317.3000 | USDT:233395.000 | ARB:0.0950% | فرصت:147
[7851] منابع:10/7 | BTC:$77317.3000 | USDT:233395.000 | ARB:0.0950% | فرصت:147
[7854] منابع:10/7 | BTC:$77317.2900 | USDT:233395.000 | ARB:0.0951% | فرصت:147
[7857] منابع:9/7 | BTC:$77317.3000 | USDT:233395.000 | ARB:0.0950% | فرصت:147
[7860] منابع:9/7 | BTC:$77317.2900 | USDT:233395.000 | ARB:0.0951% | فرصت:147
[7863] منابع:9/7 | BTC:$77317.3000 | USDT:233395.000 | ARB:0.0950% | فرصت:147
[7866] منابع:9/7 | BTC:$77317.2900 | USDT:233395.000 | ARB:0.0951% | فرصت:147
[7869] منابع:7/7 | BTC:$77317.3000 | USDT:— | ARB:0% | فرصت:147
[7872] منابع:7/7 | BTC:$77317.2900 | USDT:— | ARB:0% | فرصت:147
[7875] منابع:6/7 | BTC:$77317.3000 | USDT:— | ARB:0% | فرصت:147
[7878] منابع:6/7 | BTC:$77317.2900 | USDT:— | ARB:0% | فرصت:147
[7881] منابع:0/7 | BTC:$— | USDT:— | ARB:0% | فرصت:147
[7884] منابع:7/7 | BTC:$77320.0000 | USDT:— | ARB:0% | فرصت:147
[7887] منابع:0/7 | BTC:$— | USDT:— | ARB:0% | فرصت:147
[7890] منابع:7/7 | BTC:$77328.0000 | USDT:— | ARB:0% | فرصت:147
[7893] منابع:10/7 | BTC:$77328.0000 | USDT:233395.000 | ARB:0.0812% | فرصت:147
[7896] منابع:8/7 | BTC:$77328.0100 | USDT:233395.000 | ARB:0.0812% | فرصت:147
[7899] منابع:7/7 | BTC:$77332.0000 | USDT:— | ARB:0% | فرصت:147
[7902] منابع:6/7 | BTC:$77332.0100 | USDT:— | ARB:0% | فرصت:147
[7905] منابع:6/7 | BTC:$77332.0000 | USDT:— | ARB:0% | فرصت:147
[7908] منابع:7/7 | BTC:$77326.0100 | USDT:— | ARB:0% | فرصت:147
[7911] منابع:10/7 | BTC:$77326.0100 | USDT:232504.000 | ARB:0.1854% | فرصت:147
[7914] منابع:9/7 | BTC:$77326.0100 | USDT:232504.000 | ARB:0.1854% | فرصت:147
[7917] منابع:6/7 | BTC:$77326.0000 | USDT:— | ARB:0% | فرصت:147
[7920] منابع:6/7 | BTC:$77326.0100 | USDT:— | ARB:0% | فرصت:147
[7923] منابع:0/7 | BTC:$— | USDT:— | ARB:0% | فرصت:147
[7926] منابع:0/7 | BTC:$— | USDT:— | ARB:0% | فرصت:147
[7929] منابع:0/7 | BTC:$— | USDT:— | ARB:0% | فرصت:147
[7932] منابع:0/7 | BTC:$— | USDT:— | ARB:0% | فرصت:147
[7935] منابع:0/7 | BTC:$— | USDT:— | ARB:0% | فرصت:147
[7938] منابع:7/7 | BTC:$77341.6300 | USDT:— | ARB:0% | فرصت:147
[7941] منابع:8/7 | BTC:$77341.6400 | USDT:232504.000 | ARB:0.1652% | فرصت:147
[7944] منابع:9/7 | BTC:$77361.8200 | USDT:232504.000 | ARB:0.1390% | فرصت:147
[7947] منابع:9/7 | BTC:$77361.8200 | USDT:232504.000 | ARB:0.1390% | فرصت:147
[7950] منابع:9/7 | BTC:$77361.8300 | USDT:232504.000 | ARB:0.1390% | فرصت:147
[7953] منابع:10/7 | BTC:$77361.8200 | USDT:232504.000 | ARB:0.1390% | فرصت:147
[7956] منابع:9/7 | BTC:$77361.8200 | USDT:232504.000 | ARB:0.1390% | فرصت:147
[7959] منابع:6/7 | BTC:$77361.8200 | USDT:— | ARB:0% | فرصت:147
[7962] منابع:9/7 | BTC:$77361.8300 | USDT:232504.000 | ARB:0.1390% | فرصت:147
[7965] منابع:0/7 | BTC:$— | USDT:— | ARB:0% | فرصت:147
[7968] منابع:0/7 | BTC:$— | USDT:— | ARB:0% | فرصت:147
[7971] منابع:0/7 | BTC:$— | USDT:— | ARB:0% | فرصت:147
[7974] منابع:0/7 | BTC:$— | USDT:— | ARB:0% | فرصت:147
[7977] منابع:3/7 | BTC:$77323 | USDT:— | ARB:0% | فرصت:147
[7980] منابع:7/7 | BTC:$77320.0100 | USDT:— | ARB:0% | فرصت:147
[7983] منابع:9/7 | BTC:$77320.0100 | USDT:233150.000 | ARB:-0.126% | فرصت:147
[7986] منابع:6/7 | BTC:$77320.0000 | USDT:— | ARB:0% | فرصت:147
[7989] منابع:0/7 | BTC:$— | USDT:— | ARB:0% | فرصت:147
[7992] منابع:9/7 | BTC:$77313.0400 | USDT:233150.000 | ARB:-0.117% | فرصت:147
[7995] منابع:7/7 | BTC:$77313.0500 | USDT:— | ARB:0% | فرصت:147
[7998] منابع:0/7 | BTC:$— | USDT:— | ARB:0% | فرصت:147
[8001] منابع:10/7 | BTC:$77315.1400 | USDT:233150.000 | ARB:-0.120% | فرصت:147
[8004] منابع:9/7 | BTC:$77315.1500 | USDT:233150.000 | ARB:-0.120% | فرصت:147
[8007] منابع:9/7 | BTC:$77315.1500 | USDT:233150.000 | ARB:-0.120% | فرصت:147
[8010] منابع:9/7 | BTC:$77306.0000 | USDT:233150.000 | ARB:-0.108% | فرصت:147
[8013] منابع:9/7 | BTC:$77306.0100 | USDT:233150.000 | ARB:-0.108% | فرصت:147
[8016] منابع:9/7 | BTC:$77306.0100 | USDT:233150.000 | ARB:-0.108% | فرصت:147
[8019] منابع:8/7 | BTC:$77306.0000 | USDT:— | ARB:0% | فرصت:147
[8022] منابع:10/7 | BTC:$77309.8900 | USDT:233150.000 | ARB:-0.113% | فرصت:147
[8025] منابع:9/7 | BTC:$77304.0000 | USDT:233150.000 | ARB:-0.106% | فرصت:147
[8028] منابع:6/7 | BTC:$77302.0100 | USDT:— | ARB:0% | فرصت:147
[8031] منابع:6/7 | BTC:$77302.0100 | USDT:— | ARB:0% | فرصت:147
[8034] منابع:1/7 | BTC:$77302.0100 | USDT:— | ARB:0% | فرصت:147
[8037] منابع:1/7 | BTC:$77302.0000 | USDT:— | ARB:0% | فرصت:147
[8040] منابع:6/7 | BTC:$77302.0000 | USDT:— | ARB:0% | فرصت:147
[8043] منابع:9/7 | BTC:$77302.0000 | USDT:233150.000 | ARB:-0.103% | فرصت:147
[8046] منابع:6/7 | BTC:$77302.0100 | USDT:— | ARB:0% | فرصت:147
[8049] منابع:6/7 | BTC:$77302.0000 | USDT:— | ARB:0% | فرصت:147
[8052] منابع:2/7 | BTC:$77273 | USDT:— | ARB:0% | فرصت:147
[8055] منابع:1/7 | BTC:$— | USDT:— | ARB:0% | فرصت:147
[8058] منابع:10/7 | BTC:$77310.1600 | USDT:233840.000 | ARB:-0.123% | فرصت:147
[8061] منابع:9/7 | BTC:$77319.7300 | USDT:233840.000 | ARB:-0.136% | فرصت:147
[8064] منابع:9/7 | BTC:$77319.7300 | USDT:233840.000 | ARB:-0.136% | فرصت:147
[8067] منابع:9/7 | BTC:$77319.7300 | USDT:233840.000 | ARB:-0.136% | فرصت:147
[8070] منابع:6/7 | BTC:$77322.0100 | USDT:— | ARB:0% | فرصت:147
[8073] منابع:0/7 | BTC:$— | USDT:— | ARB:0% | فرصت:147
[8076] منابع:10/7 | BTC:$77326.0100 | USDT:233840.000 | ARB:-0.144% | فرصت:147
[8079] منابع:0/7 | BTC:$— | USDT:— | ARB:0% | فرصت:147
[8082] منابع:6/7 | BTC:$77326.0000 | USDT:— | ARB:0% | فرصت:147
[8085] منابع:0/7 | BTC:$— | USDT:— | ARB:0% | فرصت:147
[8088] منابع:0/7 | BTC:$— | USDT:— | ARB:0% | فرصت:147
[8091] منابع:0/7 | BTC:$— | USDT:— | ARB:0% | فرصت:147
[8094] منابع:10/7 | BTC:$77348.0100 | USDT:233840.000 | ARB:-0.172% | فرصت:147
[8097] منابع:9/7 | BTC:$77348.0100 | USDT:233840.000 | ARB:-0.172% | فرصت:147
[8100] منابع:9/7 | BTC:$77348.0100 | USDT:233840.000 | ARB:-0.172% | فرصت:147
[8103] منابع:9/7 | BTC:$77348.0100 | USDT:233840.000 | ARB:-0.172% | فرصت:147
[8106] منابع:9/7 | BTC:$77356.9900 | USDT:233840.000 | ARB:-0.184% | فرصت:147
[8109] منابع:9/7 | BTC:$77357.0000 | USDT:233840.000 | ARB:-0.184% | فرصت:147
[8112] منابع:10/7 | BTC:$77357.0000 | USDT:233840.000 | ARB:-0.184% | فرصت:147
[8115] منابع:10/7 | BTC:$77361.9900 | USDT:233840.000 | ARB:-0.190% | فرصت:147
[8118] منابع:9/7 | BTC:$77366.8300 | USDT:233840.000 | ARB:-0.196% | فرصت:147
[8121] منابع:9/7 | BTC:$77368.0000 | USDT:233840.000 | ARB:-0.198% | فرصت:147
[8124] منابع:9/7 | BTC:$77368.0000 | USDT:233840.000 | ARB:-0.198% | فرصت:147
[8127] منابع:9/7 | BTC:$77368.0000 | USDT:233840.000 | ARB:-0.198% | فرصت:147
[8130] منابع:9/7 | BTC:$77368.0000 | USDT:233840.000 | ARB:-0.198% | فرصت:147
[8133] منابع:9/7 | BTC:$77339.3100 | USDT:233840.000 | ARB:-0.161% | فرصت:147
[8136] منابع:9/7 | BTC:$77336.0000 | USDT:233525.000 | ARB:-0.022% | فرصت:147
[8139] منابع:9/7 | BTC:$77336.0100 | USDT:233525.000 | ARB:-0.022% | فرصت:147
[8142] منابع:9/7 | BTC:$77336.0100 | USDT:233525.000 | ARB:-0.022% | فرصت:147
[8145] منابع:9/7 | BTC:$77336.0100 | USDT:233525.000 | ARB:-0.022% | فرصت:147
[8148] منابع:7/7 | BTC:$77336.0100 | USDT:— | ARB:0% | فرصت:147
[8151] منابع:10/7 | BTC:$77336.0000 | USDT:233525.000 | ARB:-0.022% | فرصت:147
[8154] منابع:10/7 | BTC:$77336.0000 | USDT:233525.000 | ARB:-0.022% | فرصت:147
[8157] منابع:9/7 | BTC:$77336.0100 | USDT:233525.000 | ARB:-0.022% | فرصت:147
[8160] منابع:6/7 | BTC:$77336.0100 | USDT:— | ARB:0% | فرصت:147
[8163] منابع:9/7 | BTC:$77336.0100 | USDT:233525.000 | ARB:-0.022% | فرصت:147
[8166] منابع:9/7 | BTC:$77336.0000 | USDT:233525.000 | ARB:-0.022% | فرصت:147
[8169] منابع:9/7 | BTC:$77340.0000 | USDT:233525.000 | ARB:-0.027% | فرصت:147
[8172] منابع:10/7 | BTC:$77340.0000 | USDT:233525.000 | ARB:-0.027% | فرصت:147
[8175] منابع:6/7 | BTC:$77341.8700 | USDT:— | ARB:0% | فرصت:147
[8178] منابع:9/7 | BTC:$77341.8700 | USDT:233525.000 | ARB:-0.030% | فرصت:147
[8181] منابع:9/7 | BTC:$77347.9400 | USDT:233525.000 | ARB:-0.037% | فرصت:147
[8184] منابع:9/7 | BTC:$77347.9400 | USDT:233525.000 | ARB:-0.037% | فرصت:147
[8187] منابع:7/7 | BTC:$77347.9500 | USDT:— | ARB:0% | فرصت:147
[8190] منابع:1/7 | BTC:$— | USDT:— | ARB:0% | فرصت:147
[8193] منابع:10/7 | BTC:$77347.9400 | USDT:233525.000 | ARB:-0.037% | فرصت:147
[8196] منابع:7/7 | BTC:$77347.9400 | USDT:— | ARB:0% | فرصت:147
[8199] منابع:6/7 | BTC:$77349.6900 | USDT:— | ARB:0% | فرصت:147
[8202] منابع:9/7 | BTC:$77350.7400 | USDT:233525.000 | ARB:-0.041% | فرصت:147
[8205] منابع:10/7 | BTC:$77350.7300 | USDT:233525.000 | ARB:-0.041% | فرصت:147
[8208] منابع:10/7 | BTC:$77350.7400 | USDT:233525.000 | ARB:-0.041% | فرصت:147
[8211] منابع:9/7 | BTC:$77350.7400 | USDT:233525.000 | ARB:-0.041% | فرصت:147
[8214] منابع:6/7 | BTC:$77350.7400 | USDT:— | ARB:0% | فرصت:147
[8217] منابع:9/7 | BTC:$77350.7400 | USDT:233525.000 | ARB:-0.041% | فرصت:147
[8220] منابع:6/7 | BTC:$— | USDT:233703.000 | ARB:0% | فرصت:147
[8223] منابع:8/7 | BTC:$77343.2200 | USDT:— | ARB:0% | فرصت:147
[8226] منابع:7/7 | BTC:$77343.2200 | USDT:— | ARB:0% | فرصت:147
[8229] منابع:7/7 | BTC:$77343.2300 | USDT:— | ARB:0% | فرصت:147
[8232] منابع:6/7 | BTC:$77343.2200 | USDT:— | ARB:0% | فرصت:147
[8235] منابع:6/7 | BTC:$77343.2300 | USDT:— | ARB:0% | فرصت:147
[8238] منابع:0/7 | BTC:$— | USDT:— | ARB:0% | فرصت:147
[8241] منابع:7/7 | BTC:$77343.2300 | USDT:— | ARB:0% | فرصت:147
[8244] منابع:9/7 | BTC:$77343.2300 | USDT:233703.000 | ARB:-0.226% | فرصت:147
[8247] منابع:9/7 | BTC:$77343.2200 | USDT:233703.000 | ARB:-0.226% | فرصت:147
[8250] منابع:7/7 | BTC:$77348.0100 | USDT:— | ARB:0% | فرصت:147
[8253] منابع:9/7 | BTC:$77350.7200 | USDT:233703.000 | ARB:-0.235% | فرصت:147
[8256] منابع:10/7 | BTC:$77350.7300 | USDT:233703.000 | ARB:-0.235% | فرصت:147
[8259] منابع:10/7 | BTC:$77340.3100 | USDT:233703.000 | ARB:-0.222% | فرصت:147
[8262] منابع:7/7 | BTC:$77340.3100 | USDT:— | ARB:0% | فرصت:147
[8265] منابع:9/7 | BTC:$77340.3100 | USDT:233703.000 | ARB:-0.222% | فرصت:147
[8268] منابع:9/7 | BTC:$77340.0200 | USDT:233703.000 | ARB:-0.221% | فرصت:147
[8271] منابع:9/7 | BTC:$77340.0200 | USDT:233703.000 | ARB:-0.221% | فرصت:147
[8274] منابع:10/7 | BTC:$77340.0200 | USDT:233703.000 | ARB:-0.221% | فرصت:147
[8277] منابع:10/7 | BTC:$77340.0100 | USDT:233703.000 | ARB:-0.221% | فرصت:147
[8280] منابع:8/7 | BTC:$77340.0100 | USDT:233703.000 | ARB:-0.221% | فرصت:147
[8283] منابع:9/7 | BTC:$77340.0100 | USDT:233703.000 | ARB:-0.221% | فرصت:147
[8286] منابع:9/7 | BTC:$77340.0100 | USDT:233703.000 | ARB:-0.221% | فرصت:147
[8289] منابع:10/7 | BTC:$77338.9000 | USDT:233703.000 | ARB:-0.220% | فرصت:147
[8292] منابع:7/7 | BTC:$77338.9000 | USDT:— | ARB:0% | فرصت:147
[8295] منابع:6/7 | BTC:$77335.6700 | USDT:— | ARB:0% | فرصت:147
[8298] منابع:6/7 | BTC:$77335.6800 | USDT:— | ARB:0% | فرصت:147
[8301] منابع:8/7 | BTC:$77330.7100 | USDT:233653.000 | ARB:-0.101% | فرصت:147
[8304] منابع:7/7 | BTC:$77316.0000 | USDT:— | ARB:0% | فرصت:147
[8307] منابع:9/7 | BTC:$77316.0100 | USDT:233653.000 | ARB:-0.082% | فرصت:147
[8310] منابع:6/7 | BTC:$77316.0100 | USDT:— | ARB:0% | فرصت:147
[8313] منابع:6/7 | BTC:$77316.0000 | USDT:— | ARB:0% | فرصت:147
[8316] منابع:7/7 | BTC:$77316.0000 | USDT:— | ARB:0% | فرصت:147
[8319] منابع:9/7 | BTC:$77316.0100 | USDT:233653.000 | ARB:-0.082% | فرصت:147
[8322] منابع:10/7 | BTC:$77314.0100 | USDT:233653.000 | ARB:-0.079% | فرصت:147
[8325] منابع:10/7 | BTC:$77314.0100 | USDT:233653.000 | ARB:-0.079% | فرصت:147
[8328] منابع:9/7 | BTC:$77314.0100 | USDT:233653.000 | ARB:-0.079% | فرصت:147
[8331] منابع:8/7 | BTC:$77314.0000 | USDT:233653.000 | ARB:-0.079% | فرصت:147
[8334] منابع:6/7 | BTC:$77314.0000 | USDT:— | ARB:0% | فرصت:147
[8337] منابع:7/7 | BTC:$77314.0100 | USDT:— | ARB:0% | فرصت:147
[8340] منابع:7/7 | BTC:$77314.0000 | USDT:— | ARB:0% | فرصت:147
[8343] منابع:5/7 | BTC:$77314.0000 | USDT:— | ARB:0% | فرصت:147
[8346] منابع:2/7 | BTC:$77322.4100 | USDT:— | ARB:0% | فرصت:147
[8349] منابع:9/7 | BTC:$77326.0100 | USDT:233653.000 | ARB:-0.095% | فرصت:147
[8352] منابع:8/7 | BTC:$77340.0000 | USDT:— | ARB:0% | فرصت:147
[8355] منابع:0/7 | BTC:$— | USDT:— | ARB:0% | فرصت:147
[8358] منابع:10/7 | BTC:$77356.0000 | USDT:233653.000 | ARB:-0.134% | فرصت:147
[8361] منابع:7/7 | BTC:$77368.0000 | USDT:— | ARB:0% | فرصت:147
[8364] منابع:9/7 | BTC:$77368.0100 | USDT:233538.000 | ARB:-0.013% | فرصت:147
[8367] منابع:8/7 | BTC:$— | USDT:233538.000 | ARB:0% | فرصت:147
[8370] منابع:10/7 | BTC:$77358.0100 | USDT:233538.000 | ARB:-0.000% | فرصت:147
[8373] منابع:9/7 | BTC:$77358.0000 | USDT:233538.000 | ARB:-0.000% | فرصت:147
[8376] منابع:6/7 | BTC:$77358.0000 | USDT:— | ARB:0% | فرصت:147
[8379] منابع:6/7 | BTC:$77366.2500 | USDT:— | ARB:0% | فرصت:147
[8382] منابع:8/7 | BTC:$77366.2600 | USDT:233538.000 | ARB:-0.011% | فرصت:147
[8385] منابع:6/7 | BTC:$77360.0000 | USDT:— | ARB:0% | فرصت:147
[8388] منابع:7/7 | BTC:$77346.0000 | USDT:— | ARB:0% | فرصت:147
[8391] منابع:7/7 | BTC:$77346.0000 | USDT:— | ARB:0% | فرصت:147
[8394] منابع:6/7 | BTC:$77346.0100 | USDT:— | ARB:0% | فرصت:147
[8397] منابع:9/7 | BTC:$77362.8000 | USDT:233538.000 | ARB:-0.006% | فرصت:147
[8400] منابع:9/7 | BTC:$77362.8100 | USDT:233538.000 | ARB:-0.006% | فرصت:147
[8403] منابع:10/7 | BTC:$77362.8100 | USDT:233538.000 | ARB:-0.006% | فرصت:147
[8406] منابع:10/7 | BTC:$77362.8100 | USDT:233538.000 | ARB:-0.006% | فرصت:147
[8409] منابع:6/7 | BTC:$77362.8000 | USDT:— | ARB:0% | فرصت:147
[8412] منابع:9/7 | BTC:$77362.8100 | USDT:233538.000 | ARB:-0.006% | فرصت:147
[8415] منابع:7/7 | BTC:$77362.8000 | USDT:— | ARB:0% | فرصت:147
[8418] منابع:8/7 | BTC:$77362.8100 | USDT:233538.000 | ARB:-0.006% | فرصت:147
[8421] منابع:0/7 | BTC:$— | USDT:— | ARB:0% | فرصت:147
[8424] منابع:0/7 | BTC:$— | USDT:— | ARB:0% | فرصت:147
[8427] منابع:0/7 | BTC:$— | USDT:— | ARB:0% | فرصت:147
[8430] منابع:0/7 | BTC:$— | USDT:— | ARB:0% | فرصت:147
[8433] منابع:8/7 | BTC:$77332 | USDT:233538.000 | ARB:0% | فرصت:147
[8436] منابع:10/7 | BTC:$77377.3400 | USDT:233157.000 | ARB:0.0772% | فرصت:147
[8439] منابع:9/7 | BTC:$77379.6700 | USDT:233157.000 | ARB:0.0742% | فرصت:147
[8442] منابع:9/7 | BTC:$77379.6700 | USDT:233157.000 | ARB:0.0742% | فرصت:147
[8445] منابع:9/7 | BTC:$77392.9500 | USDT:233157.000 | ARB:0.0570% | فرصت:147
[8448] منابع:9/7 | BTC:$77392.9600 | USDT:233157.000 | ARB:0.0570% | فرصت:147
[8451] منابع:10/7 | BTC:$77392.9500 | USDT:233157.000 | ARB:0.0570% | فرصت:147
[8454] منابع:9/7 | BTC:$77392.9500 | USDT:233157.000 | ARB:0.0570% | فرصت:147
[8457] منابع:9/7 | BTC:$77392.9600 | USDT:233157.000 | ARB:0.0570% | فرصت:147
[8460] منابع:9/7 | BTC:$77392.9500 | USDT:233157.000 | ARB:0.0570% | فرصت:147
[8463] منابع:9/7 | BTC:$77392.9500 | USDT:233157.000 | ARB:0.0570% | فرصت:147
[8466] منابع:9/7 | BTC:$77395.9900 | USDT:233157.000 | ARB:0.0531% | فرصت:147
[8469] منابع:10/7 | BTC:$77396.0000 | USDT:233157.000 | ARB:0.0530% | فرصت:147
[8472] منابع:9/7 | BTC:$77395.9900 | USDT:233157.000 | ARB:0.0531% | فرصت:147
[8475] منابع:9/7 | BTC:$77396.0000 | USDT:233157.000 | ARB:0.0530% | فرصت:147
[8478] منابع:9/7 | BTC:$77395.9900 | USDT:233157.000 | ARB:0.0531% | فرصت:147
[8481] منابع:9/7 | BTC:$77396.0000 | USDT:233157.000 | ARB:0.0530% | فرصت:147
[8484] منابع:0/7 | BTC:$— | USDT:— | ARB:0% | فرصت:147
[8487] منابع:0/7 | BTC:$— | USDT:— | ARB:0% | فرصت:147
[8490] منابع:0/7 | BTC:$— | USDT:— | ARB:0% | فرصت:147
[8493] منابع:0/7 | BTC:$— | USDT:— | ARB:0% | فرصت:147
[8496] منابع:0/7 | BTC:$— | USDT:— | ARB:0% | فرصت:147
[8499] منابع:0/7 | BTC:$— | USDT:— | ARB:0% | فرصت:147
[8502] منابع:0/7 | BTC:$— | USDT:— | ARB:0% | فرصت:147
[8505] منابع:0/7 | BTC:$— | USDT:— | ARB:0% | فرصت:147
[8508] منابع:0/7 | BTC:$— | USDT:— | ARB:0% | فرصت:147
[8511] منابع:10/7 | BTC:$77444.0000 | USDT:233157.000 | ARB:-0.008% | فرصت:147
[8514] منابع:9/7 | BTC:$77444.0100 | USDT:233157.000 | ARB:-0.008% | فرصت:147
[8517] منابع:7/7 | BTC:$77444.0100 | USDT:— | ARB:0% | فرصت:147
[8520] منابع:9/7 | BTC:$77444.0100 | USDT:233523.000 | ARB:-0.105% | فرصت:147
[8523] منابع:9/7 | BTC:$77434.0000 | USDT:233523.000 | ARB:-0.092% | فرصت:147
[8526] منابع:7/7 | BTC:$77432.4700 | USDT:— | ARB:0% | فرصت:147
[8529] منابع:10/7 | BTC:$77432.4700 | USDT:233523.000 | ARB:-0.090% | فرصت:147
[8532] منابع:9/7 | BTC:$77432.4600 | USDT:233523.000 | ARB:-0.090% | فرصت:147
[8535] منابع:9/7 | BTC:$77432.4700 | USDT:233523.000 | ARB:-0.090% | فرصت:147
[8538] منابع:9/7 | BTC:$77432.4600 | USDT:233523.000 | ARB:-0.090% | فرصت:147
[8541] منابع:9/7 | BTC:$77432.4700 | USDT:233523.000 | ARB:-0.090% | فرصت:147
[8544] منابع:9/7 | BTC:$77432.4600 | USDT:233523.000 | ARB:-0.090% | فرصت:147
[8547] منابع:10/7 | BTC:$77421.8800 | USDT:233523.000 | ARB:-0.076% | فرصت:147
[8550] منابع:9/7 | BTC:$77421.8800 | USDT:233523.000 | ARB:-0.076% | فرصت:147
[8553] منابع:9/7 | BTC:$77429.9100 | USDT:233523.000 | ARB:-0.086% | فرصت:147
[8556] منابع:9/7 | BTC:$77429.9200 | USDT:233523.000 | ARB:-0.086% | فرصت:147
[8559] منابع:9/7 | BTC:$77429.9100 | USDT:233523.000 | ARB:-0.086% | فرصت:147
[8562] منابع:9/7 | BTC:$77426.0000 | USDT:233523.000 | ARB:-0.081% | فرصت:147
[8565] منابع:10/7 | BTC:$77426.0000 | USDT:233523.000 | ARB:-0.081% | فرصت:147
[8568] منابع:10/7 | BTC:$77426.0100 | USDT:233523.000 | ARB:-0.081% | فرصت:147
[8571] منابع:9/7 | BTC:$77426.0100 | USDT:233523.000 | ARB:-0.081% | فرصت:147
[8574] منابع:9/7 | BTC:$77420.4200 | USDT:233523.000 | ARB:-0.074% | فرصت:147
[8577] منابع:9/7 | BTC:$77420.4200 | USDT:233523.000 | ARB:-0.074% | فرصت:147
[8580] منابع:9/7 | BTC:$77420.4200 | USDT:233523.000 | ARB:-0.074% | فرصت:147
[8583] منابع:10/7 | BTC:$77420.4100 | USDT:233523.000 | ARB:-0.074% | فرصت:147
[8586] منابع:10/7 | BTC:$77420.4200 | USDT:233523.000 | ARB:-0.074% | فرصت:147
[8589] منابع:9/7 | BTC:$77407.4900 | USDT:233523.000 | ARB:-0.057% | فرصت:147
[8592] منابع:9/7 | BTC:$77397.7700 | USDT:233523.000 | ARB:-0.045% | فرصت:147
[8595] منابع:9/7 | BTC:$77397.7600 | USDT:233523.000 | ARB:-0.045% | فرصت:147
[8598] منابع:9/7 | BTC:$77397.7700 | USDT:233523.000 | ARB:-0.045% | فرصت:147
[8601] منابع:10/7 | BTC:$77397.7700 | USDT:233523.000 | ARB:-0.045% | فرصت:147
[8604] منابع:10/7 | BTC:$77397.7700 | USDT:233523.000 | ARB:-0.045% | فرصت:147
[8607] منابع:9/7 | BTC:$77397.7700 | USDT:233220.000 | ARB:0.0409% | فرصت:147
[8610] منابع:9/7 | BTC:$77392.0100 | USDT:233220.000 | ARB:0.0483% | فرصت:147
[8613] منابع:9/7 | BTC:$77390.0100 | USDT:233220.000 | ARB:0.0509% | فرصت:147
[8616] منابع:9/7 | BTC:$77402.0000 | USDT:233220.000 | ARB:0.0354% | فرصت:147
[8619] منابع:9/7 | BTC:$77402.0100 | USDT:233220.000 | ARB:0.0354% | فرصت:147
[8622] منابع:10/7 | BTC:$77402.0100 | USDT:233220.000 | ARB:0.0354% | فرصت:147
[8625] منابع:10/7 | BTC:$77402.0100 | USDT:233220.000 | ARB:0.0354% | فرصت:147
[8628] منابع:9/7 | BTC:$77402.0000 | USDT:233220.000 | ARB:0.0354% | فرصت:147
[8631] منابع:9/7 | BTC:$77403.9900 | USDT:233220.000 | ARB:0.0328% | فرصت:147
[8634] منابع:9/7 | BTC:$77403.9900 | USDT:233220.000 | ARB:0.0328% | فرصت:147
[8637] منابع:9/7 | BTC:$77402.0000 | USDT:233220.000 | ARB:0.0354% | فرصت:147
[8640] منابع:10/7 | BTC:$77400.0100 | USDT:233220.000 | ARB:0.0380% | فرصت:147
[8643] منابع:10/7 | BTC:$77400.0100 | USDT:233220.000 | ARB:0.0380% | فرصت:147
[8646] منابع:9/7 | BTC:$77400.0000 | USDT:233220.000 | ARB:0.0380% | فرصت:147
[8649] منابع:9/7 | BTC:$77397.1100 | USDT:233220.000 | ARB:0.0417% | فرصت:147
[8652] منابع:9/7 | BTC:$77397.1100 | USDT:233220.000 | ARB:0.0417% | فرصت:147
[8655] منابع:9/7 | BTC:$77396.0000 | USDT:233220.000 | ARB:0.0431% | فرصت:147
[8658] منابع:10/7 | BTC:$77392.0000 | USDT:233220.000 | ARB:0.0483% | فرصت:147
[8661] منابع:10/7 | BTC:$77392.0000 | USDT:233220.000 | ARB:0.0483% | فرصت:147
[8664] منابع:9/7 | BTC:$77392.0000 | USDT:233220.000 | ARB:0.0483% | فرصت:147
[8667] منابع:9/7 | BTC:$77382.7900 | USDT:233220.000 | ARB:0.0602% | فرصت:147
[8670] منابع:9/7 | BTC:$77382.7800 | USDT:233220.000 | ARB:0.0602% | فرصت:147
[8673] منابع:9/7 | BTC:$77372.9000 | USDT:233220.000 | ARB:0.0730% | فرصت:147
[8676] منابع:9/7 | BTC:$77372.9000 | USDT:233220.000 | ARB:0.0730% | فرصت:147
[8679] منابع:10/7 | BTC:$77372.8900 | USDT:233220.000 | ARB:0.0730% | فرصت:147
[8682] منابع:9/7 | BTC:$77372.9000 | USDT:233220.000 | ARB:0.0730% | فرصت:147
[8685] منابع:9/7 | BTC:$77372.8900 | USDT:233220.000 | ARB:0.0730% | فرصت:147
[8688] منابع:9/7 | BTC:$77372.9000 | USDT:233220.000 | ARB:0.0730% | فرصت:147
[8691] منابع:9/7 | BTC:$77364.0100 | USDT:233220.000 | ARB:0.0845% | فرصت:147
[8694] منابع:9/7 | BTC:$77362.0000 | USDT:233220.000 | ARB:0.0871% | فرصت:147
[8697] منابع:10/7 | BTC:$77362.0000 | USDT:233220.000 | ARB:0.0871% | فرصت:147
[8700] منابع:9/7 | BTC:$77362.0000 | USDT:233220.000 | ARB:0.0871% | فرصت:147
[8703] منابع:9/7 | BTC:$77362.0000 | USDT:233236.000 | ARB:0.1203% | فرصت:147
[8706] منابع:9/7 | BTC:$77362.0600 | USDT:233236.000 | ARB:0.1202% | فرصت:147
[8709] منابع:9/7 | BTC:$77362.9300 | USDT:233236.000 | ARB:0.1190% | فرصت:147
[8712] منابع:9/7 | BTC:$77351.1300 | USDT:233236.000 | ARB:0.1343% | فرصت:147
[8715] منابع:10/7 | BTC:$77360.7000 | USDT:233236.000 | ARB:0.1219% | فرصت:147
[8718] منابع:10/7 | BTC:$77376.5300 | USDT:233236.000 | ARB:0.1015% | فرصت:147
[8721] منابع:9/7 | BTC:$77376.5200 | USDT:233236.000 | ARB:0.1015% | فرصت:147
[8724] منابع:9/7 | BTC:$77390.0100 | USDT:233236.000 | ARB:0.0840% | فرصت:147
[8727] منابع:9/7 | BTC:$77396.9700 | USDT:233236.000 | ARB:0.0750% | فرصت:147
[8730] منابع:7/7 | BTC:$77396.9700 | USDT:— | ARB:0% | فرصت:147
[8733] منابع:9/7 | BTC:$77400.8100 | USDT:233236.000 | ARB:0.0701% | فرصت:147
[8736] منابع:10/7 | BTC:$77400.8100 | USDT:233236.000 | ARB:0.0701% | فرصت:147
[8739] منابع:9/7 | BTC:$77392.0000 | USDT:233236.000 | ARB:0.0814% | فرصت:147
[8742] منابع:9/7 | BTC:$77392.0000 | USDT:233236.000 | ARB:0.0814% | فرصت:147
[8745] منابع:9/7 | BTC:$77392.0800 | USDT:233236.000 | ARB:0.0813% | فرصت:147
[8748] منابع:9/7 | BTC:$77400.8100 | USDT:233236.000 | ARB:0.0701% | فرصت:147
[8751] منابع:9/7 | BTC:$77400.8100 | USDT:233236.000 | ARB:0.0701% | فرصت:147
[8754] منابع:10/7 | BTC:$77402.7100 | USDT:233236.000 | ARB:0.0676% | فرصت:147
[8757] منابع:9/7 | BTC:$77404.0000 | USDT:233236.000 | ARB:0.0659% | فرصت:147
[8760] منابع:9/7 | BTC:$77404.0100 | USDT:233236.000 | ARB:0.0659% | فرصت:147
[8763] منابع:9/7 | BTC:$77404.0000 | USDT:233236.000 | ARB:0.0659% | فرصت:147
[8766] منابع:9/7 | BTC:$77398.0100 | USDT:233236.000 | ARB:0.0737% | فرصت:147
[8769] منابع:9/7 | BTC:$77390.3400 | USDT:233236.000 | ARB:0.0836% | فرصت:147
[8772] منابع:8/7 | BTC:$77380.7700 | USDT:— | ARB:0% | فرصت:147
[8775] منابع:10/7 | BTC:$77375.5800 | USDT:233236.000 | ARB:0.1027% | فرصت:147
[8778] منابع:9/7 | BTC:$77373.9800 | USDT:233236.000 | ARB:0.1048% | فرصت:147
[8781] منابع:8/7 | BTC:$77378.0100 | USDT:233236.000 | ARB:0.0995% | فرصت:147
[8784] منابع:9/7 | BTC:$77383.6700 | USDT:233236.000 | ARB:0.0922% | فرصت:147
[8787] منابع:9/7 | BTC:$77385.4800 | USDT:233236.000 | ARB:0.0899% | فرصت:147
[8790] منابع:9/7 | BTC:$77385.4900 | USDT:233236.000 | ARB:0.0899% | فرصت:147
[8793] منابع:10/7 | BTC:$77385.8600 | USDT:233236.000 | ARB:0.0894% | فرصت:147
[8796] منابع:9/7 | BTC:$77385.8500 | USDT:233236.000 | ARB:0.0894% | فرصت:147
[8799] منابع:9/7 | BTC:$77385.8500 | USDT:234000.000 | ARB:-0.156% | فرصت:147
[8802] منابع:9/7 | BTC:$77385.8600 | USDT:234000.000 | ARB:-0.156% | فرصت:147
[8805] منابع:9/7 | BTC:$77385.8600 | USDT:234000.000 | ARB:-0.156% | فرصت:147
[8808] منابع:10/7 | BTC:$77385.8500 | USDT:234000.000 | ARB:-0.156% | فرصت:147
[8811] منابع:10/7 | BTC:$77385.8600 | USDT:234000.000 | ARB:-0.156% | فرصت:147
[8814] منابع:9/7 | BTC:$77385.8600 | USDT:234000.000 | ARB:-0.156% | فرصت:147
[8817] منابع:9/7 | BTC:$77379.3600 | USDT:234000.000 | ARB:-0.147% | فرصت:147
[8820] منابع:9/7 | BTC:$77368.1200 | USDT:234000.000 | ARB:-0.133% | فرصت:147
[8823] منابع:9/7 | BTC:$77355.8200 | USDT:234000.000 | ARB:-0.117% | فرصت:147
[8826] منابع:7/7 | BTC:$77379.3600 | USDT:— | ARB:0% | فرصت:147
[8829] منابع:10/7 | BTC:$77368.0600 | USDT:234000.000 | ARB:-0.133% | فرصت:147
[8832] منابع:10/7 | BTC:$77354.7100 | USDT:234000.000 | ARB:-0.116% | فرصت:147
[8835] منابع:9/7 | BTC:$77359.5100 | USDT:234000.000 | ARB:-0.122% | فرصت:147
[8838] منابع:9/7 | BTC:$77359.5000 | USDT:234000.000 | ARB:-0.122% | فرصت:147
[8841] منابع:9/7 | BTC:$77359.5000 | USDT:234000.000 | ARB:-0.122% | فرصت:147
[8844] منابع:9/7 | BTC:$77359.5100 | USDT:234000.000 | ARB:-0.122% | فرصت:147
[8847] منابع:10/7 | BTC:$77354.0100 | USDT:234000.000 | ARB:-0.115% | فرصت:147
[8850] منابع:10/7 | BTC:$77354.7800 | USDT:234000.000 | ARB:-0.116% | فرصت:147
[8853] منابع:9/7 | BTC:$77354.7700 | USDT:234000.000 | ARB:-0.116% | فرصت:147
[8856] منابع:0/7 | BTC:$— | USDT:— | ARB:0% | فرصت:147
[8859] منابع:9/7 | BTC:$77354.0000 | USDT:234000.000 | ARB:-0.115% | فرصت:147
[8862] منابع:9/7 | BTC:$77354.0000 | USDT:234000.000 | ARB:-0.115% | فرصت:147
[8865] منابع:10/7 | BTC:$77354.0100 | USDT:234000.000 | ARB:-0.115% | فرصت:147
[8868] منابع:10/7 | BTC:$77336.0000 | USDT:234000.000 | ARB:-0.091% | فرصت:147
[8871] منابع:9/7 | BTC:$77336.0000 | USDT:234000.000 | ARB:-0.091% | فرصت:147
[8874] منابع:9/7 | BTC:$77337.5600 | USDT:234000.000 | ARB:-0.093% | فرصت:147
[8877] منابع:9/7 | BTC:$77337.5700 | USDT:234000.000 | ARB:-0.093% | فرصت:147
[8880] منابع:9/7 | BTC:$77337.5600 | USDT:234000.000 | ARB:-0.093% | فرصت:147
[8883] منابع:9/7 | BTC:$77337.5600 | USDT:234000.000 | ARB:-0.093% | فرصت:147
[8886] منابع:10/7 | BTC:$77337.5600 | USDT:234000.000 | ARB:-0.093% | فرصت:147
[8889] منابع:9/7 | BTC:$77316.0000 | USDT:234000.000 | ARB:-0.066% | فرصت:147
[8892] منابع:9/7 | BTC:$77325.9500 | USDT:234000.000 | ARB:-0.078% | فرصت:147
[8895] منابع:9/7 | BTC:$77327.1600 | USDT:234400.000 | ARB:-0.055% | فرصت:147
[8898] منابع:9/7 | BTC:$77327.1600 | USDT:234400.000 | ARB:-0.055% | فرصت:147
[8901] منابع:9/7 | BTC:$77328.0000 | USDT:234400.000 | ARB:-0.056% | فرصت:147
[8904] منابع:10/7 | BTC:$77328.0100 | USDT:234400.000 | ARB:-0.056% | فرصت:147
[8907] منابع:10/7 | BTC:$77328.0000 | USDT:234400.000 | ARB:-0.056% | فرصت:147
[8910] منابع:9/7 | BTC:$77328.0000 | USDT:234400.000 | ARB:-0.056% | فرصت:147
[8913] منابع:9/7 | BTC:$77328.0100 | USDT:234400.000 | ARB:-0.056% | فرصت:147
[8916] منابع:9/7 | BTC:$77328.4000 | USDT:234400.000 | ARB:-0.056% | فرصت:147
[8919] منابع:9/7 | BTC:$77329.1600 | USDT:234400.000 | ARB:-0.057% | فرصت:147
[8922] منابع:10/7 | BTC:$77329.6300 | USDT:234400.000 | ARB:-0.058% | فرصت:147
[8925] منابع:10/7 | BTC:$77330.0200 | USDT:234400.000 | ARB:-0.058% | فرصت:147
[8928] منابع:9/7 | BTC:$77330.7000 | USDT:234400.000 | ARB:-0.059% | فرصت:147
[8931] منابع:9/7 | BTC:$77330.7100 | USDT:234400.000 | ARB:-0.059% | فرصت:147
[8934] منابع:9/7 | BTC:$77332.0100 | USDT:234400.000 | ARB:-0.061% | فرصت:147
[8937] منابع:9/7 | BTC:$77332.0100 | USDT:234400.000 | ARB:-0.061% | فرصت:147
[8940] منابع:9/7 | BTC:$77332.0000 | USDT:234400.000 | ARB:-0.061% | فرصت:147
[8943] منابع:10/7 | BTC:$77332.0100 | USDT:234400.000 | ARB:-0.061% | فرصت:147
[8946] منابع:9/7 | BTC:$77332.0000 | USDT:234400.000 | ARB:-0.061% | فرصت:147
[8949] منابع:9/7 | BTC:$77332.0000 | USDT:234400.000 | ARB:-0.061% | فرصت:147
[8952] منابع:9/7 | BTC:$77332.0100 | USDT:234400.000 | ARB:-0.061% | فرصت:147
[8955] منابع:9/7 | BTC:$77332.0100 | USDT:234400.000 | ARB:-0.061% | فرصت:147
[8958] منابع:9/7 | BTC:$77319.9700 | USDT:234400.000 | ARB:-0.045% | فرصت:147
[8961] منابع:10/7 | BTC:$77319.9600 | USDT:234400.000 | ARB:-0.045% | فرصت:147
[8964] منابع:10/7 | BTC:$77319.9600 | USDT:234400.000 | ARB:-0.045% | فرصت:147
[8967] منابع:9/7 | BTC:$77319.9700 | USDT:234400.000 | ARB:-0.045% | فرصت:147
[8970] منابع:9/7 | BTC:$77319.9600 | USDT:234400.000 | ARB:-0.045% | فرصت:147
[8973] منابع:9/7 | BTC:$77319.9600 | USDT:234400.000 | ARB:-0.045% | فرصت:147
[8976] منابع:9/7 | BTC:$77319.9600 | USDT:234400.000 | ARB:-0.045% | فرصت:147
[8979] منابع:9/7 | BTC:$77316.0100 | USDT:234400.000 | ARB:-0.040% | فرصت:147
[8982] منابع:10/7 | BTC:$77316.0000 | USDT:234400.000 | ARB:-0.040% | فرصت:147
[8985] منابع:9/7 | BTC:$77316.0000 | USDT:234400.000 | ARB:-0.040% | فرصت:147
[8988] منابع:9/7 | BTC:$77316.0100 | USDT:234400.000 | ARB:-0.040% | فرصت:147
[8991] منابع:9/7 | BTC:$77295.7900 | USDT:233661.000 | ARB:0.2158% | فرصت:147
[8994] منابع:9/7 | BTC:$77286.0000 | USDT:233661.000 | ARB:0.2285% | فرصت:147
[8997] منابع:9/7 | BTC:$77280.0100 | USDT:233661.000 | ARB:0.2363% | فرصت:147
[9000] منابع:10/7 | BTC:$77234.6300 | USDT:233661.000 | ARB:0.2952% | فرصت:147
[9003] منابع:9/7 | BTC:$77222.0000 | USDT:233661.000 | ARB:0.3116% | فرصت:150
[9006] منابع:0/7 | BTC:$— | USDT:— | ARB:0% | فرصت:152
[9009] منابع:9/7 | BTC:$77131.6500 | USDT:233661.000 | ARB:0.4291% | فرصت:155
[9012] منابع:9/7 | BTC:$77124.1300 | USDT:233661.000 | ARB:0.4389% | فرصت:158
[9015] منابع:9/7 | BTC:$77112.0100 | USDT:233661.000 | ARB:0.4547% | فرصت:161
[9018] منابع:10/7 | BTC:$77112.0100 | USDT:233661.000 | ARB:0.4547% | فرصت:164
[9021] منابع:10/7 | BTC:$77084.0100 | USDT:233661.000 | ARB:0.4912% | فرصت:167
[9024] منابع:9/7 | BTC:$77100.0100 | USDT:233661.000 | ARB:0.4703% | فرصت:170
[9027] منابع:9/7 | BTC:$77137.7900 | USDT:233661.000 | ARB:0.4211% | فرصت:173
[9030] منابع:9/7 | BTC:$77168.0000 | USDT:233661.000 | ARB:0.3818% | فرصت:176
[9033] منابع:9/7 | BTC:$77114.0000 | USDT:233661.000 | ARB:0.4521% | فرصت:179
[9036] منابع:9/7 | BTC:$77066.9200 | USDT:233661.000 | ARB:0.5134% | فرصت:182
[9039] منابع:10/7 | BTC:$77061.6000 | USDT:233661.000 | ARB:0.5204% | فرصت:185
[9042] منابع:9/7 | BTC:$77075.5000 | USDT:233661.000 | ARB:0.5022% | فرصت:188
[9045] منابع:7/7 | BTC:$77060.0100 | USDT:— | ARB:0% | فرصت:190
[9048] منابع:8/7 | BTC:$77080.0100 | USDT:233661.000 | ARB:0.4964% | فرصت:193
[9051] منابع:9/7 | BTC:$77116.7400 | USDT:233661.000 | ARB:0.4485% | فرصت:196
[9054] منابع:10/7 | BTC:$77080.0100 | USDT:233661.000 | ARB:0.4964% | فرصت:199
[9057] منابع:10/7 | BTC:$77080.0000 | USDT:233661.000 | ARB:0.4964% | فرصت:202
[9060] منابع:9/7 | BTC:$77088.0100 | USDT:233661.000 | ARB:0.4859% | فرصت:205
[9063] منابع:9/7 | BTC:$77092.5100 | USDT:233661.000 | ARB:0.4801% | فرصت:208
[9066] منابع:9/7 | BTC:$77110.4800 | USDT:233661.000 | ARB:0.4567% | فرصت:211
[9069] منابع:9/7 | BTC:$77111.7200 | USDT:233661.000 | ARB:0.4550% | فرصت:214
[9072] منابع:9/7 | BTC:$77050.0000 | USDT:233661.000 | ARB:0.5355% | فرصت:217
[9075] منابع:10/7 | BTC:$76860.5200 | USDT:233661.000 | ARB:0.7834% | فرصت:220
[9078] منابع:10/7 | BTC:$77090.0000 | USDT:233661.000 | ARB:0.4833% | فرصت:223
[9081] منابع:6/7 | BTC:$77030.0000 | USDT:— | ARB:0% | فرصت:225
[9084] منابع:9/7 | BTC:$77038.5000 | USDT:233661.000 | ARB:0.5505% | فرصت:228
[9087] منابع:9/7 | BTC:$77014.5400 | USDT:233663.000 | ARB:-0.021% | فرصت:228
[9090] منابع:9/7 | BTC:$77043.2600 | USDT:233663.000 | ARB:-0.058% | فرصت:228
[9093] منابع:10/7 | BTC:$77100.1400 | USDT:233663.000 | ARB:-0.132% | فرصت:228
[9096] منابع:10/7 | BTC:$77092.3100 | USDT:233663.000 | ARB:-0.122% | فرصت:228
[9099] منابع:9/7 | BTC:$77063.1300 | USDT:233663.000 | ARB:-0.084% | فرصت:228
[9102] منابع:9/7 | BTC:$77012.0100 | USDT:233663.000 | ARB:-0.017% | فرصت:228
[9105] منابع:9/7 | BTC:$76948.0100 | USDT:233663.000 | ARB:0.0652% | فرصت:228
[9108] منابع:9/7 | BTC:$76900.0000 | USDT:233663.000 | ARB:0.1277% | فرصت:228
[9111] منابع:10/7 | BTC:$76936.0100 | USDT:233663.000 | ARB:0.0808% | فرصت:228
[9114] منابع:7/7 | BTC:$76940.8100 | USDT:— | ARB:0% | فرصت:228
[9117] منابع:7/7 | BTC:$76932.0000 | USDT:— | ARB:0% | فرصت:228
[9120] منابع:6/7 | BTC:$76960.0000 | USDT:— | ARB:0% | فرصت:228
[9123] منابع:6/7 | BTC:$76969.8400 | USDT:— | ARB:0% | فرصت:228
[9126] منابع:9/7 | BTC:$76934.0100 | USDT:233663.000 | ARB:0.0834% | فرصت:228
[9129] منابع:10/7 | BTC:$76930.0000 | USDT:233663.000 | ARB:0.0886% | فرصت:228
[9132] منابع:10/7 | BTC:$76954.0000 | USDT:233663.000 | ARB:0.0574% | فرصت:228
[9135] منابع:9/7 | BTC:$76984.0100 | USDT:233663.000 | ARB:0.0184% | فرصت:228
[9138] منابع:9/7 | BTC:$76984.0100 | USDT:233663.000 | ARB:0.0184% | فرصت:228
[9141] منابع:9/7 | BTC:$76986.2000 | USDT:233663.000 | ARB:0.0156% | فرصت:228
[9144] منابع:9/7 | BTC:$76941.4400 | USDT:233663.000 | ARB:0.0738% | فرصت:228
[9147] منابع:9/7 | BTC:$76966.1100 | USDT:233663.000 | ARB:0.0417% | فرصت:228
[9150] منابع:10/7 | BTC:$76938.0000 | USDT:233663.000 | ARB:0.0782% | فرصت:228
[9153] منابع:10/7 | BTC:$76953.6300 | USDT:233663.000 | ARB:0.0579% | فرصت:228
[9156] منابع:9/7 | BTC:$76962.9700 | USDT:233663.000 | ARB:0.0458% | فرصت:228
[9159] منابع:9/7 | BTC:$76972.0000 | USDT:233663.000 | ARB:0.0340% | فرصت:228
[9162] منابع:9/7 | BTC:$76966.4500 | USDT:233663.000 | ARB:0.0412% | فرصت:228
[9165] منابع:9/7 | BTC:$77000.0000 | USDT:233663.000 | ARB:-0.002% | فرصت:228
[9168] منابع:10/7 | BTC:$77010.0100 | USDT:233663.000 | ARB:-0.015% | فرصت:228
[9171] منابع:10/7 | BTC:$77012.0000 | USDT:233663.000 | ARB:-0.017% | فرصت:228
[9174] منابع:9/7 | BTC:$76980.0000 | USDT:233663.000 | ARB:0.0236% | فرصت:228
[9177] منابع:9/7 | BTC:$76948.0000 | USDT:233653.000 | ARB:0.1266% | فرصت:228
[9180] منابع:9/7 | BTC:$76923.5500 | USDT:233653.000 | ARB:0.1584% | فرصت:228
[9183] منابع:9/7 | BTC:$76934.0000 | USDT:233653.000 | ARB:0.1448% | فرصت:228
[9186] منابع:9/7 | BTC:$76934.0000 | USDT:233653.000 | ARB:0.1448% | فرصت:228
[9189] منابع:10/7 | BTC:$76934.0100 | USDT:233653.000 | ARB:0.1448% | فرصت:228
[9192] منابع:10/7 | BTC:$76898.0100 | USDT:233653.000 | ARB:0.1917% | فرصت:228
[9195] منابع:9/7 | BTC:$76876.0100 | USDT:233653.000 | ARB:0.2204% | فرصت:228
[9198] منابع:9/7 | BTC:$76854.0100 | USDT:233653.000 | ARB:0.2490% | فرصت:228
[9201] منابع:9/7 | BTC:$76853.2500 | USDT:233653.000 | ARB:0.2500% | فرصت:228
[9204] منابع:9/7 | BTC:$76812.0000 | USDT:233653.000 | ARB:0.3039% | فرصت:230
[9207] منابع:10/7 | BTC:$76800.0000 | USDT:233653.000 | ARB:0.3195% | فرصت:232
[9210] منابع:9/7 | BTC:$76876.0100 | USDT:233653.000 | ARB:0.2204% | فرصت:232
[9213] منابع:9/7 | BTC:$76834.0000 | USDT:233653.000 | ARB:0.2752% | فرصت:232
[9216] منابع:9/7 | BTC:$76849.8500 | USDT:233653.000 | ARB:0.2545% | فرصت:232
[9219] منابع:6/7 | BTC:$76817.1600 | USDT:— | ARB:0% | فرصت:232
[9222] منابع:9/7 | BTC:$76818.0100 | USDT:233653.000 | ARB:0.2960% | فرصت:232
[9225] منابع:7/7 | BTC:$76800.0100 | USDT:— | ARB:0% | فرصت:233
[9228] منابع:6/7 | BTC:$76734.6000 | USDT:— | ARB:0% | فرصت:233
[9231] منابع:6/7 | BTC:$76786.4500 | USDT:— | ARB:0% | فرصت:235
[9234] منابع:7/7 | BTC:$76789.2300 | USDT:— | ARB:0% | فرصت:237
[9237] منابع:9/7 | BTC:$76806.0000 | USDT:233653.000 | ARB:0.3117% | فرصت:240
[9240] منابع:9/7 | BTC:$76813.3200 | USDT:233653.000 | ARB:0.3022% | فرصت:243
[9243] منابع:10/7 | BTC:$76827.3000 | USDT:233653.000 | ARB:0.2839% | فرصت:245
[9246] منابع:9/7 | BTC:$76816.4100 | USDT:233653.000 | ARB:0.2981% | فرصت:245
[9249] منابع:9/7 | BTC:$76808.0100 | USDT:233653.000 | ARB:0.3091% | فرصت:248
[9252] منابع:9/7 | BTC:$76828.4300 | USDT:233653.000 | ARB:0.2824% | فرصت:248
[9255] منابع:9/7 | BTC:$76828.4300 | USDT:233653.000 | ARB:0.2824% | فرصت:248
[9258] منابع:9/7 | BTC:$76772.0100 | USDT:233653.000 | ARB:0.3561% | فرصت:251
[9261] منابع:10/7 | BTC:$76763.8300 | USDT:233743.000 | ARB:0.1225% | فرصت:253
[9264] منابع:10/7 | BTC:$76749.7600 | USDT:233743.000 | ARB:0.1409% | فرصت:253
[9267] منابع:9/7 | BTC:$76742.0100 | USDT:233743.000 | ARB:0.1510% | فرصت:253
[9270] منابع:9/7 | BTC:$76763.8200 | USDT:233743.000 | ARB:0.1225% | فرصت:253
[9273] منابع:9/7 | BTC:$76764.6400 | USDT:233743.000 | ARB:0.1215% | فرصت:253
[9276] منابع:9/7 | BTC:$76759.1800 | USDT:233743.000 | ARB:0.1286% | فرصت:253
[9279] منابع:9/7 | BTC:$76744.0000 | USDT:233743.000 | ARB:0.1484% | فرصت:253
[9282] منابع:10/7 | BTC:$76768.0100 | USDT:233743.000 | ARB:0.1171% | فرصت:253
[9285] منابع:9/7 | BTC:$76768.0100 | USDT:233743.000 | ARB:0.1171% | فرصت:253
[9288] منابع:9/7 | BTC:$76787.5400 | USDT:233743.000 | ARB:0.0916% | فرصت:253
[9291] منابع:9/7 | BTC:$76806.0000 | USDT:233743.000 | ARB:0.0675% | فرصت:253
[9294] منابع:9/7 | BTC:$76782.0100 | USDT:233743.000 | ARB:0.0988% | فرصت:253
[9297] منابع:9/7 | BTC:$76756.0000 | USDT:233743.000 | ARB:0.1327% | فرصت:253
[9300] منابع:10/7 | BTC:$76777.2600 | USDT:233743.000 | ARB:0.1050% | فرصت:253
[9303] منابع:10/7 | BTC:$76766.0100 | USDT:233743.000 | ARB:0.1197% | فرصت:253
[9306] منابع:9/7 | BTC:$76806.0100 | USDT:233743.000 | ARB:0.0675% | فرصت:253
[9309] منابع:9/7 | BTC:$76795.9500 | USDT:233743.000 | ARB:0.0806% | فرصت:253
[9312] منابع:9/7 | BTC:$76804.0000 | USDT:233743.000 | ARB:0.0702% | فرصت:253
[9315] منابع:7/7 | BTC:$76808.0100 | USDT:— | ARB:0% | فرصت:253
[9318] منابع:9/7 | BTC:$76822.0100 | USDT:233743.000 | ARB:0.0467% | فرصت:253
[9321] منابع:10/7 | BTC:$76842.0100 | USDT:233743.000 | ARB:0.0207% | فرصت:253
[9324] منابع:9/7 | BTC:$76842.0100 | USDT:233743.000 | ARB:0.0207% | فرصت:253
[9327] منابع:9/7 | BTC:$76840.1400 | USDT:233743.000 | ARB:0.0231% | فرصت:253
[9330] منابع:9/7 | BTC:$76836.6200 | USDT:233743.000 | ARB:0.0277% | فرصت:253
[9333] منابع:9/7 | BTC:$76816.3100 | USDT:233743.000 | ARB:0.0541% | فرصت:253
[9336] منابع:10/7 | BTC:$76805.2500 | USDT:233743.000 | ARB:0.0685% | فرصت:253
[9339] منابع:10/7 | BTC:$76820.0100 | USDT:233743.000 | ARB:0.0493% | فرصت:253
[9342] منابع:9/7 | BTC:$76832.0900 | USDT:233743.000 | ARB:0.0336% | فرصت:253
[9345] منابع:9/7 | BTC:$76830.3700 | USDT:233743.000 | ARB:0.0358% | فرصت:253
[9348] منابع:9/7 | BTC:$76794.0000 | USDT:233743.000 | ARB:0.0832% | فرصت:253
[9351] منابع:9/7 | BTC:$76761.2200 | USDT:233743.000 | ARB:0.1259% | فرصت:253
[9354] منابع:9/7 | BTC:$76758.4500 | USDT:233999.000 | ARB:-0.100% | فرصت:253
[9357] منابع:10/7 | BTC:$76748.0100 | USDT:233999.000 | ARB:-0.087% | فرصت:253
[9360] منابع:9/7 | BTC:$76775.0600 | USDT:233999.000 | ARB:-0.122% | فرصت:253
[9363] منابع:9/7 | BTC:$76786.0000 | USDT:233999.000 | ARB:-0.136% | فرصت:253
[9366] منابع:9/7 | BTC:$76776.0100 | USDT:233999.000 | ARB:-0.123% | فرصت:253
[9369] منابع:9/7 | BTC:$76776.6900 | USDT:233999.000 | ARB:-0.124% | فرصت:253
[9372] منابع:6/7 | BTC:$76808.8300 | USDT:— | ARB:0% | فرصت:253
[9375] منابع:10/7 | BTC:$76806.0100 | USDT:233999.000 | ARB:-0.162% | فرصت:253
[9378] منابع:9/7 | BTC:$76806.0100 | USDT:233999.000 | ARB:-0.162% | فرصت:253
[9381] منابع:9/7 | BTC:$76836.0100 | USDT:233999.000 | ARB:-0.201% | فرصت:253
[9384] منابع:9/7 | BTC:$76838.0000 | USDT:233999.000 | ARB:-0.204% | فرصت:253
[9387] منابع:9/7 | BTC:$76802.0500 | USDT:233999.000 | ARB:-0.157% | فرصت:253
[9390] منابع:9/7 | BTC:$76805.1000 | USDT:233999.000 | ARB:-0.161% | فرصت:253
[9393] منابع:10/7 | BTC:$76790.0100 | USDT:233999.000 | ARB:-0.141% | فرصت:253
[9396] منابع:10/7 | BTC:$76777.6300 | USDT:233999.000 | ARB:-0.125% | فرصت:253
[9399] منابع:9/7 | BTC:$76767.4300 | USDT:233999.000 | ARB:-0.112% | فرصت:253
[9402] منابع:9/7 | BTC:$76781.7400 | USDT:233999.000 | ARB:-0.131% | فرصت:253
[9405] منابع:9/7 | BTC:$76781.7100 | USDT:233999.000 | ARB:-0.131% | فرصت:253
[9408] منابع:9/7 | BTC:$76790.3300 | USDT:233999.000 | ARB:-0.142% | فرصت:253
[9411] منابع:9/7 | BTC:$76774.0100 | USDT:233999.000 | ARB:-0.121% | فرصت:253
[9414] منابع:10/7 | BTC:$76750.0000 | USDT:233999.000 | ARB:-0.089% | فرصت:253
[9417] منابع:9/7 | BTC:$76744.0100 | USDT:233999.000 | ARB:-0.082% | فرصت:253
[9420] منابع:9/7 | BTC:$76727.6200 | USDT:233999.000 | ARB:-0.060% | فرصت:253
[9423] منابع:9/7 | BTC:$76731.9900 | USDT:233999.000 | ARB:-0.066% | فرصت:253
[9426] منابع:9/7 | BTC:$76751.1600 | USDT:233999.000 | ARB:-0.091% | فرصت:253
[9429] منابع:9/7 | BTC:$76772.0000 | USDT:233999.000 | ARB:-0.118% | فرصت:253
[9432] منابع:10/7 | BTC:$76795.4200 | USDT:233999.000 | ARB:-0.148% | فرصت:253
[9435] منابع:9/7 | BTC:$76822.0100 | USDT:233999.000 | ARB:-0.183% | فرصت:253
[9438] منابع:9/7 | BTC:$76847.6900 | USDT:233999.000 | ARB:-0.216% | فرصت:253
[9441] منابع:9/7 | BTC:$76870.4400 | USDT:233999.000 | ARB:-0.246% | فرصت:253
[9444] منابع:9/7 | BTC:$76884.9400 | USDT:233999.000 | ARB:-0.265% | فرصت:253
[9447] منابع:9/7 | BTC:$76882.0000 | USDT:234433.000 | ARB:0.0117% | فرصت:253
[9450] منابع:10/7 | BTC:$76836.0100 | USDT:234433.000 | ARB:0.0715% | فرصت:253
[9453] منابع:10/7 | BTC:$76796.5000 | USDT:234433.000 | ARB:0.1230% | فرصت:253
[9456] منابع:9/7 | BTC:$76816.2000 | USDT:234433.000 | ARB:0.0974% | فرصت:253
[9459] منابع:9/7 | BTC:$76808.0100 | USDT:234433.000 | ARB:0.1080% | فرصت:253
[9462] منابع:8/7 | BTC:$76824.0100 | USDT:234433.000 | ARB:0.0872% | فرصت:253
[9465] منابع:9/7 | BTC:$76830.6800 | USDT:234433.000 | ARB:0.0785% | فرصت:253
[9468] منابع:10/7 | BTC:$76830.6700 | USDT:234433.000 | ARB:0.0785% | فرصت:253
[9471] منابع:9/7 | BTC:$76822.0000 | USDT:234433.000 | ARB:0.0898% | فرصت:253
[9474] منابع:9/7 | BTC:$76822.0100 | USDT:234433.000 | ARB:0.0898% | فرصت:253
[9477] منابع:6/7 | BTC:$76846.0000 | USDT:— | ARB:0% | فرصت:253
[9480] منابع:6/7 | BTC:$76851.9800 | USDT:— | ARB:0% | فرصت:253
[9483] منابع:7/7 | BTC:$76863.6500 | USDT:— | ARB:0% | فرصت:253
[9486] منابع:7/7 | BTC:$76856.0000 | USDT:— | ARB:0% | فرصت:253
[9489] منابع:6/7 | BTC:$76868.0100 | USDT:— | ARB:0% | فرصت:253
[9492] منابع:9/7 | BTC:$76847.0900 | USDT:234433.000 | ARB:0.0571% | فرصت:253
[9495] منابع:9/7 | BTC:$76846.0600 | USDT:234433.000 | ARB:0.0585% | فرصت:253
[9498] منابع:9/7 | BTC:$76814.0000 | USDT:234433.000 | ARB:0.1002% | فرصت:253
[9501] منابع:9/7 | BTC:$76818.0100 | USDT:234433.000 | ARB:0.0950% | فرصت:253
[9504] منابع:10/7 | BTC:$76816.0000 | USDT:234433.000 | ARB:0.0976% | فرصت:253
[9507] منابع:10/7 | BTC:$76817.9900 | USDT:234433.000 | ARB:0.0950% | فرصت:253
[9510] منابع:9/7 | BTC:$76822.5800 | USDT:234433.000 | ARB:0.0890% | فرصت:253
[9513] منابع:9/7 | BTC:$76818.0000 | USDT:234433.000 | ARB:0.0950% | فرصت:253
[9516] منابع:9/7 | BTC:$76804.0000 | USDT:234433.000 | ARB:0.1133% | فرصت:253
[9519] منابع:9/7 | BTC:$76802.0100 | USDT:234433.000 | ARB:0.1158% | فرصت:253
[9522] منابع:10/7 | BTC:$76806.0100 | USDT:234433.000 | ARB:0.1106% | فرصت:253
[9525] منابع:10/7 | BTC:$76754.0000 | USDT:234433.000 | ARB:0.1785% | فرصت:253
[9528] منابع:9/7 | BTC:$76754.0100 | USDT:234433.000 | ARB:0.1785% | فرصت:253
[9531] منابع:9/7 | BTC:$76747.2400 | USDT:234433.000 | ARB:0.1873% | فرصت:253
[9534] منابع:9/7 | BTC:$76764.8000 | USDT:234433.000 | ARB:0.1644% | فرصت:253
[9537] منابع:9/7 | BTC:$76750.0100 | USDT:234013.000 | ARB:0.1894% | فرصت:253
[9540] منابع:9/7 | BTC:$76756.0000 | USDT:234013.000 | ARB:0.1816% | فرصت:253
[9543] منابع:10/7 | BTC:$76766.0100 | USDT:234013.000 | ARB:0.1686% | فرصت:253
[9546] منابع:9/7 | BTC:$76784.0000 | USDT:234013.000 | ARB:0.1451% | فرصت:253
[9549] منابع:9/7 | BTC:$76772.8500 | USDT:234013.000 | ARB:0.1596% | فرصت:253
[9552] منابع:9/7 | BTC:$76754.0000 | USDT:234013.000 | ARB:0.1842% | فرصت:253
[9555] منابع:9/7 | BTC:$76749.7500 | USDT:234013.000 | ARB:0.1898% | فرصت:253
[9558] منابع:9/7 | BTC:$76731.7500 | USDT:234013.000 | ARB:0.2133% | فرصت:253
[9561] منابع:10/7 | BTC:$76744.0100 | USDT:234013.000 | ARB:0.1973% | فرصت:253
[9564] منابع:9/7 | BTC:$76764.0000 | USDT:234013.000 | ARB:0.1712% | فرصت:253
[9567] منابع:9/7 | BTC:$76748.0100 | USDT:234013.000 | ARB:0.1920% | فرصت:253
[9570] منابع:9/7 | BTC:$76748.0100 | USDT:234013.000 | ARB:0.1920% | فرصت:253
[9573] منابع:9/7 | BTC:$76748.0100 | USDT:234013.000 | ARB:0.1920% | فرصت:253
[9576] منابع:9/7 | BTC:$76736.0000 | USDT:234013.000 | ARB:0.2077% | فرصت:253
[9579] منابع:10/7 | BTC:$76756.0100 | USDT:234013.000 | ARB:0.1816% | فرصت:253
[9582] منابع:10/7 | BTC:$76782.4100 | USDT:234013.000 | ARB:0.1472% | فرصت:253
[9585] منابع:9/7 | BTC:$76776.1700 | USDT:234013.000 | ARB:0.1553% | فرصت:253
[9588] منابع:9/7 | BTC:$76770.0100 | USDT:234013.000 | ARB:0.1633% | فرصت:253
[9591] منابع:9/7 | BTC:$76783.9900 | USDT:234013.000 | ARB:0.1451% | فرصت:253
[9594] منابع:9/7 | BTC:$76782.7700 | USDT:234013.000 | ARB:0.1467% | فرصت:253
[9597] منابع:10/7 | BTC:$76782.7700 | USDT:234013.000 | ARB:0.1467% | فرصت:253
[9600] منابع:10/7 | BTC:$76782.7600 | USDT:234013.000 | ARB:0.1467% | فرصت:253
[9603] منابع:9/7 | BTC:$76752.1000 | USDT:234013.000 | ARB:0.1867% | فرصت:253
[9606] منابع:9/7 | BTC:$76746.0000 | USDT:234013.000 | ARB:0.1947% | فرصت:253
[9609] منابع:9/7 | BTC:$76735.6400 | USDT:234013.000 | ARB:0.2082% | فرصت:253
[9612] منابع:9/7 | BTC:$76730.0200 | USDT:234013.000 | ARB:0.2155% | فرصت:253
[9615] منابع:10/7 | BTC:$76722.3300 | USDT:234013.000 | ARB:0.2256% | فرصت:253
[9618] منابع:10/7 | BTC:$76722.3400 | USDT:234013.000 | ARB:0.2256% | فرصت:253
[9621] منابع:9/7 | BTC:$76713.6000 | USDT:234013.000 | ARB:0.2370% | فرصت:253
[9624] منابع:9/7 | BTC:$76722.0100 | USDT:234013.000 | ARB:0.2260% | فرصت:253
[9627] منابع:9/7 | BTC:$76752.0100 | USDT:234013.000 | ARB:0.1868% | فرصت:253
[9630] منابع:9/7 | BTC:$76752.0000 | USDT:234013.000 | ARB:0.1868% | فرصت:253
[9633] منابع:9/7 | BTC:$76726.1000 | USDT:233330.000 | ARB:0.1256% | فرصت:253
[9636] منابع:8/7 | BTC:$76744.0000 | USDT:— | ARB:0% | فرصت:253
[9639] منابع:9/7 | BTC:$76760.0000 | USDT:233330.000 | ARB:0.0814% | فرصت:253
[9642] منابع:9/7 | BTC:$76760.0100 | USDT:233330.000 | ARB:0.0814% | فرصت:253
[9645] منابع:9/7 | BTC:$76760.0100 | USDT:233330.000 | ARB:0.0814% | فرصت:253
[9648] منابع:9/7 | BTC:$76752.4800 | USDT:233330.000 | ARB:0.0912% | فرصت:253
[9651] منابع:9/7 | BTC:$76752.4800 | USDT:233330.000 | ARB:0.0912% | فرصت:253
[9654] منابع:10/7 | BTC:$76748.0000 | USDT:233330.000 | ARB:0.0971% | فرصت:253
[9657] منابع:10/7 | BTC:$76746.0200 | USDT:233330.000 | ARB:0.0997% | فرصت:253
[9660] منابع:9/7 | BTC:$76737.0800 | USDT:233330.000 | ARB:0.1113% | فرصت:253
[9663] منابع:9/7 | BTC:$76720.5400 | USDT:233330.000 | ARB:0.1329% | فرصت:253
[9666] منابع:9/7 | BTC:$76720.5400 | USDT:233330.000 | ARB:0.1329% | فرصت:253
[9669] منابع:9/7 | BTC:$76722.0100 | USDT:233330.000 | ARB:0.1310% | فرصت:253
[9672] منابع:10/7 | BTC:$76722.0100 | USDT:233330.000 | ARB:0.1310% | فرصت:253
[9675] منابع:10/7 | BTC:$76716.1500 | USDT:233330.000 | ARB:0.1386% | فرصت:253
[9678] منابع:9/7 | BTC:$76716.1600 | USDT:233330.000 | ARB:0.1386% | فرصت:253
[9681] منابع:9/7 | BTC:$76718.0100 | USDT:233330.000 | ARB:0.1362% | فرصت:253
[9684] منابع:9/7 | BTC:$76749.8700 | USDT:233330.000 | ARB:0.0946% | فرصت:253
[9687] منابع:9/7 | BTC:$76799.9900 | USDT:233330.000 | ARB:0.0293% | فرصت:253
[9690] منابع:9/7 | BTC:$76799.9800 | USDT:233330.000 | ARB:0.0293% | فرصت:253
[9693] منابع:10/7 | BTC:$76799.9800 | USDT:233330.000 | ARB:0.0293% | فرصت:253
[9696] منابع:9/7 | BTC:$76798.4600 | USDT:233330.000 | ARB:0.0313% | فرصت:253
[9699] منابع:9/7 | BTC:$76795.7900 | USDT:233330.000 | ARB:0.0348% | فرصت:253
[9702] منابع:9/7 | BTC:$76784.0000 | USDT:233330.000 | ARB:0.0501% | فرصت:253
[9705] منابع:9/7 | BTC:$76776.0100 | USDT:233330.000 | ARB:0.0606% | فرصت:253
[9708] منابع:9/7 | BTC:$76776.0100 | USDT:233330.000 | ARB:0.0606% | فرصت:253
[9711] منابع:10/7 | BTC:$76770.0000 | USDT:233330.000 | ARB:0.0684% | فرصت:253
[9714] منابع:10/7 | BTC:$76760.0000 | USDT:233330.000 | ARB:0.0814% | فرصت:253
[9717] منابع:9/7 | BTC:$76760.0000 | USDT:233330.000 | ARB:0.0814% | فرصت:253
[9720] منابع:9/7 | BTC:$76760.0100 | USDT:233330.000 | ARB:0.0814% | فرصت:253
[9723] منابع:9/7 | BTC:$76738.0100 | USDT:233330.000 | ARB:0.1101% | فرصت:253
[9726] منابع:9/7 | BTC:$76736.7400 | USDT:233327.000 | ARB:-0.026% | فرصت:253
[9729] منابع:10/7 | BTC:$76700.9100 | USDT:233327.000 | ARB:0.0201% | فرصت:253
[9732] منابع:10/7 | BTC:$76667.6900 | USDT:233327.000 | ARB:0.0634% | فرصت:253
[9735] منابع:9/7 | BTC:$76667.6800 | USDT:233327.000 | ARB:0.0635% | فرصت:253
[9738] منابع:9/7 | BTC:$76667.6800 | USDT:233327.000 | ARB:0.0635% | فرصت:253
[9741] منابع:9/7 | BTC:$76667.6900 | USDT:233327.000 | ARB:0.0634% | فرصت:253
[9744] منابع:9/7 | BTC:$76692.0100 | USDT:233327.000 | ARB:0.0317% | فرصت:253
[9747] منابع:9/7 | BTC:$76697.5900 | USDT:233327.000 | ARB:0.0244% | فرصت:253
[9750] منابع:10/7 | BTC:$76676.2700 | USDT:233327.000 | ARB:0.0522% | فرصت:253
[9753] منابع:9/7 | BTC:$76676.2300 | USDT:233327.000 | ARB:0.0523% | فرصت:253
[9756] منابع:9/7 | BTC:$76676.2400 | USDT:233327.000 | ARB:0.0523% | فرصت:253
[9759] منابع:9/7 | BTC:$76735.9500 | USDT:233327.000 | ARB:-0.025% | فرصت:253
[9762] منابع:9/7 | BTC:$76735.9000 | USDT:233327.000 | ARB:-0.025% | فرصت:253
[9765] منابع:9/7 | BTC:$76712.3000 | USDT:233327.000 | ARB:0.0053% | فرصت:253
[9768] منابع:10/7 | BTC:$76702.0100 | USDT:233327.000 | ARB:0.0187% | فرصت:253
[9771] منابع:10/7 | BTC:$76730.0100 | USDT:233327.000 | ARB:-0.017% | فرصت:253
[9774] منابع:9/7 | BTC:$76733.3900 | USDT:233327.000 | ARB:-0.022% | فرصت:253
[9777] منابع:9/7 | BTC:$76731.6100 | USDT:233327.000 | ARB:-0.019% | فرصت:253
[9780] منابع:9/7 | BTC:$76714.0100 | USDT:233327.000 | ARB:0.0030% | فرصت:253
[9783] منابع:9/7 | BTC:$76738.0100 | USDT:233327.000 | ARB:-0.028% | فرصت:253
[9786] منابع:9/7 | BTC:$76746.0100 | USDT:233327.000 | ARB:-0.038% | فرصت:253
[9789] منابع:10/7 | BTC:$76733.6500 | USDT:233327.000 | ARB:-0.022% | فرصت:253
[9792] منابع:9/7 | BTC:$76716.0100 | USDT:233327.000 | ARB:0.0004% | فرصت:253
[9795] منابع:9/7 | BTC:$76728.0000 | USDT:233327.000 | ARB:-0.015% | فرصت:253
[9798] منابع:9/7 | BTC:$76726.0000 | USDT:233327.000 | ARB:-0.012% | فرصت:253
[9801] منابع:9/7 | BTC:$76712.0100 | USDT:233327.000 | ARB:0.0056% | فرصت:253
[9804] منابع:9/7 | BTC:$76714.0100 | USDT:233327.000 | ARB:0.0030% | فرصت:253
[9807] منابع:10/7 | BTC:$76714.0000 | USDT:233327.000 | ARB:0.0030% | فرصت:253
[9810] منابع:10/7 | BTC:$76710.3000 | USDT:233327.000 | ARB:0.0079% | فرصت:253
[9813] منابع:9/7 | BTC:$76692.0100 | USDT:233327.000 | ARB:0.0317% | فرصت:253
[9816] منابع:9/7 | BTC:$76695.1800 | USDT:233327.000 | ARB:0.0276% | فرصت:253
[9819] منابع:9/7 | BTC:$76744.0100 | USDT:233327.000 | ARB:-0.036% | فرصت:253
[9822] منابع:7/7 | BTC:$76740.3200 | USDT:— | ARB:0% | فرصت:253
[9825] منابع:10/7 | BTC:$76770.5900 | USDT:233832.000 | ARB:-0.147% | فرصت:253
[9828] منابع:10/7 | BTC:$76744.9200 | USDT:233832.000 | ARB:-0.113% | فرصت:253
[9831] منابع:9/7 | BTC:$76754.0000 | USDT:233832.000 | ARB:-0.125% | فرصت:253
[9834] منابع:9/7 | BTC:$76746.3200 | USDT:233832.000 | ARB:-0.115% | فرصت:253
[9837] منابع:9/7 | BTC:$76746.0200 | USDT:233832.000 | ARB:-0.115% | فرصت:253
[9840] منابع:9/7 | BTC:$76741.7200 | USDT:233832.000 | ARB:-0.109% | فرصت:253
[9843] منابع:10/7 | BTC:$76747.4100 | USDT:233832.000 | ARB:-0.117% | فرصت:253
[9846] منابع:10/7 | BTC:$76747.4200 | USDT:233832.000 | ARB:-0.117% | فرصت:253
[9849] منابع:9/7 | BTC:$76754.0000 | USDT:233832.000 | ARB:-0.125% | فرصت:253
[9852] منابع:9/7 | BTC:$76766.0100 | USDT:233832.000 | ARB:-0.141% | فرصت:253
[9855] منابع:9/7 | BTC:$76758.0100 | USDT:233832.000 | ARB:-0.130% | فرصت:253
[9858] منابع:9/7 | BTC:$76741.4500 | USDT:233832.000 | ARB:-0.109% | فرصت:253
[9861] منابع:9/7 | BTC:$76734.5600 | USDT:233832.000 | ARB:-0.100% | فرصت:253
[9864] منابع:10/7 | BTC:$76724.0100 | USDT:233832.000 | ARB:-0.086% | فرصت:253
[9867] منابع:10/7 | BTC:$76730.0100 | USDT:233832.000 | ARB:-0.094% | فرصت:253
[9870] منابع:9/7 | BTC:$76724.6100 | USDT:233832.000 | ARB:-0.087% | فرصت:253
[9873] منابع:9/7 | BTC:$76714.0100 | USDT:233832.000 | ARB:-0.073% | فرصت:253
[9876] منابع:9/7 | BTC:$76695.9500 | USDT:233832.000 | ARB:-0.050% | فرصت:253
[9879] منابع:9/7 | BTC:$76712.0000 | USDT:233832.000 | ARB:-0.070% | فرصت:253
[9882] منابع:10/7 | BTC:$76711.6800 | USDT:233832.000 | ARB:-0.070% | فرصت:253
[9885] منابع:10/7 | BTC:$76696.9600 | USDT:233832.000 | ARB:-0.051% | فرصت:253
[9888] منابع:9/7 | BTC:$76674.4200 | USDT:233832.000 | ARB:-0.021% | فرصت:253
[9891] منابع:9/7 | BTC:$76674.4100 | USDT:233832.000 | ARB:-0.021% | فرصت:253
[9894] منابع:9/7 | BTC:$76674.4100 | USDT:233832.000 | ARB:-0.021% | فرصت:253
[9897] منابع:9/7 | BTC:$76706.0100 | USDT:233832.000 | ARB:-0.063% | فرصت:253
[9900] منابع:10/7 | BTC:$76706.0100 | USDT:233832.000 | ARB:-0.063% | فرصت:253
[9903] منابع:10/7 | BTC:$76704.0100 | USDT:233832.000 | ARB:-0.060% | فرصت:253
[9906] منابع:9/7 | BTC:$76702.0100 | USDT:233832.000 | ARB:-0.057% | فرصت:253
[9909] منابع:9/7 | BTC:$76689.1800 | USDT:233832.000 | ARB:-0.041% | فرصت:253
[9912] منابع:9/7 | BTC:$76691.5900 | USDT:233832.000 | ARB:-0.044% | فرصت:253
[9915] منابع:9/7 | BTC:$76698.0100 | USDT:233796.000 | ARB:-0.176% | فرصت:253
[9918] منابع:10/7 | BTC:$76742.0000 | USDT:233796.000 | ARB:-0.233% | فرصت:253
[9921] منابع:10/7 | BTC:$76742.5100 | USDT:233796.000 | ARB:-0.234% | فرصت:253
[9924] منابع:9/7 | BTC:$76756.0000 | USDT:233796.000 | ARB:-0.252% | فرصت:253
[9927] منابع:9/7 | BTC:$76746.3900 | USDT:233796.000 | ARB:-0.239% | فرصت:253
[9930] منابع:9/7 | BTC:$76744.5600 | USDT:233796.000 | ARB:-0.237% | فرصت:253
[9933] منابع:9/7 | BTC:$76738.0000 | USDT:233796.000 | ARB:-0.228% | فرصت:253
[9936] منابع:10/7 | BTC:$76728.0000 | USDT:233796.000 | ARB:-0.215% | فرصت:253
[9939] منابع:10/7 | BTC:$76728.0100 | USDT:233796.000 | ARB:-0.215% | فرصت:253
[9942] منابع:9/7 | BTC:$76738.0200 | USDT:233796.000 | ARB:-0.228% | فرصت:253
[9945] منابع:9/7 | BTC:$76738.8000 | USDT:233796.000 | ARB:-0.229% | فرصت:253
[9948] منابع:9/7 | BTC:$76717.4000 | USDT:233796.000 | ARB:-0.201% | فرصت:253
[9951] منابع:9/7 | BTC:$76717.4000 | USDT:233796.000 | ARB:-0.201% | فرصت:253
[9954] منابع:9/7 | BTC:$76717.4000 | USDT:233796.000 | ARB:-0.201% | فرصت:253
[9957] منابع:10/7 | BTC:$76717.4100 | USDT:233796.000 | ARB:-0.201% | فرصت:253
[9960] منابع:10/7 | BTC:$76695.4100 | USDT:233796.000 | ARB:-0.173% | فرصت:253
[9963] منابع:9/7 | BTC:$76696.1700 | USDT:233796.000 | ARB:-0.174% | فرصت:253
[9966] منابع:9/7 | BTC:$76696.1800 | USDT:233796.000 | ARB:-0.174% | فرصت:253
[9969] منابع:9/7 | BTC:$76704.0000 | USDT:233796.000 | ARB:-0.184% | فرصت:253
[9972] منابع:9/7 | BTC:$76728.0100 | USDT:233796.000 | ARB:-0.215% | فرصت:253
[9975] منابع:10/7 | BTC:$76728.0000 | USDT:233796.000 | ARB:-0.215% | فرصت:253
[9978] منابع:10/7 | BTC:$76732.0100 | USDT:233796.000 | ARB:-0.220% | فرصت:253
[9981] منابع:9/7 | BTC:$76728.0000 | USDT:233796.000 | ARB:-0.215% | فرصت:253
[9984] منابع:9/7 | BTC:$76732.0100 | USDT:233796.000 | ARB:-0.220% | فرصت:253
[9987] منابع:9/7 | BTC:$76752.0000 | USDT:233796.000 | ARB:-0.246% | فرصت:253
[9990] منابع:9/7 | BTC:$76744.0100 | USDT:233796.000 | ARB:-0.236% | فرصت:253
[9993] منابع:10/7 | BTC:$76748.0100 | USDT:233796.000 | ARB:-0.241% | فرصت:253
[9996] منابع:10/7 | BTC:$76748.0100 | USDT:233796.000 | ARB:-0.241% | فرصت:253
[9999] منابع:9/7 | BTC:$76718.0100 | USDT:233796.000 | ARB:-0.202% | فرصت:253
[10002] منابع:9/7 | BTC:$76712.0000 | USDT:233796.000 | ARB:-0.194% | فرصت:253
[10005] منابع:9/7 | BTC:$76702.0100 | USDT:233796.000 | ARB:-0.181% | فرصت:253
[10008] منابع:9/7 | BTC:$76666.0100 | USDT:233794.000 | ARB:-0.134% | فرصت:253
[10011] منابع:9/7 | BTC:$76667.8600 | USDT:233794.000 | ARB:-0.136% | فرصت:253
[10014] منابع:10/7 | BTC:$76637.7300 | USDT:233794.000 | ARB:-0.097% | فرصت:253
[10017] منابع:9/7 | BTC:$76650.0100 | USDT:233794.000 | ARB:-0.113% | فرصت:253
[10020] منابع:9/7 | BTC:$76682.0100 | USDT:233794.000 | ARB:-0.155% | فرصت:253
[10023] منابع:6/7 | BTC:$76670.0000 | USDT:— | ARB:0% | فرصت:253
[10026] منابع:9/7 | BTC:$76668.0000 | USDT:233794.000 | ARB:-0.136% | فرصت:253
[10029] منابع:9/7 | BTC:$76640.0300 | USDT:233794.000 | ARB:-0.100% | فرصت:253
[10032] منابع:10/7 | BTC:$76635.4000 | USDT:233794.000 | ARB:-0.094% | فرصت:253
[10035] منابع:10/7 | BTC:$76636.0600 | USDT:233794.000 | ARB:-0.095% | فرصت:253
[10038] منابع:9/7 | BTC:$76664.0000 | USDT:233794.000 | ARB:-0.131% | فرصت:253
[10041] منابع:9/7 | BTC:$76657.3500 | USDT:233794.000 | ARB:-0.122% | فرصت:253
[10044] منابع:9/7 | BTC:$76643.9600 | USDT:233794.000 | ARB:-0.105% | فرصت:253
[10047] منابع:9/7 | BTC:$76643.9600 | USDT:233794.000 | ARB:-0.105% | فرصت:253
[10050] منابع:10/7 | BTC:$76643.9700 | USDT:233794.000 | ARB:-0.105% | فرصت:253
[10053] منابع:10/7 | BTC:$76643.9600 | USDT:233794.000 | ARB:-0.105% | فرصت:253
[10056] منابع:9/7 | BTC:$76635.1900 | USDT:233794.000 | ARB:-0.094% | فرصت:253
[10059] منابع:9/7 | BTC:$76635.2000 | USDT:233794.000 | ARB:-0.094% | فرصت:253
[10062] منابع:9/7 | BTC:$76635.2000 | USDT:233794.000 | ARB:-0.094% | فرصت:253
[10065] منابع:9/7 | BTC:$76671.6800 | USDT:233794.000 | ARB:-0.141% | فرصت:253
[10068] منابع:9/7 | BTC:$76694.3100 | USDT:233794.000 | ARB:-0.171% | فرصت:253
[10071] منابع:10/7 | BTC:$76662.0000 | USDT:233794.000 | ARB:-0.128% | فرصت:253
[10074] منابع:9/7 | BTC:$76640.0000 | USDT:233794.000 | ARB:-0.100% | فرصت:253
[10077] منابع:9/7 | BTC:$76656.5800 | USDT:233794.000 | ARB:-0.121% | فرصت:253
[10080] منابع:9/7 | BTC:$76670.6600 | USDT:233794.000 | ARB:-0.140% | فرصت:253
[10083] منابع:9/7 | BTC:$76670.6600 | USDT:233794.000 | ARB:-0.140% | فرصت:253
[10086] منابع:9/7 | BTC:$76670.0000 | USDT:233794.000 | ARB:-0.139% | فرصت:253
[10089] منابع:10/7 | BTC:$76668.0000 | USDT:233794.000 | ARB:-0.136% | فرصت:253
[10092] منابع:10/7 | BTC:$76652.0100 | USDT:233794.000 | ARB:-0.115% | فرصت:253
[10095] منابع:9/7 | BTC:$76664.2700 | USDT:233794.000 | ARB:-0.131% | فرصت:253
[10098] منابع:9/7 | BTC:$76663.0800 | USDT:233794.000 | ARB:-0.130% | فرصت:253
[10101] منابع:9/7 | BTC:$76660.0000 | USDT:233794.000 | ARB:-0.126% | فرصت:253
[10104] منابع:9/7 | BTC:$76676.0100 | USDT:233341.000 | ARB:-0.176% | فرصت:253
[10107] منابع:10/7 | BTC:$76720.0100 | USDT:233341.000 | ARB:-0.234% | فرصت:253
[10110] منابع:10/7 | BTC:$76738.0100 | USDT:233341.000 | ARB:-0.257% | فرصت:253
[10113] منابع:7/7 | BTC:$76728.9900 | USDT:— | ARB:0% | فرصت:253
[10116] منابع:9/7 | BTC:$76730.0100 | USDT:233341.000 | ARB:-0.247% | فرصت:253
[10119] منابع:9/7 | BTC:$76730.0100 | USDT:233341.000 | ARB:-0.247% | فرصت:253
[10122] منابع:9/7 | BTC:$76746.0100 | USDT:233341.000 | ARB:-0.267% | فرصت:253
[10125] منابع:10/7 | BTC:$76746.0000 | USDT:233341.000 | ARB:-0.267% | فرصت:253
[10128] منابع:10/7 | BTC:$76743.8400 | USDT:233341.000 | ARB:-0.265% | فرصت:253
[10131] منابع:9/7 | BTC:$76743.8300 | USDT:233341.000 | ARB:-0.265% | فرصت:253
[10134] منابع:9/7 | BTC:$76739.4300 | USDT:233341.000 | ARB:-0.259% | فرصت:253
[10137] منابع:9/7 | BTC:$76739.4200 | USDT:233341.000 | ARB:-0.259% | فرصت:253
[10140] منابع:9/7 | BTC:$76739.4300 | USDT:233341.000 | ARB:-0.259% | فرصت:253
[10143] منابع:9/7 | BTC:$76739.4200 | USDT:233341.000 | ARB:-0.259% | فرصت:253
[10146] منابع:10/7 | BTC:$76710.2700 | USDT:233341.000 | ARB:-0.221% | فرصت:253
[10149] منابع:10/7 | BTC:$76730.0100 | USDT:233341.000 | ARB:-0.247% | فرصت:253
[10152] منابع:9/7 | BTC:$76730.0100 | USDT:233341.000 | ARB:-0.247% | فرصت:253
[10155] منابع:9/7 | BTC:$76714.0000 | USDT:233341.000 | ARB:-0.226% | فرصت:253
[10158] منابع:9/7 | BTC:$76706.0000 | USDT:233341.000 | ARB:-0.215% | فرصت:253
[10161] منابع:9/7 | BTC:$76702.0100 | USDT:233341.000 | ARB:-0.210% | فرصت:253
[10164] منابع:10/7 | BTC:$76708.0100 | USDT:233341.000 | ARB:-0.218% | فرصت:253
[10167] منابع:10/7 | BTC:$76708.1000 | USDT:233341.000 | ARB:-0.218% | فرصت:253
[10170] منابع:9/7 | BTC:$76702.0000 | USDT:233341.000 | ARB:-0.210% | فرصت:253
[10173] منابع:9/7 | BTC:$76702.0000 | USDT:233341.000 | ARB:-0.210% | فرصت:253
[10176] منابع:9/7 | BTC:$76708.0900 | USDT:233341.000 | ARB:-0.218% | فرصت:253
[10179] منابع:9/7 | BTC:$76710.0000 | USDT:233341.000 | ARB:-0.221% | فرصت:253
[10182] منابع:10/7 | BTC:$76726.0000 | USDT:233341.000 | ARB:-0.241% | فرصت:253
[10185] منابع:10/7 | BTC:$76743.8300 | USDT:233341.000 | ARB:-0.265% | فرصت:253
[10188] منابع:7/7 | BTC:$76741.3700 | USDT:— | ARB:0% | فرصت:253
[10191] منابع:9/7 | BTC:$76736.7900 | USDT:233341.000 | ARB:-0.255% | فرصت:253
[10194] منابع:9/7 | BTC:$76820.5100 | USDT:233341.000 | ARB:-0.364% | فرصت:256
[10197] منابع:9/7 | BTC:$76834.0000 | USDT:233341.000 | ARB:-0.382% | فرصت:259
[10200] منابع:9/7 | BTC:$76838.0100 | USDT:233346.000 | ARB:-0.333% | فرصت:262
[10203] منابع:10/7 | BTC:$76846.8500 | USDT:233346.000 | ARB:-0.344% | فرصت:265
[10206] منابع:10/7 | BTC:$76850.1200 | USDT:233346.000 | ARB:-0.348% | فرصت:268
[10209] منابع:9/7 | BTC:$76824.1700 | USDT:233346.000 | ARB:-0.315% | فرصت:270
[10212] منابع:9/7 | BTC:$76825.9600 | USDT:233346.000 | ARB:-0.317% | فرصت:273
[10215] منابع:9/7 | BTC:$76850.3300 | USDT:233346.000 | ARB:-0.349% | فرصت:276
[10218] منابع:9/7 | BTC:$76865.0400 | USDT:233346.000 | ARB:-0.368% | فرصت:279
[10221] منابع:10/7 | BTC:$76835.1900 | USDT:233346.000 | ARB:-0.329% | فرصت:282
[10224] منابع:10/7 | BTC:$76820.7400 | USDT:233346.000 | ARB:-0.310% | فرصت:285
[10227] منابع:9/7 | BTC:$76830.1900 | USDT:233346.000 | ARB:-0.322% | فرصت:288
[10230] منابع:9/7 | BTC:$76829.8500 | USDT:233346.000 | ARB:-0.322% | فرصت:291
[10233] منابع:9/7 | BTC:$76844.0000 | USDT:233346.000 | ARB:-0.340% | فرصت:294
[10236] منابع:9/7 | BTC:$76842.1600 | USDT:233346.000 | ARB:-0.338% | فرصت:297
[10239] منابع:9/7 | BTC:$76843.5000 | USDT:233346.000 | ARB:-0.340% | فرصت:300
[10242] منابع:10/7 | BTC:$76854.7100 | USDT:233346.000 | ARB:-0.354% | فرصت:303
[10245] منابع:10/7 | BTC:$76854.7200 | USDT:233346.000 | ARB:-0.354% | فرصت:306
[10248] منابع:9/7 | BTC:$76854.7200 | USDT:233346.000 | ARB:-0.354% | فرصت:309
[10251] منابع:9/7 | BTC:$76858.0000 | USDT:233346.000 | ARB:-0.359% | فرصت:312
[10254] منابع:9/7 | BTC:$76858.0200 | USDT:233346.000 | ARB:-0.359% | فرصت:315
[10257] منابع:9/7 | BTC:$76837.0300 | USDT:233346.000 | ARB:-0.331% | فرصت:318
[10260] منابع:10/7 | BTC:$76821.3000 | USDT:233346.000 | ARB:-0.311% | فرصت:321
[10263] منابع:10/7 | BTC:$76821.3000 | USDT:233346.000 | ARB:-0.311% | فرصت:324
[10266] منابع:9/7 | BTC:$76808.0100 | USDT:233346.000 | ARB:-0.294% | فرصت:324
[10269] منابع:9/7 | BTC:$76792.9000 | USDT:233346.000 | ARB:-0.274% | فرصت:324
[10272] منابع:9/7 | BTC:$76792.6400 | USDT:233346.000 | ARB:-0.274% | فرصت:324
[10275] منابع:9/7 | BTC:$76824.0000 | USDT:233346.000 | ARB:-0.314% | فرصت:325
[10278] منابع:10/7 | BTC:$76814.0100 | USDT:233346.000 | ARB:-0.301% | فرصت:328
[10281] منابع:10/7 | BTC:$76814.0100 | USDT:233346.000 | ARB:-0.301% | فرصت:331
[10284] منابع:9/7 | BTC:$76818.3100 | USDT:233346.000 | ARB:-0.307% | فرصت:334
[10287] منابع:9/7 | BTC:$76781.9900 | USDT:233346.000 | ARB:-0.260% | فرصت:334
[10290] منابع:9/7 | BTC:$76776.0000 | USDT:233346.000 | ARB:-0.252% | فرصت:334
[10293] منابع:9/7 | BTC:$76788.0100 | USDT:233346.000 | ARB:-0.268% | فرصت:334
[10296] منابع:9/7 | BTC:$76796.0000 | USDT:233346.000 | ARB:-0.031% | فرصت:334
[10299] منابع:10/7 | BTC:$76816.0000 | USDT:233346.000 | ARB:-0.057% | فرصت:334
[10302] منابع:9/7 | BTC:$76838.0100 | USDT:233346.000 | ARB:-0.086% | فرصت:334
[10305] منابع:9/7 | BTC:$76840.0000 | USDT:233346.000 | ARB:-0.088% | فرصت:334
[10308] منابع:9/7 | BTC:$76847.1600 | USDT:233346.000 | ARB:-0.097% | فرصت:334
[10311] منابع:9/7 | BTC:$76846.0100 | USDT:233346.000 | ARB:-0.096% | فرصت:334
[10314] منابع:9/7 | BTC:$76834.8600 | USDT:233346.000 | ARB:-0.081% | فرصت:334
[10317] منابع:10/7 | BTC:$76832.3600 | USDT:233346.000 | ARB:-0.078% | فرصت:334
[10320] منابع:10/7 | BTC:$76808.1500 | USDT:233346.000 | ARB:-0.047% | فرصت:334
[10323] منابع:9/7 | BTC:$76776.0000 | USDT:233346.000 | ARB:-0.005% | فرصت:334
[10326] منابع:9/7 | BTC:$76776.0000 | USDT:233346.000 | ARB:-0.005% | فرصت:334
[10329] منابع:9/7 | BTC:$76776.0100 | USDT:233346.000 | ARB:-0.005% | فرصت:334
[10332] منابع:9/7 | BTC:$76778.0100 | USDT:233346.000 | ARB:-0.007% | فرصت:334
[10335] منابع:10/7 | BTC:$76805.9600 | USDT:233346.000 | ARB:-0.044% | فرصت:334
[10338] منابع:10/7 | BTC:$76805.0200 | USDT:233346.000 | ARB:-0.043% | فرصت:334
[10341] منابع:9/7 | BTC:$76800.1700 | USDT:233346.000 | ARB:-0.036% | فرصت:334
[10344] منابع:9/7 | BTC:$76808.0100 | USDT:233346.000 | ARB:-0.046% | فرصت:334
[10347] منابع:9/7 | BTC:$76800.1600 | USDT:233346.000 | ARB:-0.036% | فرصت:334
[10350] منابع:9/7 | BTC:$76792.0000 | USDT:233346.000 | ARB:-0.026% | فرصت:334
[10353] منابع:9/7 | BTC:$76842.0000 | USDT:233346.000 | ARB:-0.091% | فرصت:334
[10356] منابع:10/7 | BTC:$76844.0100 | USDT:233346.000 | ARB:-0.093% | فرصت:334
[10359] منابع:10/7 | BTC:$76828.0100 | USDT:233346.000 | ARB:-0.073% | فرصت:334
[10362] منابع:9/7 | BTC:$76814.4800 | USDT:233346.000 | ARB:-0.055% | فرصت:334
[10365] منابع:9/7 | BTC:$76826.2600 | USDT:233346.000 | ARB:-0.070% | فرصت:334
[10368] منابع:9/7 | BTC:$76823.8200 | USDT:233346.000 | ARB:-0.067% | فرصت:334
[10371] منابع:9/7 | BTC:$76823.8100 | USDT:233346.000 | ARB:-0.067% | فرصت:334
[10374] منابع:10/7 | BTC:$76828.7000 | USDT:233346.000 | ARB:-0.073% | فرصت:334
[10377] منابع:10/7 | BTC:$76830.0100 | USDT:233346.000 | ARB:-0.075% | فرصت:334
[10380] منابع:9/7 | BTC:$76816.0000 | USDT:233346.000 | ARB:-0.057% | فرصت:334
[10383] منابع:9/7 | BTC:$76816.0000 | USDT:233346.000 | ARB:-0.057% | فرصت:334
[10386] منابع:9/7 | BTC:$76816.0000 | USDT:233346.000 | ARB:-0.057% | فرصت:334
[10389] منابع:9/7 | BTC:$76834.0000 | USDT:233346.000 | ARB:-0.080% | فرصت:334
[10392] منابع:9/7 | BTC:$76820.1500 | USDT:233333.000 | ARB:0.1716% | فرصت:334
[10395] منابع:10/7 | BTC:$76803.8400 | USDT:233333.000 | ARB:0.1928% | فرصت:334
[10398] منابع:9/7 | BTC:$76814.0000 | USDT:233333.000 | ARB:0.1796% | فرصت:334
[10401] منابع:9/7 | BTC:$76814.0100 | USDT:233333.000 | ARB:0.1796% | فرصت:334
[10404] منابع:9/7 | BTC:$76827.0800 | USDT:233333.000 | ARB:0.1625% | فرصت:334
[10407] منابع:9/7 | BTC:$76859.2000 | USDT:233333.000 | ARB:0.1207% | فرصت:334
[10410] منابع:9/7 | BTC:$76867.1100 | USDT:233333.000 | ARB:0.1104% | فرصت:334
[10413] منابع:10/7 | BTC:$76858.0100 | USDT:233333.000 | ARB:0.1222% | فرصت:334
[10416] منابع:10/7 | BTC:$76856.0000 | USDT:233333.000 | ARB:0.1248% | فرصت:334
[10419] منابع:9/7 | BTC:$76842.0100 | USDT:233333.000 | ARB:0.1431% | فرصت:334
[10422] منابع:9/7 | BTC:$76838.0100 | USDT:233333.000 | ARB:0.1483% | فرصت:334
[10425] منابع:9/7 | BTC:$76838.0100 | USDT:233333.000 | ARB:0.1483% | فرصت:334
[10428] منابع:9/7 | BTC:$76824.0100 | USDT:233333.000 | ARB:0.1665% | فرصت:334
[10431] منابع:10/7 | BTC:$76834.0100 | USDT:233333.000 | ARB:0.1535% | فرصت:334
[10434] منابع:10/7 | BTC:$76847.6800 | USDT:233333.000 | ARB:0.1357% | فرصت:334
[10437] منابع:9/7 | BTC:$76846.4400 | USDT:233333.000 | ARB:0.1373% | فرصت:334
[10440] منابع:9/7 | BTC:$76846.0100 | USDT:233333.000 | ARB:0.1379% | فرصت:334
[10443] منابع:9/7 | BTC:$76842.0100 | USDT:233333.000 | ARB:0.1431% | فرصت:334
[10446] منابع:9/7 | BTC:$76825.5500 | USDT:233333.000 | ARB:0.1645% | فرصت:334
[10449] منابع:9/7 | BTC:$76818.0100 | USDT:233333.000 | ARB:0.1744% | فرصت:334
[10452] منابع:10/7 | BTC:$76818.0000 | USDT:233333.000 | ARB:0.1744% | فرصت:334
[10455] منابع:9/7 | BTC:$76818.0100 | USDT:233333.000 | ARB:0.1744% | فرصت:334
[10458] منابع:9/7 | BTC:$76818.0000 | USDT:233333.000 | ARB:0.1744% | فرصت:334
[10461] منابع:9/7 | BTC:$76818.0100 | USDT:233333.000 | ARB:0.1744% | فرصت:334
[10464] منابع:9/7 | BTC:$76818.0000 | USDT:233333.000 | ARB:0.1744% | فرصت:334
[10467] منابع:9/7 | BTC:$76814.0000 | USDT:233333.000 | ARB:0.1796% | فرصت:334
[10470] منابع:10/7 | BTC:$76804.0000 | USDT:233333.000 | ARB:0.1926% | فرصت:334
[10473] منابع:10/7 | BTC:$76796.0100 | USDT:233333.000 | ARB:0.2031% | فرصت:334
[10476] منابع:7/7 | BTC:$76796.0000 | USDT:— | ARB:0% | فرصت:334
[10479] منابع:9/7 | BTC:$76796.0100 | USDT:233333.000 | ARB:0.2031% | فرصت:334
[10482] منابع:9/7 | BTC:$76802.0100 | USDT:233333.000 | ARB:0.1952% | فرصت:334
[10485] منابع:9/7 | BTC:$76811.2700 | USDT:233333.000 | ARB:0.1832% | فرصت:334
[10488] منابع:10/7 | BTC:$76811.2700 | USDT:233299.000 | ARB:-0.228% | فرصت:334
[10491] منابع:10/7 | BTC:$76811.2600 | USDT:233299.000 | ARB:-0.228% | فرصت:334
[10494] منابع:9/7 | BTC:$76811.2700 | USDT:233299.000 | ARB:-0.228% | فرصت:334
[10497] منابع:9/7 | BTC:$76812.0000 | USDT:233299.000 | ARB:-0.229% | فرصت:334
[10500] منابع:9/7 | BTC:$76818.0100 | USDT:233299.000 | ARB:-0.237% | فرصت:334
[10503] منابع:9/7 | BTC:$76814.8400 | USDT:233299.000 | ARB:-0.233% | فرصت:334
[10506] منابع:10/7 | BTC:$76814.8400 | USDT:233299.000 | ARB:-0.233% | فرصت:334
[10509] منابع:9/7 | BTC:$76818.2400 | USDT:233299.000 | ARB:-0.237% | فرصت:334
[10512] منابع:9/7 | BTC:$76824.6400 | USDT:233299.000 | ARB:-0.246% | فرصت:334
[10515] منابع:9/7 | BTC:$76824.6400 | USDT:233299.000 | ARB:-0.246% | فرصت:334
[10518] منابع:9/7 | BTC:$76824.6300 | USDT:233299.000 | ARB:-0.246% | فرصت:334
[10521] منابع:9/7 | BTC:$76822.5800 | USDT:233299.000 | ARB:-0.243% | فرصت:334
[10524] منابع:10/7 | BTC:$76822.0100 | USDT:233299.000 | ARB:-0.242% | فرصت:334
[10527] منابع:10/7 | BTC:$76818.0000 | USDT:233299.000 | ARB:-0.237% | فرصت:334
[10530] منابع:9/7 | BTC:$76812.0000 | USDT:233299.000 | ARB:-0.229% | فرصت:334
[10533] منابع:9/7 | BTC:$76812.0100 | USDT:233299.000 | ARB:-0.229% | فرصت:334
[10536] منابع:9/7 | BTC:$76810.0100 | USDT:233299.000 | ARB:-0.227% | فرصت:334
[10539] منابع:9/7 | BTC:$76816.0000 | USDT:233299.000 | ARB:-0.234% | فرصت:334
[10542] منابع:10/7 | BTC:$76806.6300 | USDT:233299.000 | ARB:-0.222% | فرصت:334
[10545] منابع:10/7 | BTC:$76799.3200 | USDT:233299.000 | ARB:-0.213% | فرصت:334
[10548] منابع:9/7 | BTC:$76792.8900 | USDT:233299.000 | ARB:-0.204% | فرصت:334
[10551] منابع:9/7 | BTC:$76790.0000 | USDT:233299.000 | ARB:-0.201% | فرصت:334
[10554] منابع:9/7 | BTC:$76790.0000 | USDT:233299.000 | ARB:-0.201% | فرصت:334
[10557] منابع:9/7 | BTC:$76800.0000 | USDT:233299.000 | ARB:-0.214% | فرصت:334
[10560] منابع:9/7 | BTC:$76830.0100 | USDT:233299.000 | ARB:-0.253% | فرصت:334
[10563] منابع:10/7 | BTC:$76828.7700 | USDT:233299.000 | ARB:-0.251% | فرصت:334
[10566] منابع:9/7 | BTC:$76828.0000 | USDT:233299.000 | ARB:-0.250% | فرصت:334
[10569] منابع:9/7 | BTC:$76828.0000 | USDT:233299.000 | ARB:-0.250% | فرصت:334
[10572] منابع:9/7 | BTC:$76834.0100 | USDT:233299.000 | ARB:-0.258% | فرصت:334
[10575] منابع:9/7 | BTC:$76855.6500 | USDT:233299.000 | ARB:-0.286% | فرصت:334
[10578] منابع:9/7 | BTC:$76866.0100 | USDT:233299.000 | ARB:-0.299% | فرصت:334
[10581] منابع:10/7 | BTC:$76876.8000 | USDT:233299.000 | ARB:-0.313% | فرصت:336
[10584] منابع:10/7 | BTC:$76872.0100 | USDT:233009.000 | ARB:-0.235% | فرصت:336
[10587] منابع:9/7 | BTC:$76872.0100 | USDT:233009.000 | ARB:-0.235% | فرصت:336
[10590] منابع:9/7 | BTC:$76857.4400 | USDT:233009.000 | ARB:-0.216% | فرصت:336
[10593] منابع:9/7 | BTC:$76854.7300 | USDT:233009.000 | ARB:-0.213% | فرصت:336
[10596] منابع:9/7 | BTC:$76842.0100 | USDT:233009.000 | ARB:-0.196% | فرصت:336
[10599] منابع:9/7 | BTC:$76856.0100 | USDT:233009.000 | ARB:-0.214% | فرصت:336
[10602] منابع:10/7 | BTC:$76855.8500 | USDT:233009.000 | ARB:-0.214% | فرصت:336
[10605] منابع:7/7 | BTC:$76848.0000 | USDT:— | ARB:0% | فرصت:336
[10608] منابع:9/7 | BTC:$76842.0100 | USDT:233009.000 | ARB:-0.196% | فرصت:336
[10611] منابع:9/7 | BTC:$76842.0100 | USDT:233009.000 | ARB:-0.196% | فرصت:336
[10614] منابع:9/7 | BTC:$76868.0100 | USDT:233009.000 | ARB:-0.230% | فرصت:336
[10617] منابع:9/7 | BTC:$76892.0000 | USDT:233009.000 | ARB:-0.261% | فرصت:336
[10620] منابع:10/7 | BTC:$76880.0100 | USDT:233009.000 | ARB:-0.246% | فرصت:336
[10623] منابع:10/7 | BTC:$76862.0000 | USDT:233009.000 | ARB:-0.222% | فرصت:336
[10626] منابع:9/7 | BTC:$76858.0100 | USDT:233009.000 | ARB:-0.217% | فرصت:336
[10629] منابع:9/7 | BTC:$76860.0100 | USDT:233009.000 | ARB:-0.220% | فرصت:336
[10632] منابع:9/7 | BTC:$76860.0100 | USDT:233009.000 | ARB:-0.220% | فرصت:336
[10635] منابع:9/7 | BTC:$76851.4200 | USDT:233009.000 | ARB:-0.208% | فرصت:336
[10638] منابع:10/7 | BTC:$76846.0000 | USDT:233009.000 | ARB:-0.201% | فرصت:336
[10641] منابع:10/7 | BTC:$76846.0100 | USDT:233009.000 | ARB:-0.201% | فرصت:336
[10644] منابع:9/7 | BTC:$76844.0100 | USDT:233009.000 | ARB:-0.199% | فرصت:336
[10647] منابع:9/7 | BTC:$76837.4700 | USDT:233009.000 | ARB:-0.190% | فرصت:336
[10650] منابع:9/7 | BTC:$76843.3200 | USDT:233009.000 | ARB:-0.198% | فرصت:336
[10653] منابع:9/7 | BTC:$76838.0100 | USDT:233009.000 | ARB:-0.191% | فرصت:336
[10656] منابع:9/7 | BTC:$76846.0100 | USDT:233009.000 | ARB:-0.201% | فرصت:336
[10659] منابع:10/7 | BTC:$76854.0000 | USDT:233009.000 | ARB:-0.212% | فرصت:336
[10662] منابع:9/7 | BTC:$76854.0100 | USDT:233009.000 | ARB:-0.212% | فرصت:336
[10665] منابع:9/7 | BTC:$76854.0000 | USDT:233009.000 | ARB:-0.212% | فرصت:336
[10668] منابع:9/7 | BTC:$76854.0100 | USDT:233009.000 | ARB:-0.212% | فرصت:336
[10671] منابع:9/7 | BTC:$76868.0000 | USDT:233009.000 | ARB:-0.230% | فرصت:336
[10674] منابع:9/7 | BTC:$76893.8800 | USDT:233009.000 | ARB:-0.264% | فرصت:336
[10677] منابع:10/7 | BTC:$76884.0100 | USDT:233009.000 | ARB:-0.251% | فرصت:336
[10680] منابع:10/7 | BTC:$76882.0100 | USDT:232550.000 | ARB:-0.051% | فرصت:336
[10683] منابع:9/7 | BTC:$76882.0100 | USDT:232550.000 | ARB:-0.051% | فرصت:336
[10686] منابع:9/7 | BTC:$76882.0100 | USDT:232550.000 | ARB:-0.051% | فرصت:336
[10689] منابع:9/7 | BTC:$76882.0100 | USDT:232550.000 | ARB:-0.051% | فرصت:336
[10692] منابع:9/7 | BTC:$76914.1400 | USDT:232550.000 | ARB:-0.093% | فرصت:336
[10695] منابع:9/7 | BTC:$76918.0100 | USDT:232550.000 | ARB:-0.098% | فرصت:336
[10698] منابع:7/7 | BTC:$76932.0000 | USDT:— | ARB:0% | فرصت:336
[10701] منابع:10/7 | BTC:$76932.7000 | USDT:232550.000 | ARB:-0.117% | فرصت:336
[10704] منابع:9/7 | BTC:$76988.9100 | USDT:232550.000 | ARB:-0.190% | فرصت:336
[10707] منابع:9/7 | BTC:$77000.0000 | USDT:232550.000 | ARB:-0.204% | فرصت:336
[10710] منابع:9/7 | BTC:$77047.0100 | USDT:232550.000 | ARB:-0.265% | فرصت:336
[10713] منابع:9/7 | BTC:$77033.7000 | USDT:232550.000 | ARB:-0.248% | فرصت:336
[10716] منابع:10/7 | BTC:$77022.0000 | USDT:232550.000 | ARB:-0.233% | فرصت:336
[10719] منابع:10/7 | BTC:$77028.0000 | USDT:232550.000 | ARB:-0.241% | فرصت:336
[10722] منابع:9/7 | BTC:$76998.0100 | USDT:232550.000 | ARB:-0.202% | فرصت:336
[10725] منابع:9/7 | BTC:$76976.3900 | USDT:232550.000 | ARB:-0.174% | فرصت:336
[10728] منابع:9/7 | BTC:$76969.9200 | USDT:232550.000 | ARB:-0.165% | فرصت:336
[10731] منابع:9/7 | BTC:$76960.0100 | USDT:232550.000 | ARB:-0.153% | فرصت:336
[10734] منابع:9/7 | BTC:$76975.9600 | USDT:232550.000 | ARB:-0.173% | فرصت:336
[10737] منابع:10/7 | BTC:$76940.0100 | USDT:232550.000 | ARB:-0.127% | فرصت:336
[10740] منابع:10/7 | BTC:$76940.0100 | USDT:232550.000 | ARB:-0.127% | فرصت:336
[10743] منابع:6/7 | BTC:$76940.0100 | USDT:— | ARB:0% | فرصت:336
[10746] منابع:9/7 | BTC:$76930.3300 | USDT:232550.000 | ARB:-0.114% | فرصت:336
[10749] منابع:7/7 | BTC:$76903.4800 | USDT:— | ARB:0% | فرصت:336
[10752] منابع:9/7 | BTC:$76931.8000 | USDT:232550.000 | ARB:-0.116% | فرصت:336
[10755] منابع:10/7 | BTC:$76916.0000 | USDT:232550.000 | ARB:-0.095% | فرصت:336
[10758] منابع:8/7 | BTC:$76940.0000 | USDT:— | ARB:0% | فرصت:336
[10761] منابع:9/7 | BTC:$76914.1400 | USDT:232550.000 | ARB:-0.093% | فرصت:336
[10764] منابع:9/7 | BTC:$76916.6500 | USDT:232550.000 | ARB:-0.096% | فرصت:336
[10767] منابع:7/7 | BTC:$76910.3000 | USDT:— | ARB:0% | فرصت:336
[10770] منابع:9/7 | BTC:$76921.6700 | USDT:232550.000 | ARB:-0.103% | فرصت:336
[10773] منابع:10/7 | BTC:$76921.6800 | USDT:232550.000 | ARB:-0.103% | فرصت:336
[10776] منابع:8/7 | BTC:$76942.0000 | USDT:— | ARB:0% | فرصت:336
[10779] منابع:7/7 | BTC:$76944.9200 | USDT:— | ARB:0% | فرصت:336
[10782] منابع:9/7 | BTC:$76930.0100 | USDT:232616.000 | ARB:-0.196% | فرصت:336
[10785] منابع:9/7 | BTC:$76943.5700 | USDT:232616.000 | ARB:-0.214% | فرصت:336
[10788] منابع:9/7 | BTC:$76943.5300 | USDT:232616.000 | ARB:-0.213% | فرصت:336
[10791] منابع:9/7 | BTC:$76936.6000 | USDT:232616.000 | ARB:-0.204% | فرصت:336
[10794] منابع:10/7 | BTC:$76920.2500 | USDT:232616.000 | ARB:-0.183% | فرصت:336
[10797] منابع:10/7 | BTC:$76908.1600 | USDT:232616.000 | ARB:-0.168% | فرصت:336
[10800] منابع:9/7 | BTC:$76908.1600 | USDT:232616.000 | ARB:-0.168% | فرصت:336
[10803] منابع:7/7 | BTC:$76908.1600 | USDT:— | ARB:0% | فرصت:336
[10806] منابع:9/7 | BTC:$76904.5000 | USDT:232616.000 | ARB:-0.163% | فرصت:336
[10809] منابع:9/7 | BTC:$76901.3000 | USDT:232616.000 | ARB:-0.159% | فرصت:336
[10812] منابع:9/7 | BTC:$76932.0100 | USDT:232616.000 | ARB:-0.199% | فرصت:336
[10815] منابع:10/7 | BTC:$76932.7700 | USDT:232616.000 | ARB:-0.200% | فرصت:336
[10818] منابع:9/7 | BTC:$76922.0100 | USDT:232616.000 | ARB:-0.186% | فرصت:336
[10821] منابع:9/7 | BTC:$76922.0100 | USDT:232616.000 | ARB:-0.186% | فرصت:336
[10824] منابع:9/7 | BTC:$76922.0100 | USDT:232616.000 | ARB:-0.186% | فرصت:336
[10827] منابع:9/7 | BTC:$76912.0100 | USDT:232616.000 | ARB:-0.173% | فرصت:336
[10830] منابع:7/7 | BTC:$76906.1200 | USDT:— | ARB:0% | فرصت:336
[10833] منابع:10/7 | BTC:$76902.9200 | USDT:232616.000 | ARB:-0.161% | فرصت:336
[10836] منابع:10/7 | BTC:$76895.2700 | USDT:232616.000 | ARB:-0.151% | فرصت:336
[10839] منابع:9/7 | BTC:$76894.0100 | USDT:232616.000 | ARB:-0.149% | فرصت:336
[10842] منابع:9/7 | BTC:$76862.0100 | USDT:232616.000 | ARB:-0.108% | فرصت:336
[10845] منابع:0/7 | BTC:$— | USDT:— | ARB:0% | فرصت:336
[10848] منابع:9/7 | BTC:$76872.3000 | USDT:232616.000 | ARB:-0.121% | فرصت:336
[10851] منابع:10/7 | BTC:$76837.5700 | USDT:232616.000 | ARB:-0.076% | فرصت:336
[10854] منابع:10/7 | BTC:$76846.2400 | USDT:232616.000 | ARB:-0.087% | فرصت:336
[10857] منابع:9/7 | BTC:$76875.9700 | USDT:232616.000 | ARB:-0.126% | فرصت:336
[10860] منابع:9/7 | BTC:$76874.7400 | USDT:232616.000 | ARB:-0.124% | فرصت:336
[10863] منابع:9/7 | BTC:$76868.6000 | USDT:232616.000 | ARB:-0.116% | فرصت:336
[10866] منابع:9/7 | BTC:$76898.0100 | USDT:232616.000 | ARB:-0.154% | فرصت:336
[10869] منابع:10/7 | BTC:$76898.0100 | USDT:232616.000 | ARB:-0.154% | فرصت:336
[10872] منابع:10/7 | BTC:$76898.0000 | USDT:232616.000 | ARB:-0.003% | فرصت:336
[10875] منابع:9/7 | BTC:$76864.8000 | USDT:232616.000 | ARB:0.0399% | فرصت:336
[10878] منابع:9/7 | BTC:$76842.4600 | USDT:232616.000 | ARB:0.0690% | فرصت:336
[10881] منابع:9/7 | BTC:$76854.0100 | USDT:232616.000 | ARB:0.0540% | فرصت:336
[10884] منابع:9/7 | BTC:$76854.0000 | USDT:232616.000 | ARB:0.0540% | فرصت:336
[10887] منابع:9/7 | BTC:$76848.0000 | USDT:232616.000 | ARB:0.0618% | فرصت:336
[10890] منابع:10/7 | BTC:$76826.1300 | USDT:232616.000 | ARB:0.0903% | فرصت:336
[10893] منابع:10/7 | BTC:$76815.8800 | USDT:232616.000 | ARB:0.1036% | فرصت:336
[10896] منابع:9/7 | BTC:$76804.0100 | USDT:232616.000 | ARB:0.1191% | فرصت:336
[10899] منابع:9/7 | BTC:$76780.3300 | USDT:232616.000 | ARB:0.1500% | فرصت:336
[10902] منابع:9/7 | BTC:$76762.3800 | USDT:232616.000 | ARB:0.1734% | فرصت:336
[10905] منابع:9/7 | BTC:$76758.9700 | USDT:232616.000 | ARB:0.1778% | فرصت:336
[10908] منابع:9/7 | BTC:$76743.8300 | USDT:232616.000 | ARB:0.1976% | فرصت:336
[10911] منابع:10/7 | BTC:$76753.2300 | USDT:232616.000 | ARB:0.1853% | فرصت:336
[10914] منابع:10/7 | BTC:$76715.0000 | USDT:232616.000 | ARB:0.2353% | فرصت:336
[10917] منابع:9/7 | BTC:$76698.0000 | USDT:232616.000 | ARB:0.2575% | فرصت:336
[10920] منابع:9/7 | BTC:$76704.6600 | USDT:232616.000 | ARB:0.2488% | فرصت:336
[10923] منابع:9/7 | BTC:$76740.0100 | USDT:232616.000 | ARB:0.2026% | فرصت:336
[10926] منابع:9/7 | BTC:$76740.0000 | USDT:232616.000 | ARB:0.2026% | فرصت:336
[10929] منابع:10/7 | BTC:$76752.7800 | USDT:232616.000 | ARB:0.1859% | فرصت:336
[10932] منابع:9/7 | BTC:$76742.0500 | USDT:232616.000 | ARB:0.1999% | فرصت:336
[10935] منابع:9/7 | BTC:$76750.0100 | USDT:232616.000 | ARB:0.1895% | فرصت:336
[10938] منابع:9/7 | BTC:$76748.7700 | USDT:232616.000 | ARB:0.1912% | فرصت:336
[10941] منابع:9/7 | BTC:$76748.7700 | USDT:232616.000 | ARB:0.1912% | فرصت:336
[10944] منابع:9/7 | BTC:$76748.7700 | USDT:232616.000 | ARB:0.1912% | فرصت:336
[10947] منابع:9/7 | BTC:$76720.8200 | USDT:232616.000 | ARB:0.2277% | فرصت:336
[10950] منابع:10/7 | BTC:$76710.0100 | USDT:232616.000 | ARB:0.2418% | فرصت:336
[10953] منابع:9/7 | BTC:$76684.0100 | USDT:232616.000 | ARB:0.2758% | فرصت:336
[10956] منابع:9/7 | BTC:$76648.0100 | USDT:232616.000 | ARB:0.3229% | فرصت:337
[10959] منابع:9/7 | BTC:$76628.0100 | USDT:232616.000 | ARB:0.3491% | فرصت:340
[10962] منابع:9/7 | BTC:$76616.8100 | USDT:232616.000 | ARB:0.3637% | فرصت:343
[10965] منابع:9/7 | BTC:$76608.3600 | USDT:232616.000 | ARB:0.3748% | فرصت:346
[10968] منابع:10/7 | BTC:$76612.6200 | USDT:232616.000 | ARB:0.3692% | فرصت:347
[10971] منابع:10/7 | BTC:$76602.0000 | USDT:232598.000 | ARB:0.2386% | فرصت:347
[10974] منابع:9/7 | BTC:$76610.0000 | USDT:232598.000 | ARB:0.2282% | فرصت:347
[10977] منابع:9/7 | BTC:$76591.4200 | USDT:232598.000 | ARB:0.2525% | فرصت:347
[10980] منابع:9/7 | BTC:$76579.6900 | USDT:232598.000 | ARB:0.2678% | فرصت:347
[10983] منابع:9/7 | BTC:$76572.0000 | USDT:232598.000 | ARB:0.2779% | فرصت:347
[10986] منابع:10/7 | BTC:$76536.0100 | USDT:232598.000 | ARB:0.3251% | فرصت:349
[10989] منابع:10/7 | BTC:$76534.0100 | USDT:232598.000 | ARB:0.3277% | فرصت:352
[10992] منابع:9/7 | BTC:$76544.5600 | USDT:232598.000 | ARB:0.3139% | فرصت:355
[10995] منابع:9/7 | BTC:$76502.9100 | USDT:232598.000 | ARB:0.3685% | فرصت:358
[10998] منابع:9/7 | BTC:$76396.3400 | USDT:232598.000 | ARB:0.5085% | فرصت:361
[11001] منابع:9/7 | BTC:$76432.7200 | USDT:232598.000 | ARB:0.4606% | فرصت:363
[11004] منابع:9/7 | BTC:$76435.1200 | USDT:232598.000 | ARB:0.4575% | فرصت:366
[11007] منابع:10/7 | BTC:$76472.1900 | USDT:232598.000 | ARB:0.4088% | فرصت:369
[11010] منابع:10/7 | BTC:$76481.5400 | USDT:232598.000 | ARB:0.3965% | فرصت:372
[11013] منابع:7/7 | BTC:$76500.0300 | USDT:— | ARB:0% | فرصت:374
[11016] منابع:9/7 | BTC:$76549.6700 | USDT:232598.000 | ARB:0.3072% | فرصت:376
[11019] منابع:7/7 | BTC:$76584.0100 | USDT:— | ARB:0% | فرصت:376
[11022] منابع:9/7 | BTC:$76582.0100 | USDT:232598.000 | ARB:0.2648% | فرصت:376
[11025] منابع:9/7 | BTC:$76592.0100 | USDT:232598.000 | ARB:0.2517% | فرصت:376
[11028] منابع:10/7 | BTC:$76594.0000 | USDT:232598.000 | ARB:0.2491% | فرصت:376
[11031] منابع:9/7 | BTC:$76601.2500 | USDT:232598.000 | ARB:0.2396% | فرصت:376
[11034] منابع:9/7 | BTC:$76616.0100 | USDT:232598.000 | ARB:0.2203% | فرصت:376
[11037] منابع:8/7 | BTC:$76602.0000 | USDT:232598.000 | ARB:0.2386% | فرصت:376
[11040] منابع:7/7 | BTC:$76670.0000 | USDT:— | ARB:0% | فرصت:376
[11043] منابع:9/7 | BTC:$76659.1800 | USDT:232598.000 | ARB:0.1639% | فرصت:376
[11046] منابع:10/7 | BTC:$76696.9900 | USDT:232598.000 | ARB:0.1145% | فرصت:376
[11049] منابع:10/7 | BTC:$76728.0100 | USDT:232598.000 | ARB:0.0740% | فرصت:376
[11052] منابع:9/7 | BTC:$76716.0100 | USDT:232598.000 | ARB:0.0897% | فرصت:376
[11055] منابع:9/7 | BTC:$76731.7700 | USDT:232598.000 | ARB:0.0691% | فرصت:376
[11058] منابع:6/7 | BTC:$76740.2600 | USDT:— | ARB:0% | فرصت:376
[11061] منابع:7/7 | BTC:$76748.4200 | USDT:— | ARB:0% | فرصت:376
[11064] منابع:10/7 | BTC:$76814.0200 | USDT:232598.000 | ARB:-0.037% | فرصت:376
[11067] منابع:10/7 | BTC:$76768.0100 | USDT:232698.000 | ARB:-0.244% | فرصت:376
[11070] منابع:9/7 | BTC:$76756.2500 | USDT:232698.000 | ARB:-0.229% | فرصت:376
[11073] منابع:9/7 | BTC:$76741.3400 | USDT:232698.000 | ARB:-0.210% | فرصت:376
[11076] منابع:9/7 | BTC:$76697.9700 | USDT:232698.000 | ARB:-0.153% | فرصت:376
[11079] منابع:9/7 | BTC:$76695.9900 | USDT:232698.000 | ARB:-0.151% | فرصت:376
[11082] منابع:7/7 | BTC:$76700.6100 | USDT:— | ARB:0% | فرصت:376
[11085] منابع:8/7 | BTC:$76672.0100 | USDT:— | ARB:0% | فرصت:376
[11088] منابع:10/7 | BTC:$76706.0000 | USDT:232698.000 | ARB:-0.164% | فرصت:376
[11091] منابع:9/7 | BTC:$76720.0000 | USDT:232698.000 | ARB:-0.182% | فرصت:376
[11094] منابع:9/7 | BTC:$76702.5400 | USDT:232698.000 | ARB:-0.159% | فرصت:376
[11097] منابع:7/7 | BTC:$76718.0000 | USDT:— | ARB:0% | فرصت:376
[11100] منابع:9/7 | BTC:$76762.0000 | USDT:232698.000 | ARB:-0.237% | فرصت:376
[11103] منابع:9/7 | BTC:$76747.8800 | USDT:232698.000 | ARB:-0.218% | فرصت:376
[11106] منابع:10/7 | BTC:$76742.0100 | USDT:232698.000 | ARB:-0.211% | فرصت:376
[11109] منابع:8/7 | BTC:$76734.0100 | USDT:232698.000 | ARB:-0.200% | فرصت:376
[11112] منابع:9/7 | BTC:$76703.9300 | USDT:232698.000 | ARB:-0.161% | فرصت:376
[11115] منابع:9/7 | BTC:$76726.0100 | USDT:232698.000 | ARB:-0.190% | فرصت:376
[11118] منابع:9/7 | BTC:$76749.6700 | USDT:232698.000 | ARB:-0.221% | فرصت:376
[11121] منابع:9/7 | BTC:$76766.0100 | USDT:232698.000 | ARB:-0.242% | فرصت:376
[11124] منابع:10/7 | BTC:$76780.0000 | USDT:232698.000 | ARB:-0.260% | فرصت:376
[11127] منابع:8/7 | BTC:$76749.6700 | USDT:— | ARB:0% | فرصت:376
[11130] منابع:7/7 | BTC:$76770.0100 | USDT:— | ARB:0% | فرصت:376
[11133] منابع:9/7 | BTC:$76784.6600 | USDT:232698.000 | ARB:-0.266% | فرصت:376
[11136] منابع:7/7 | BTC:$76790.7800 | USDT:— | ARB:0% | فرصت:376
[11139] منابع:9/7 | BTC:$76764.0000 | USDT:232698.000 | ARB:-0.239% | فرصت:376
[11142] منابع:7/7 | BTC:$76744.2200 | USDT:— | ARB:0% | فرصت:376
[11145] منابع:10/7 | BTC:$76713.9000 | USDT:232698.000 | ARB:-0.174% | فرصت:376
[11148] منابع:9/7 | BTC:$76724.2700 | USDT:232698.000 | ARB:-0.188% | فرصت:376
[11151] منابع:7/7 | BTC:$76730.4700 | USDT:— | ARB:0% | فرصت:376
[11154] منابع:9/7 | BTC:$76738.0000 | USDT:232698.000 | ARB:-0.205% | فرصت:376
[11157] منابع:7/7 | BTC:$76757.3600 | USDT:— | ARB:0% | فرصت:376
[11160] منابع:9/7 | BTC:$76762.7800 | USDT:232698.000 | ARB:-0.238% | فرصت:376
[11163] منابع:10/7 | BTC:$76774.0000 | USDT:232698.000 | ARB:-0.252% | فرصت:376
[11166] منابع:10/7 | BTC:$76784.0100 | USDT:232500.000 | ARB:-0.068% | فرصت:376
[11169] منابع:9/7 | BTC:$76788.0100 | USDT:232500.000 | ARB:-0.074% | فرصت:376
[11172] منابع:9/7 | BTC:$76793.6400 | USDT:232500.000 | ARB:-0.081% | فرصت:376
[11175] منابع:9/7 | BTC:$76802.0100 | USDT:232500.000 | ARB:-0.092% | فرصت:376
[11178] منابع:9/7 | BTC:$76810.4100 | USDT:232500.000 | ARB:-0.103% | فرصت:376
[11181] منابع:9/7 | BTC:$76810.4100 | USDT:232500.000 | ARB:-0.103% | فرصت:376
[11184] منابع:10/7 | BTC:$76810.4100 | USDT:232500.000 | ARB:-0.103% | فرصت:376
[11187] منابع:10/7 | BTC:$76810.4200 | USDT:232500.000 | ARB:-0.103% | فرصت:376
[11190] منابع:9/7 | BTC:$76802.7800 | USDT:232500.000 | ARB:-0.093% | فرصت:376
[11193] منابع:9/7 | BTC:$76765.0000 | USDT:232500.000 | ARB:-0.044% | فرصت:376
[11196] منابع:9/7 | BTC:$76769.0100 | USDT:232500.000 | ARB:-0.049% | فرصت:376
[11199] منابع:9/7 | BTC:$76784.0000 | USDT:232500.000 | ARB:-0.068% | فرصت:376
[11202] منابع:10/7 | BTC:$76784.0000 | USDT:232500.000 | ARB:-0.068% | فرصت:376
[11205] منابع:10/7 | BTC:$76783.2800 | USDT:232500.000 | ARB:-0.067% | فرصت:376
[11208] منابع:9/7 | BTC:$76770.4000 | USDT:232500.000 | ARB:-0.051% | فرصت:376
[11211] منابع:7/7 | BTC:$76770.3900 | USDT:— | ARB:0% | فرصت:376
[11214] منابع:9/7 | BTC:$76767.4600 | USDT:232500.000 | ARB:-0.047% | فرصت:376
[11217] منابع:7/7 | BTC:$76794.0200 | USDT:— | ARB:0% | فرصت:376
[11220] منابع:9/7 | BTC:$76794.0000 | USDT:232500.000 | ARB:-0.081% | فرصت:376
[11223] منابع:10/7 | BTC:$76791.5500 | USDT:232500.000 | ARB:-0.078% | فرصت:376
[11226] منابع:10/7 | BTC:$76808.0100 | USDT:232500.000 | ARB:-0.100% | فرصت:376
[11229] منابع:9/7 | BTC:$76860.0100 | USDT:232500.000 | ARB:-0.167% | فرصت:376
[11232] منابع:9/7 | BTC:$76884.7300 | USDT:232500.000 | ARB:-0.199% | فرصت:376
[11235] منابع:9/7 | BTC:$76848.0000 | USDT:232500.000 | ARB:-0.152% | فرصت:376
[11238] منابع:9/7 | BTC:$76819.7100 | USDT:232500.000 | ARB:-0.115% | فرصت:376
[11241] منابع:10/7 | BTC:$76842.0100 | USDT:232500.000 | ARB:-0.144% | فرصت:376
[11244] منابع:10/7 | BTC:$76850.0100 | USDT:232500.000 | ARB:-0.154% | فرصت:376
[11247] منابع:9/7 | BTC:$76863.6200 | USDT:232500.000 | ARB:-0.172% | فرصت:376
[11250] منابع:9/7 | BTC:$76850.7300 | USDT:232500.000 | ARB:-0.155% | فرصت:376
[11253] منابع:9/7 | BTC:$76838.3700 | USDT:232500.000 | ARB:-0.139% | فرصت:376
[11256] منابع:7/7 | BTC:$76839.2400 | USDT:— | ARB:0% | فرصت:376
[11259] منابع:10/7 | BTC:$76836.0100 | USDT:232500.000 | ARB:-0.136% | فرصت:376
[11262] منابع:8/7 | BTC:$76836.0000 | USDT:— | ARB:0% | فرصت:376
[11265] منابع:9/7 | BTC:$76847.6700 | USDT:232501.000 | ARB:-0.152% | فرصت:376
[11268] منابع:9/7 | BTC:$76842.7200 | USDT:232501.000 | ARB:-0.145% | فرصت:376
[11271] منابع:6/7 | BTC:$76842.0000 | USDT:— | ARB:0% | فرصت:376
[11274] منابع:9/7 | BTC:$76828.4900 | USDT:232501.000 | ARB:-0.127% | فرصت:376
[11277] منابع:9/7 | BTC:$76826.6300 | USDT:232501.000 | ARB:-0.124% | فرصت:376
[11280] منابع:10/7 | BTC:$76814.3900 | USDT:232501.000 | ARB:-0.108% | فرصت:376
[11283] منابع:10/7 | BTC:$76824.0100 | USDT:232501.000 | ARB:-0.121% | فرصت:376
[11286] منابع:9/7 | BTC:$76820.0000 | USDT:232501.000 | ARB:-0.116% | فرصت:376
[11289] منابع:9/7 | BTC:$76761.2800 | USDT:232501.000 | ARB:-0.039% | فرصت:376
[11292] منابع:9/7 | BTC:$76761.2700 | USDT:232501.000 | ARB:-0.039% | فرصت:376
[11295] منابع:9/7 | BTC:$76761.2800 | USDT:232501.000 | ARB:-0.039% | فرصت:376
[11298] منابع:10/7 | BTC:$76793.9800 | USDT:232501.000 | ARB:-0.082% | فرصت:376
[11301] منابع:10/7 | BTC:$76784.0100 | USDT:232501.000 | ARB:-0.069% | فرصت:376
[11304] منابع:7/7 | BTC:$76799.1700 | USDT:— | ARB:0% | فرصت:376
[11307] منابع:9/7 | BTC:$76791.7800 | USDT:232501.000 | ARB:-0.079% | فرصت:376
[11310] منابع:9/7 | BTC:$76788.0000 | USDT:232501.000 | ARB:-0.074% | فرصت:376
[11313] منابع:9/7 | BTC:$76779.8900 | USDT:232501.000 | ARB:-0.063% | فرصت:376
[11316] منابع:10/7 | BTC:$76764.9800 | USDT:232501.000 | ARB:-0.044% | فرصت:376
[11319] منابع:10/7 | BTC:$76780.0100 | USDT:232501.000 | ARB:-0.064% | فرصت:376
[11322] منابع:9/7 | BTC:$76782.7800 | USDT:232501.000 | ARB:-0.067% | فرصت:376
[11325] منابع:9/7 | BTC:$76784.0100 | USDT:232501.000 | ARB:-0.069% | فرصت:376
[11328] منابع:9/7 | BTC:$76768.4600 | USDT:232501.000 | ARB:-0.048% | فرصت:376
[11331] منابع:9/7 | BTC:$76768.4400 | USDT:232501.000 | ARB:-0.048% | فرصت:376
[11334] منابع:9/7 | BTC:$76779.4700 | USDT:232501.000 | ARB:-0.063% | فرصت:376
[11337] منابع:10/7 | BTC:$76779.4700 | USDT:232501.000 | ARB:-0.063% | فرصت:376
[11340] منابع:9/7 | BTC:$76781.2400 | USDT:232501.000 | ARB:-0.065% | فرصت:376
[11343] منابع:9/7 | BTC:$76786.0100 | USDT:232501.000 | ARB:-0.071% | فرصت:376
[11346] منابع:9/7 | BTC:$76794.0100 | USDT:232501.000 | ARB:-0.082% | فرصت:376
[11349] منابع:9/7 | BTC:$76797.6500 | USDT:232501.000 | ARB:-0.086% | فرصت:376
[11352] منابع:9/7 | BTC:$76828.0000 | USDT:232501.000 | ARB:-0.126% | فرصت:376
[11355] منابع:10/7 | BTC:$76822.0100 | USDT:232501.000 | ARB:-0.118% | فرصت:376
[11358] منابع:9/7 | BTC:$76822.0100 | USDT:232501.000 | ARB:-0.118% | فرصت:376
[11361] منابع:9/7 | BTC:$76822.0000 | USDT:232657.000 | ARB:-0.185% | فرصت:376
[11364] منابع:9/7 | BTC:$76832.0000 | USDT:232657.000 | ARB:-0.198% | فرصت:376
[11367] منابع:9/7 | BTC:$76835.0100 | USDT:232657.000 | ARB:-0.202% | فرصت:376
[11370] منابع:9/7 | BTC:$76832.0100 | USDT:232657.000 | ARB:-0.198% | فرصت:376
[11373] منابع:10/7 | BTC:$76832.0100 | USDT:232657.000 | ARB:-0.198% | فرصت:376
[11376] منابع:10/7 | BTC:$76841.0400 | USDT:232657.000 | ARB:-0.210% | فرصت:376
[11379] منابع:9/7 | BTC:$76841.0500 | USDT:232657.000 | ARB:-0.210% | فرصت:376
[11382] منابع:9/7 | BTC:$76829.0000 | USDT:232657.000 | ARB:-0.194% | فرصت:376
[11385] منابع:9/7 | BTC:$76826.6800 | USDT:232657.000 | ARB:-0.191% | فرصت:376
[11388] منابع:9/7 | BTC:$76820.0000 | USDT:232657.000 | ARB:-0.183% | فرصت:376
[11391] منابع:10/7 | BTC:$76820.0000 | USDT:232657.000 | ARB:-0.183% | فرصت:376
[11394] منابع:10/7 | BTC:$76816.3500 | USDT:232657.000 | ARB:-0.178% | فرصت:376
[11397] منابع:9/7 | BTC:$76832.5400 | USDT:232657.000 | ARB:-0.199% | فرصت:376
[11400] منابع:9/7 | BTC:$76843.1400 | USDT:232657.000 | ARB:-0.213% | فرصت:376
[11403] منابع:9/7 | BTC:$76845.0100 | USDT:232657.000 | ARB:-0.215% | فرصت:376
[11406] منابع:9/7 | BTC:$76845.0100 | USDT:232657.000 | ARB:-0.215% | فرصت:376
[11409] منابع:9/7 | BTC:$76827.4300 | USDT:232657.000 | ARB:-0.192% | فرصت:376
[11412] منابع:10/7 | BTC:$76827.4400 | USDT:232657.000 | ARB:-0.192% | فرصت:376
[11415] منابع:9/7 | BTC:$76826.9900 | USDT:232657.000 | ARB:-0.192% | فرصت:376
[11418] منابع:9/7 | BTC:$76816.1200 | USDT:232657.000 | ARB:-0.177% | فرصت:376
[11421] منابع:9/7 | BTC:$76806.6700 | USDT:232657.000 | ARB:-0.165% | فرصت:376
[11424] منابع:9/7 | BTC:$76808.0100 | USDT:232657.000 | ARB:-0.167% | فرصت:376
[11427] منابع:9/7 | BTC:$76808.0100 | USDT:232657.000 | ARB:-0.167% | فرصت:376
[11430] منابع:10/7 | BTC:$76772.8600 | USDT:232657.000 | ARB:-0.121% | فرصت:376
[11433] منابع:10/7 | BTC:$76804.0100 | USDT:232657.000 | ARB:-0.162% | فرصت:376
[11436] منابع:9/7 | BTC:$76808.0100 | USDT:232657.000 | ARB:-0.167% | فرصت:376
[11439] منابع:9/7 | BTC:$76828.0100 | USDT:232657.000 | ARB:-0.193% | فرصت:376
[11442] منابع:9/7 | BTC:$76828.0100 | USDT:232657.000 | ARB:-0.193% | فرصت:376
[11445] منابع:6/7 | BTC:$76830.0100 | USDT:— | ARB:0% | فرصت:376
[11448] منابع:10/7 | BTC:$76818.5800 | USDT:232657.000 | ARB:-0.181% | فرصت:376
[11451] منابع:10/7 | BTC:$76808.0100 | USDT:232657.000 | ARB:-0.167% | فرصت:376
[11454] منابع:9/7 | BTC:$76820.0100 | USDT:232657.000 | ARB:-0.183% | فرصت:376
[11457] منابع:9/7 | BTC:$76828.0100 | USDT:232814.000 | ARB:-0.260% | فرصت:376
[11460] منابع:9/7 | BTC:$76825.3600 | USDT:232814.000 | ARB:-0.256% | فرصت:376
[11463] منابع:9/7 | BTC:$76825.3600 | USDT:232814.000 | ARB:-0.256% | فرصت:376
[11466] منابع:10/7 | BTC:$76830.5400 | USDT:232814.000 | ARB:-0.263% | فرصت:376
[11469] منابع:10/7 | BTC:$76834.0100 | USDT:232814.000 | ARB:-0.267% | فرصت:376
[11472] منابع:9/7 | BTC:$76834.9900 | USDT:232814.000 | ARB:-0.269% | فرصت:376
[11475] منابع:9/7 | BTC:$76835.0000 | USDT:232814.000 | ARB:-0.269% | فرصت:376
[11478] منابع:9/7 | BTC:$76835.7900 | USDT:232814.000 | ARB:-0.270% | فرصت:376
[11481] منابع:9/7 | BTC:$76800.0000 | USDT:232814.000 | ARB:-0.223% | فرصت:376
[11484] منابع:9/7 | BTC:$76808.0000 | USDT:232814.000 | ARB:-0.234% | فرصت:376
[11487] منابع:10/7 | BTC:$76808.0100 | USDT:232814.000 | ARB:-0.234% | فرصت:376
[11490] منابع:10/7 | BTC:$76818.9400 | USDT:232814.000 | ARB:-0.248% | فرصت:376
[11493] منابع:9/7 | BTC:$76814.0000 | USDT:232814.000 | ARB:-0.241% | فرصت:376
[11496] منابع:9/7 | BTC:$76792.6700 | USDT:232814.000 | ARB:-0.214% | فرصت:376
[11499] منابع:9/7 | BTC:$76792.6700 | USDT:232814.000 | ARB:-0.214% | فرصت:376
[11502] منابع:9/7 | BTC:$76785.5100 | USDT:232814.000 | ARB:-0.204% | فرصت:376
[11505] منابع:10/7 | BTC:$76771.2300 | USDT:232814.000 | ARB:-0.186% | فرصت:376
[11508] منابع:10/7 | BTC:$76772.0100 | USDT:232814.000 | ARB:-0.187% | فرصت:376
[11511] منابع:9/7 | BTC:$76780.0100 | USDT:232814.000 | ARB:-0.197% | فرصت:376
[11514] منابع:9/7 | BTC:$76757.0500 | USDT:232814.000 | ARB:-0.167% | فرصت:376
[11517] منابع:9/7 | BTC:$76722.6700 | USDT:232814.000 | ARB:-0.123% | فرصت:376
[11520] منابع:9/7 | BTC:$76758.0100 | USDT:232814.000 | ARB:-0.169% | فرصت:376
[11523] منابع:9/7 | BTC:$76733.9900 | USDT:232814.000 | ARB:-0.137% | فرصت:376
[11526] منابع:10/7 | BTC:$76709.9700 | USDT:232814.000 | ARB:-0.106% | فرصت:376
[11529] منابع:8/7 | BTC:$76712.0100 | USDT:232814.000 | ARB:-0.109% | فرصت:376
[11532] منابع:9/7 | BTC:$76740.9200 | USDT:232814.000 | ARB:-0.146% | فرصت:376
[11535] منابع:9/7 | BTC:$76736.0300 | USDT:232814.000 | ARB:-0.140% | فرصت:376
[11538] منابع:9/7 | BTC:$76734.3400 | USDT:232814.000 | ARB:-0.138% | فرصت:376
[11541] منابع:9/7 | BTC:$76734.3500 | USDT:232814.000 | ARB:-0.138% | فرصت:376
[11544] منابع:10/7 | BTC:$76734.3400 | USDT:232814.000 | ARB:-0.138% | فرصت:376
[11547] منابع:9/7 | BTC:$76720.5200 | USDT:232501.000 | ARB:0.4273% | فرصت:377
[11550] منابع:9/7 | BTC:$76734.3400 | USDT:232501.000 | ARB:0.4092% | فرصت:378
[11553] منابع:9/7 | BTC:$76757.9900 | USDT:232501.000 | ARB:0.3783% | فرصت:381
[11556] منابع:9/7 | BTC:$76805.3000 | USDT:232501.000 | ARB:0.3164% | فرصت:384
[11559] منابع:10/7 | BTC:$76831.0000 | USDT:232501.000 | ARB:0.2829% | فرصت:384
[11562] منابع:10/7 | BTC:$76832.0000 | USDT:232501.000 | ARB:0.2816% | فرصت:384
[11565] منابع:9/7 | BTC:$76846.8100 | USDT:232501.000 | ARB:0.2622% | فرصت:384
[11568] منابع:9/7 | BTC:$76874.0100 | USDT:232501.000 | ARB:0.2268% | فرصت:384
[11571] منابع:9/7 | BTC:$76878.0100 | USDT:232501.000 | ARB:0.2216% | فرصت:384
[11574] منابع:9/7 | BTC:$76865.9900 | USDT:232501.000 | ARB:0.2372% | فرصت:384
[11577] منابع:10/7 | BTC:$76834.0100 | USDT:232501.000 | ARB:0.2789% | فرصت:384
[11580] منابع:10/7 | BTC:$76843.7100 | USDT:232501.000 | ARB:0.2663% | فرصت:384
[11583] منابع:9/7 | BTC:$76860.5000 | USDT:232501.000 | ARB:0.2444% | فرصت:384
[11586] منابع:9/7 | BTC:$76858.0100 | USDT:232501.000 | ARB:0.2476% | فرصت:384
[11589] منابع:9/7 | BTC:$76822.0000 | USDT:232501.000 | ARB:0.2946% | فرصت:384
[11592] منابع:9/7 | BTC:$76802.0000 | USDT:232501.000 | ARB:0.3207% | فرصت:387
[11595] منابع:10/7 | BTC:$76786.5800 | USDT:232501.000 | ARB:0.3409% | فرصت:390
[11598] منابع:10/7 | BTC:$76774.0100 | USDT:232501.000 | ARB:0.3573% | فرصت:393
[11601] منابع:9/7 | BTC:$76768.0100 | USDT:232501.000 | ARB:0.3652% | فرصت:395
[11604] منابع:9/7 | BTC:$76762.0100 | USDT:232501.000 | ARB:0.3730% | فرصت:397
[11607] منابع:9/7 | BTC:$76762.0300 | USDT:232501.000 | ARB:0.3730% | فرصت:400
[11610] منابع:9/7 | BTC:$76752.0000 | USDT:232501.000 | ARB:0.3861% | فرصت:403
[11613] منابع:10/7 | BTC:$76755.7000 | USDT:232501.000 | ARB:0.3813% | فرصت:406
[11616] منابع:10/7 | BTC:$76755.7000 | USDT:232501.000 | ARB:0.3813% | فرصت:409
[11619] منابع:9/7 | BTC:$76768.0000 | USDT:232501.000 | ARB:0.3652% | فرصت:412
[11622] منابع:9/7 | BTC:$76758.0000 | USDT:232501.000 | ARB:0.3782% | فرصت:415
[11625] منابع:7/7 | BTC:$76724.0100 | USDT:— | ARB:0% | فرصت:417
[11628] منابع:9/7 | BTC:$76730.2700 | USDT:232501.000 | ARB:0.4145% | فرصت:420
[11631] منابع:8/7 | BTC:$76730.2700 | USDT:— | ARB:0% | فرصت:422
[11634] منابع:8/7 | BTC:$76724.0100 | USDT:— | ARB:0% | فرصت:423
[11637] منابع:9/7 | BTC:$76724.0100 | USDT:232650.000 | ARB:0.3584% | فرصت:426
[11640] منابع:7/7 | BTC:$76710.3400 | USDT:— | ARB:0% | فرصت:428
[11643] منابع:9/7 | BTC:$76682.9600 | USDT:232650.000 | ARB:0.4121% | فرصت:429
[11646] منابع:9/7 | BTC:$76674.0000 | USDT:232650.000 | ARB:0.4239% | فرصت:432
[11649] منابع:10/7 | BTC:$76670.0100 | USDT:232650.000 | ARB:0.4291% | فرصت:433
[11652] منابع:10/7 | BTC:$76654.0200 | USDT:232650.000 | ARB:0.4500% | فرصت:435
[11655] منابع:9/7 | BTC:$76678.0000 | USDT:232650.000 | ARB:0.4186% | فرصت:438
[11658] منابع:9/7 | BTC:$76684.0100 | USDT:232650.000 | ARB:0.4108% | فرصت:441
[11661] منابع:9/7 | BTC:$76694.0100 | USDT:232650.000 | ARB:0.3977% | فرصت:443
[11664] منابع:9/7 | BTC:$76695.8500 | USDT:232650.000 | ARB:0.3953% | فرصت:446
[11667] منابع:10/7 | BTC:$76695.8400 | USDT:232650.000 | ARB:0.3953% | فرصت:449
[11670] منابع:10/7 | BTC:$76718.8000 | USDT:232650.000 | ARB:0.3652% | فرصت:452
[11673] منابع:9/7 | BTC:$76744.0100 | USDT:232650.000 | ARB:0.3322% | فرصت:454
[11676] منابع:9/7 | BTC:$76750.0000 | USDT:232650.000 | ARB:0.3244% | فرصت:457
[11679] منابع:7/7 | BTC:$76729.2800 | USDT:— | ARB:0% | فرصت:459
[11682] منابع:9/7 | BTC:$76718.0000 | USDT:232650.000 | ARB:0.3663% | فرصت:462
[11685] منابع:6/7 | BTC:$76706.2100 | USDT:— | ARB:0% | فرصت:464
[11688] منابع:10/7 | BTC:$76706.0100 | USDT:232650.000 | ARB:0.3820% | فرصت:465
[11691] منابع:10/7 | BTC:$76716.0100 | USDT:232650.000 | ARB:0.3689% | فرصت:467
[11694] منابع:9/7 | BTC:$76714.0000 | USDT:232650.000 | ARB:0.3715% | فرصت:470
[11697] منابع:9/7 | BTC:$76710.3100 | USDT:232650.000 | ARB:0.3763% | فرصت:473
[11700] منابع:9/7 | BTC:$76712.0100 | USDT:232650.000 | ARB:0.3741% | فرصت:475
[11703] منابع:9/7 | BTC:$76712.7500 | USDT:232650.000 | ARB:0.3731% | فرصت:477
[11706] منابع:9/7 | BTC:$76712.7500 | USDT:232650.000 | ARB:0.3731% | فرصت:480
[11709] منابع:10/7 | BTC:$76706.0100 | USDT:232650.000 | ARB:0.3820% | فرصت:482
[11712] منابع:9/7 | BTC:$76698.0000 | USDT:232650.000 | ARB:0.3924% | فرصت:485
[11715] منابع:9/7 | BTC:$76706.0000 | USDT:232650.000 | ARB:0.3820% | فرصت:488
[11718] منابع:9/7 | BTC:$76710.3700 | USDT:232650.000 | ARB:0.3762% | فرصت:491
[11721] منابع:9/7 | BTC:$76710.3800 | USDT:232650.000 | ARB:0.3762% | فرصت:494
[11724] منابع:9/7 | BTC:$76720.4400 | USDT:232650.000 | ARB:0.3631% | فرصت:497
[11727] منابع:10/7 | BTC:$76748.0000 | USDT:232650.000 | ARB:0.3270% | فرصت:499
[11730] منابع:10/7 | BTC:$76772.0100 | USDT:232598.000 | ARB:-0.095% | فرصت:499
[11733] منابع:9/7 | BTC:$76792.1000 | USDT:232598.000 | ARB:-0.121% | فرصت:499
[11736] منابع:9/7 | BTC:$76778.6800 | USDT:232598.000 | ARB:-0.103% | فرصت:499
[11739] منابع:9/7 | BTC:$76776.0000 | USDT:232598.000 | ARB:-0.100% | فرصت:499
[11742] منابع:9/7 | BTC:$76776.0100 | USDT:232598.000 | ARB:-0.100% | فرصت:499
[11745] منابع:10/7 | BTC:$76778.0100 | USDT:232598.000 | ARB:-0.103% | فرصت:499
[11748] منابع:8/7 | BTC:$76780.0100 | USDT:— | ARB:0% | فرصت:499
[11751] منابع:9/7 | BTC:$76790.0000 | USDT:232598.000 | ARB:-0.118% | فرصت:499
[11754] منابع:9/7 | BTC:$76782.0100 | USDT:232598.000 | ARB:-0.108% | فرصت:499
[11757] منابع:9/7 | BTC:$76778.0100 | USDT:232598.000 | ARB:-0.103% | فرصت:499
[11760] منابع:0/7 | BTC:$— | USDT:— | ARB:0% | فرصت:499
[11763] منابع:10/7 | BTC:$76784.0100 | USDT:232598.000 | ARB:-0.110% | فرصت:499
[11766] منابع:10/7 | BTC:$76784.0000 | USDT:232598.000 | ARB:-0.110% | فرصت:499
[11769] منابع:8/7 | BTC:$76790.0100 | USDT:232598.000 | ARB:-0.118% | فرصت:499
[11772] منابع:9/7 | BTC:$76822.0100 | USDT:232598.000 | ARB:-0.160% | فرصت:499
[11775] منابع:9/7 | BTC:$76822.0100 | USDT:232598.000 | ARB:-0.160% | فرصت:499
[11778] منابع:9/7 | BTC:$76832.9400 | USDT:232598.000 | ARB:-0.174% | فرصت:499
[11781] منابع:10/7 | BTC:$76832.9400 | USDT:232598.000 | ARB:-0.174% | فرصت:499
[11784] منابع:10/7 | BTC:$76844.0100 | USDT:232598.000 | ARB:-0.188% | فرصت:499
[11787] منابع:9/7 | BTC:$76859.3800 | USDT:232598.000 | ARB:-0.208% | فرصت:499
[11790] منابع:9/7 | BTC:$76875.5400 | USDT:232598.000 | ARB:-0.229% | فرصت:499
[11793] منابع:9/7 | BTC:$76880.0100 | USDT:232598.000 | ARB:-0.235% | فرصت:499
[11796] منابع:9/7 | BTC:$76886.0100 | USDT:232598.000 | ARB:-0.243% | فرصت:499
[11799] منابع:10/7 | BTC:$76896.0100 | USDT:232598.000 | ARB:-0.256% | فرصت:499
[11802] منابع:9/7 | BTC:$76872.1800 | USDT:232598.000 | ARB:-0.225% | فرصت:499
[11805] منابع:9/7 | BTC:$76878.0100 | USDT:232598.000 | ARB:-0.233% | فرصت:499
[11808] منابع:9/7 | BTC:$76866.0000 | USDT:232598.000 | ARB:-0.217% | فرصت:499
[11811] منابع:9/7 | BTC:$76866.0000 | USDT:232598.000 | ARB:-0.217% | فرصت:499
[11814] منابع:9/7 | BTC:$76847.9700 | USDT:232598.000 | ARB:-0.194% | فرصت:499
[11817] منابع:8/7 | BTC:$76852.0100 | USDT:— | ARB:0% | فرصت:499
[11820] منابع:9/7 | BTC:$76854.0000 | USDT:232812.000 | ARB:-0.293% | فرصت:499
[11823] منابع:9/7 | BTC:$76846.0000 | USDT:232812.000 | ARB:-0.283% | فرصت:499
[11826] منابع:9/7 | BTC:$76850.0100 | USDT:232812.000 | ARB:-0.288% | فرصت:499
[11829] منابع:9/7 | BTC:$76860.1700 | USDT:232812.000 | ARB:-0.301% | فرصت:501
[11832] منابع:9/7 | BTC:$76857.7100 | USDT:232812.000 | ARB:-0.298% | فرصت:502
[11835] منابع:10/7 | BTC:$76850.3800 | USDT:232812.000 | ARB:-0.288% | فرصت:502
[11838] منابع:10/7 | BTC:$76840.0000 | USDT:232812.000 | ARB:-0.275% | فرصت:502
[11841] منابع:9/7 | BTC:$76832.0100 | USDT:232812.000 | ARB:-0.265% | فرصت:502
[11844] منابع:9/7 | BTC:$76824.8800 | USDT:232812.000 | ARB:-0.255% | فرصت:502
[11847] منابع:9/7 | BTC:$76828.0100 | USDT:232812.000 | ARB:-0.259% | فرصت:502
[11850] منابع:9/7 | BTC:$76820.0100 | USDT:232812.000 | ARB:-0.249% | فرصت:502
[11853] منابع:9/7 | BTC:$76816.0100 | USDT:232812.000 | ARB:-0.244% | فرصت:502
[11856] منابع:10/7 | BTC:$76800.1800 | USDT:232812.000 | ARB:-0.223% | فرصت:502
[11859] منابع:9/7 | BTC:$76796.0100 | USDT:232812.000 | ARB:-0.218% | فرصت:502
[11862] منابع:9/7 | BTC:$76774.7200 | USDT:232812.000 | ARB:-0.190% | فرصت:502
[11865] منابع:9/7 | BTC:$76742.0500 | USDT:232812.000 | ARB:-0.148% | فرصت:502
[11868] منابع:9/7 | BTC:$76724.0000 | USDT:232812.000 | ARB:-0.124% | فرصت:502
[11871] منابع:9/7 | BTC:$76720.0100 | USDT:232812.000 | ARB:-0.119% | فرصت:502
[11874] منابع:10/7 | BTC:$76710.2300 | USDT:232812.000 | ARB:-0.106% | فرصت:502
[11877] منابع:10/7 | BTC:$76669.3800 | USDT:232812.000 | ARB:-0.053% | فرصت:502
[11880] منابع:9/7 | BTC:$76669.3800 | USDT:232812.000 | ARB:-0.053% | فرصت:502
[11883] منابع:9/7 | BTC:$76668.0100 | USDT:232812.000 | ARB:-0.051% | فرصت:502
[11886] منابع:9/7 | BTC:$76671.7300 | USDT:232812.000 | ARB:-0.056% | فرصت:502
[11889] منابع:9/7 | BTC:$76644.0100 | USDT:232812.000 | ARB:-0.020% | فرصت:502
[11892] منابع:10/7 | BTC:$76656.8200 | USDT:232812.000 | ARB:-0.037% | فرصت:502
[11895] منابع:8/7 | BTC:$76662.0100 | USDT:— | ARB:0% | فرصت:502
[11898] منابع:9/7 | BTC:$76666.0100 | USDT:232812.000 | ARB:-0.049% | فرصت:502
[11901] منابع:9/7 | BTC:$76680.0100 | USDT:232812.000 | ARB:-0.067% | فرصت:502
[11904] منابع:9/7 | BTC:$76720.0000 | USDT:232812.000 | ARB:-0.119% | فرصت:502
[11907] منابع:9/7 | BTC:$76722.0100 | USDT:232812.000 | ARB:-0.122% | فرصت:502
[11910] منابع:10/7 | BTC:$76722.0100 | USDT:232812.000 | ARB:-0.122% | فرصت:502
[11913] منابع:10/7 | BTC:$76730.0000 | USDT:232812.000 | ARB:-0.132% | فرصت:502
[11916] منابع:9/7 | BTC:$76742.0100 | USDT:232812.000 | ARB:-0.148% | فرصت:502
[11919] منابع:9/7 | BTC:$76759.7600 | USDT:233203.000 | ARB:0.0738% | فرصت:502
[11922] منابع:9/7 | BTC:$76760.0100 | USDT:233203.000 | ARB:0.0735% | فرصت:502
[11925] منابع:9/7 | BTC:$76758.7800 | USDT:233203.000 | ARB:0.0751% | فرصت:502
[11928] منابع:9/7 | BTC:$76743.2400 | USDT:233203.000 | ARB:0.0953% | فرصت:502
[11931] منابع:10/7 | BTC:$76760.0100 | USDT:233203.000 | ARB:0.0735% | فرصت:502
[11934] منابع:10/7 | BTC:$76760.0000 | USDT:233203.000 | ARB:0.0735% | فرصت:502
[11937] منابع:9/7 | BTC:$76760.0000 | USDT:233203.000 | ARB:0.0735% | فرصت:502
[11940] منابع:9/7 | BTC:$76752.0000 | USDT:233203.000 | ARB:0.0839% | فرصت:502
[11943] منابع:9/7 | BTC:$76770.0100 | USDT:233203.000 | ARB:0.0604% | فرصت:502
[11946] منابع:9/7 | BTC:$76788.0000 | USDT:233203.000 | ARB:0.0370% | فرصت:502
[11949] منابع:10/7 | BTC:$76790.0100 | USDT:233203.000 | ARB:0.0344% | فرصت:502
[11952] منابع:10/7 | BTC:$76812.0000 | USDT:233203.000 | ARB:0.0057% | فرصت:502
[11955] منابع:9/7 | BTC:$76815.7000 | USDT:233203.000 | ARB:0.0009% | فرصت:502
[11958] منابع:9/7 | BTC:$76822.4700 | USDT:233203.000 | ARB:-0.007% | فرصت:502
[11961] منابع:9/7 | BTC:$76840.0000 | USDT:233203.000 | ARB:-0.030% | فرصت:502
[11964] منابع:9/7 | BTC:$76837.5100 | USDT:233203.000 | ARB:-0.027% | فرصت:502
[11967] منابع:10/7 | BTC:$76820.4800 | USDT:233203.000 | ARB:-0.005% | فرصت:502
[11970] منابع:10/7 | BTC:$76846.0100 | USDT:233203.000 | ARB:-0.038% | فرصت:502
[11973] منابع:9/7 | BTC:$76852.6800 | USDT:233203.000 | ARB:-0.047% | فرصت:502
[11976] منابع:9/7 | BTC:$76868.0100 | USDT:233203.000 | ARB:-0.067% | فرصت:502
[11979] منابع:9/7 | BTC:$76894.0100 | USDT:233203.000 | ARB:-0.100% | فرصت:502
[11982] منابع:9/7 | BTC:$76950.0000 | USDT:233203.000 | ARB:-0.173% | فرصت:502
[11985] منابع:9/7 | BTC:$76954.7700 | USDT:233203.000 | ARB:-0.179% | فرصت:502
[11988] منابع:10/7 | BTC:$76963.2300 | USDT:233203.000 | ARB:-0.190% | فرصت:502
[11991] منابع:9/7 | BTC:$76927.9700 | USDT:233203.000 | ARB:-0.144% | فرصت:502
[11994] منابع:9/7 | BTC:$76920.2400 | USDT:233203.000 | ARB:-0.134% | فرصت:502
[11997] منابع:9/7 | BTC:$76921.0400 | USDT:233203.000 | ARB:-0.135% | فرصت:502
[12000] منابع:9/7 | BTC:$76920.0100 | USDT:233203.000 | ARB:-0.134% | فرصت:502
[12003] منابع:9/7 | BTC:$76918.0000 | USDT:233203.000 | ARB:-0.132% | فرصت:502
[12006] منابع:10/7 | BTC:$76886.7600 | USDT:233203.000 | ARB:-0.091% | فرصت:502
[12009] منابع:9/7 | BTC:$76836.0000 | USDT:233575.000 | ARB:-0.184% | فرصت:502
[12012] منابع:9/7 | BTC:$76846.9200 | USDT:233575.000 | ARB:-0.198% | فرصت:502
[12015] منابع:9/7 | BTC:$76846.0100 | USDT:233575.000 | ARB:-0.197% | فرصت:502
[12018] منابع:9/7 | BTC:$76828.6400 | USDT:233575.000 | ARB:-0.175% | فرصت:502
[12021] منابع:9/7 | BTC:$76804.5500 | USDT:233575.000 | ARB:-0.143% | فرصت:502
[12024] منابع:10/7 | BTC:$76822.0000 | USDT:233575.000 | ARB:-0.166% | فرصت:502
[12027] منابع:10/7 | BTC:$76826.8000 | USDT:233575.000 | ARB:-0.172% | فرصت:502
[12030] منابع:9/7 | BTC:$76796.6000 | USDT:233575.000 | ARB:-0.133% | فرصت:502
[12033] منابع:6/7 | BTC:$76786.0100 | USDT:— | ARB:0% | فرصت:502
[12036] منابع:9/7 | BTC:$76786.0000 | USDT:233575.000 | ARB:-0.119% | فرصت:502
[12039] منابع:9/7 | BTC:$76790.0100 | USDT:233575.000 | ARB:-0.124% | فرصت:502
[12042] منابع:9/7 | BTC:$76790.0100 | USDT:233575.000 | ARB:-0.124% | فرصت:502
[12045] منابع:10/7 | BTC:$76784.1600 | USDT:233575.000 | ARB:-0.117% | فرصت:502
[12048] منابع:9/7 | BTC:$76776.4900 | USDT:233575.000 | ARB:-0.107% | فرصت:502
[12051] منابع:9/7 | BTC:$76776.4800 | USDT:233575.000 | ARB:-0.107% | فرصت:502
[12054] منابع:9/7 | BTC:$76774.9400 | USDT:233575.000 | ARB:-0.105% | فرصت:502
[12057] منابع:9/7 | BTC:$76790.0100 | USDT:233575.000 | ARB:-0.124% | فرصت:502
[12060] منابع:9/7 | BTC:$76806.0000 | USDT:233575.000 | ARB:-0.145% | فرصت:502
[12063] منابع:10/7 | BTC:$76846.0100 | USDT:233575.000 | ARB:-0.197% | فرصت:502
[12066] منابع:9/7 | BTC:$76858.0100 | USDT:233575.000 | ARB:-0.213% | فرصت:502
[12069] منابع:9/7 | BTC:$76878.0100 | USDT:233575.000 | ARB:-0.239% | فرصت:502
[12072] منابع:9/7 | BTC:$76888.0100 | USDT:233575.000 | ARB:-0.252% | فرصت:502
[12075] منابع:9/7 | BTC:$76886.7600 | USDT:233575.000 | ARB:-0.250% | فرصت:502
[12078] منابع:9/7 | BTC:$76866.4100 | USDT:233575.000 | ARB:-0.224% | فرصت:502
[12081] منابع:10/7 | BTC:$76878.0000 | USDT:233575.000 | ARB:-0.239% | فرصت:502
[12084] منابع:10/7 | BTC:$76885.6900 | USDT:233575.000 | ARB:-0.249% | فرصت:502
[12087] منابع:9/7 | BTC:$76877.7100 | USDT:233575.000 | ARB:-0.238% | فرصت:502
[12090] منابع:9/7 | BTC:$76876.0000 | USDT:233575.000 | ARB:-0.236% | فرصت:502
[12093] منابع:9/7 | BTC:$76866.2900 | USDT:233575.000 | ARB:-0.224% | فرصت:502
[12096] منابع:9/7 | BTC:$76862.3400 | USDT:233575.000 | ARB:-0.218% | فرصت:502
[12099] منابع:9/7 | BTC:$76846.0000 | USDT:233575.000 | ARB:-0.197% | فرصت:502
[12102] منابع:10/7 | BTC:$76855.6500 | USDT:233575.000 | ARB:-0.210% | فرصت:502
[12105] منابع:9/7 | BTC:$76838.0100 | USDT:233210.000 | ARB:-0.031% | فرصت:502
[12108] منابع:9/7 | BTC:$76826.0000 | USDT:233210.000 | ARB:-0.015% | فرصت:502
[12111] منابع:9/7 | BTC:$76826.0100 | USDT:233210.000 | ARB:-0.015% | فرصت:502
[12114] منابع:9/7 | BTC:$76824.0000 | USDT:233210.000 | ARB:-0.012% | فرصت:502
[12117] منابع:9/7 | BTC:$76856.0100 | USDT:233210.000 | ARB:-0.054% | فرصت:502
[12120] منابع:10/7 | BTC:$76840.0100 | USDT:233210.000 | ARB:-0.033% | فرصت:502
[12123] منابع:10/7 | BTC:$76846.0100 | USDT:233210.000 | ARB:-0.041% | فرصت:502
[12126] منابع:7/7 | BTC:$76864.7400 | USDT:— | ARB:0% | فرصت:502
[12129] منابع:9/7 | BTC:$76864.7300 | USDT:233210.000 | ARB:-0.065% | فرصت:502
[12132] منابع:9/7 | BTC:$76873.9200 | USDT:233210.000 | ARB:-0.077% | فرصت:502
[12135] منابع:9/7 | BTC:$76904.7500 | USDT:233210.000 | ARB:-0.117% | فرصت:502
[12138] منابع:9/7 | BTC:$76904.7500 | USDT:233210.000 | ARB:-0.117% | فرصت:502
[12141] منابع:10/7 | BTC:$76904.7500 | USDT:233210.000 | ARB:-0.117% | فرصت:502
[12144] منابع:9/7 | BTC:$76899.4000 | USDT:233210.000 | ARB:-0.110% | فرصت:502
[12147] منابع:9/7 | BTC:$76899.4000 | USDT:233210.000 | ARB:-0.110% | فرصت:502
[12150] منابع:9/7 | BTC:$76901.0500 | USDT:233210.000 | ARB:-0.113% | فرصت:502
[12153] منابع:9/7 | BTC:$76904.7500 | USDT:233210.000 | ARB:-0.117% | فرصت:502
[12156] منابع:9/7 | BTC:$76904.7500 | USDT:233210.000 | ARB:-0.117% | فرصت:502
[12159] منابع:10/7 | BTC:$76928.4100 | USDT:233210.000 | ARB:-0.148% | فرصت:502
[12162] منابع:10/7 | BTC:$76944.6700 | USDT:233210.000 | ARB:-0.169% | فرصت:502
[12165] منابع:9/7 | BTC:$76966.1700 | USDT:233210.000 | ARB:-0.197% | فرصت:502
[12168] منابع:9/7 | BTC:$76977.5100 | USDT:233210.000 | ARB:-0.212% | فرصت:502
[12171] منابع:9/7 | BTC:$76967.2500 | USDT:233210.000 | ARB:-0.198% | فرصت:502
[12174] منابع:9/7 | BTC:$76970.8500 | USDT:233210.000 | ARB:-0.203% | فرصت:502
[12177] منابع:10/7 | BTC:$76991.5500 | USDT:233210.000 | ARB:-0.230% | فرصت:502
[12180] منابع:10/7 | BTC:$76992.8500 | USDT:233210.000 | ARB:-0.232% | فرصت:502
[12183] منابع:9/7 | BTC:$77009.3100 | USDT:233210.000 | ARB:-0.253% | فرصت:502
[12186] منابع:9/7 | BTC:$76957.2300 | USDT:233210.000 | ARB:-0.185% | فرصت:502
[12189] منابع:9/7 | BTC:$76966.0000 | USDT:233210.000 | ARB:-0.197% | فرصت:502
[12192] منابع:9/7 | BTC:$76975.3400 | USDT:233210.000 | ARB:-0.209% | فرصت:502
[12195] منابع:9/7 | BTC:$76981.5700 | USDT:233210.000 | ARB:-0.217% | فرصت:502
[12198] منابع:10/7 | BTC:$77020.0000 | USDT:233210.000 | ARB:-0.267% | فرصت:502
[12201] منابع:9/7 | BTC:$77020.0100 | USDT:233210.000 | ARB:-0.267% | فرصت:502
[12204] منابع:9/7 | BTC:$77059.8000 | USDT:233210.000 | ARB:-0.318% | فرصت:504
[12207] منابع:9/7 | BTC:$77136.8600 | USDT:233210.000 | ARB:-0.418% | فرصت:507
[12210] منابع:9/7 | BTC:$77090.0000 | USDT:233210.000 | ARB:-0.357% | فرصت:510
[12213] منابع:9/7 | BTC:$77120.0000 | USDT:233210.000 | ARB:-0.396% | فرصت:513
[12216] منابع:10/7 | BTC:$77120.0100 | USDT:233210.000 | ARB:-0.396% | فرصت:516
[12219] منابع:10/7 | BTC:$77155.9900 | USDT:233210.000 | ARB:-0.443% | فرصت:519
[12222] منابع:9/7 | BTC:$77158.0000 | USDT:233210.000 | ARB:-0.445% | فرصت:521
[12225] منابع:9/7 | BTC:$77118.9600 | USDT:233210.000 | ARB:-0.395% | فرصت:524
[12228] منابع:9/7 | BTC:$77118.9700 | USDT:233210.000 | ARB:-0.395% | فرصت:527
[12231] منابع:9/7 | BTC:$77122.0100 | USDT:233210.000 | ARB:-0.399% | فرصت:530
[12234] منابع:9/7 | BTC:$77096.5000 | USDT:233210.000 | ARB:-0.366% | فرصت:533
[12237] منابع:10/7 | BTC:$77092.0000 | USDT:233210.000 | ARB:-0.360% | فرصت:536
[12240] منابع:10/7 | BTC:$77092.0000 | USDT:233210.000 | ARB:-0.360% | فرصت:539
[12243] منابع:9/7 | BTC:$77094.0100 | USDT:233210.000 | ARB:-0.363% | فرصت:542
[12246] منابع:9/7 | BTC:$77081.8000 | USDT:233210.000 | ARB:-0.347% | فرصت:545
[12249] منابع:7/7 | BTC:$77067.3300 | USDT:— | ARB:0% | فرصت:547
[12252] منابع:9/7 | BTC:$77068.0100 | USDT:233210.000 | ARB:-0.329% | فرصت:550
[12255] منابع:10/7 | BTC:$77068.0100 | USDT:233210.000 | ARB:-0.329% | فرصت:553
[12258] منابع:10/7 | BTC:$77085.2800 | USDT:233210.000 | ARB:-0.351% | فرصت:556
[12261] منابع:9/7 | BTC:$77057.7500 | USDT:233210.000 | ARB:-0.316% | فرصت:558
[12264] منابع:9/7 | BTC:$77050.9500 | USDT:233210.000 | ARB:-0.307% | فرصت:561
[12267] منابع:9/7 | BTC:$77050.0000 | USDT:233210.000 | ARB:-0.306% | فرصت:564
[12270] منابع:9/7 | BTC:$77073.5300 | USDT:233210.000 | ARB:-0.336% | فرصت:567
[12273] منابع:9/7 | BTC:$77080.0000 | USDT:233210.000 | ARB:-0.344% | فرصت:570
[12276] منابع:8/7 | BTC:$77064.5400 | USDT:— | ARB:0% | فرصت:572
[12279] منابع:9/7 | BTC:$77065.7800 | USDT:233210.000 | ARB:-0.326% | فرصت:575
[12282] منابع:9/7 | BTC:$77061.9900 | USDT:233210.000 | ARB:-0.321% | فرصت:578
[12285] منابع:9/7 | BTC:$77056.1700 | USDT:233210.000 | ARB:-0.314% | فرصت:581
[12288] منابع:9/7 | BTC:$77056.1600 | USDT:233210.000 | ARB:-0.314% | فرصت:584
[12291] منابع:9/7 | BTC:$77040.0100 | USDT:233210.000 | ARB:-0.293% | فرصت:585
[12294] منابع:10/7 | BTC:$77034.4800 | USDT:233210.000 | ARB:-0.286% | فرصت:585
[12297] منابع:10/7 | BTC:$77036.0100 | USDT:232812.000 | ARB:0.3646% | فرصت:587
[12300] منابع:6/7 | BTC:$77038.0100 | USDT:— | ARB:0% | فرصت:588
[12303] منابع:9/7 | BTC:$77044.0100 | USDT:232812.000 | ARB:0.3541% | فرصت:591
[12306] منابع:9/7 | BTC:$77040.9700 | USDT:232812.000 | ARB:0.3581% | فرصت:594
[12309] منابع:9/7 | BTC:$77049.1100 | USDT:232812.000 | ARB:0.3475% | فرصت:596
[12312] منابع:10/7 | BTC:$77061.2800 | USDT:232812.000 | ARB:0.3317% | فرصت:599
[12315] منابع:10/7 | BTC:$77051.3100 | USDT:232812.000 | ARB:0.3446% | فرصت:602
[12318] منابع:9/7 | BTC:$77111.2400 | USDT:232812.000 | ARB:0.2666% | فرصت:604
[12321] منابع:9/7 | BTC:$77114.0000 | USDT:232812.000 | ARB:0.2631% | فرصت:604
[12324] منابع:9/7 | BTC:$77110.0100 | USDT:232812.000 | ARB:0.2682% | فرصت:604
[12327] منابع:9/7 | BTC:$77125.8100 | USDT:232812.000 | ARB:0.2477% | فرصت:604
[12330] منابع:10/7 | BTC:$77148.0100 | USDT:232812.000 | ARB:0.2189% | فرصت:604
[12333] منابع:10/7 | BTC:$77148.0100 | USDT:232812.000 | ARB:0.2189% | فرصت:604
[12336] منابع:6/7 | BTC:$77176.8300 | USDT:— | ARB:0% | فرصت:604
[12339] منابع:9/7 | BTC:$77193.2600 | USDT:232812.000 | ARB:0.1601% | فرصت:604
[12342] منابع:9/7 | BTC:$77228.0100 | USDT:232812.000 | ARB:0.1150% | فرصت:604
[12345] منابع:9/7 | BTC:$77240.0100 | USDT:232812.000 | ARB:0.0995% | فرصت:604
[12348] منابع:10/7 | BTC:$77223.1300 | USDT:232812.000 | ARB:0.1214% | فرصت:604
[12351] منابع:9/7 | BTC:$77223.0900 | USDT:232812.000 | ARB:0.1214% | فرصت:604
[12354] منابع:9/7 | BTC:$77232.8600 | USDT:232812.000 | ARB:0.1088% | فرصت:604
[12357] منابع:9/7 | BTC:$77236.7200 | USDT:232812.000 | ARB:0.1038% | فرصت:604
[12360] منابع:9/7 | BTC:$77250.0000 | USDT:232812.000 | ARB:0.0865% | فرصت:604
[12363] منابع:9/7 | BTC:$77255.0800 | USDT:232812.000 | ARB:0.0800% | فرصت:604
[12366] منابع:10/7 | BTC:$77233.8500 | USDT:232812.000 | ARB:0.1075% | فرصت:604
[12369] منابع:7/7 | BTC:$77244.0100 | USDT:— | ARB:0% | فرصت:604
[12372] منابع:9/7 | BTC:$77210.3400 | USDT:232812.000 | ARB:0.1380% | فرصت:604
[12375] منابع:9/7 | BTC:$77258.7200 | USDT:232812.000 | ARB:0.0752% | فرصت:604
[12378] منابع:9/7 | BTC:$77254.0000 | USDT:232812.000 | ARB:0.0814% | فرصت:604
[12381] منابع:9/7 | BTC:$77272.0100 | USDT:232816.000 | ARB:-0.160% | فرصت:604
[12384] منابع:9/7 | BTC:$77353.9900 | USDT:232816.000 | ARB:-0.266% | فرصت:604
[12387] منابع:10/7 | BTC:$77356.0100 | USDT:232816.000 | ARB:-0.269% | فرصت:604
[12390] منابع:7/7 | BTC:$77375.2400 | USDT:— | ARB:0% | فرصت:605
[12393] منابع:9/7 | BTC:$77370.0100 | USDT:232816.000 | ARB:-0.287% | فرصت:605
[12396] منابع:9/7 | BTC:$77311.8400 | USDT:232816.000 | ARB:-0.212% | فرصت:605
[12399] منابع:9/7 | BTC:$77345.4600 | USDT:232816.000 | ARB:-0.255% | فرصت:605
[12402] منابع:9/7 | BTC:$77335.9900 | USDT:232816.000 | ARB:-0.243% | فرصت:605
[12405] منابع:10/7 | BTC:$77335.2400 | USDT:232816.000 | ARB:-0.242% | فرصت:605
[12408] منابع:10/7 | BTC:$77335.2500 | USDT:232816.000 | ARB:-0.242% | فرصت:605
[12411] منابع:9/7 | BTC:$77335.2500 | USDT:232816.000 | ARB:-0.242% | فرصت:605
[12414] منابع:9/7 | BTC:$77335.2500 | USDT:232816.000 | ARB:-0.242% | فرصت:605
[12417] منابع:9/7 | BTC:$77356.0100 | USDT:232816.000 | ARB:-0.269% | فرصت:605
[12420] منابع:9/7 | BTC:$77361.4500 | USDT:232816.000 | ARB:-0.276% | فرصت:605
[12423] منابع:10/7 | BTC:$77378.0200 | USDT:232816.000 | ARB:-0.297% | فرصت:606
[12426] منابع:10/7 | BTC:$77324.4100 | USDT:232816.000 | ARB:-0.228% | فرصت:606
[12429] منابع:9/7 | BTC:$77318.0000 | USDT:232816.000 | ARB:-0.220% | فرصت:606
[12432] منابع:9/7 | BTC:$77301.0300 | USDT:232816.000 | ARB:-0.198% | فرصت:606
[12435] منابع:9/7 | BTC:$77292.0100 | USDT:232816.000 | ARB:-0.186% | فرصت:606
[12438] منابع:9/7 | BTC:$77286.5400 | USDT:232816.000 | ARB:-0.179% | فرصت:606
[12441] منابع:10/7 | BTC:$77300.0000 | USDT:232816.000 | ARB:-0.197% | فرصت:606
[12444] منابع:9/7 | BTC:$77294.0100 | USDT:232816.000 | ARB:-0.189% | فرصت:606
[12447] منابع:9/7 | BTC:$77294.0200 | USDT:232816.000 | ARB:-0.189% | فرصت:606
[12450] منابع:9/7 | BTC:$77280.3200 | USDT:232816.000 | ARB:-0.171% | فرصت:606
[12453] منابع:9/7 | BTC:$77280.3300 | USDT:232816.000 | ARB:-0.171% | فرصت:606
[12456] منابع:9/7 | BTC:$77297.3000 | USDT:232816.000 | ARB:-0.193% | فرصت:606
[12459] منابع:10/7 | BTC:$77290.9800 | USDT:232816.000 | ARB:-0.185% | فرصت:606
[12462] منابع:10/7 | BTC:$77290.9800 | USDT:232816.000 | ARB:-0.185% | فرصت:606
[12465] منابع:0/7 | BTC:$— | USDT:— | ARB:0% | فرصت:606
[12468] منابع:9/7 | BTC:$77288.3900 | USDT:232816.000 | ARB:-0.182% | فرصت:606
[12471] منابع:9/7 | BTC:$77288.4000 | USDT:232816.000 | ARB:-0.182% | فرصت:606
[12474] منابع:9/7 | BTC:$77286.6000 | USDT:232816.000 | ARB:-0.179% | فرصت:606
[12477] منابع:10/7 | BTC:$77316.0000 | USDT:232816.000 | ARB:0.1410% | فرصت:606
[12480] منابع:9/7 | BTC:$77314.0400 | USDT:232816.000 | ARB:0.1435% | فرصت:606
[12483] منابع:9/7 | BTC:$77318.0000 | USDT:232816.000 | ARB:0.1384% | فرصت:606
[12486] منابع:9/7 | BTC:$77310.1600 | USDT:232816.000 | ARB:0.1485% | فرصت:606
[12489] منابع:9/7 | BTC:$77326.0100 | USDT:232816.000 | ARB:0.1280% | فرصت:606
[12492] منابع:9/7 | BTC:$77318.0100 | USDT:232816.000 | ARB:0.1384% | فرصت:606
[12495] منابع:10/7 | BTC:$77304.0100 | USDT:232816.000 | ARB:0.1565% | فرصت:606
[12498] منابع:9/7 | BTC:$77328.0100 | USDT:232816.000 | ARB:0.1254% | فرصت:606
[12501] منابع:9/7 | BTC:$77314.0100 | USDT:232816.000 | ARB:0.1436% | فرصت:606
[12504] منابع:9/7 | BTC:$77320.3600 | USDT:232816.000 | ARB:0.1353% | فرصت:606
[12507] منابع:9/7 | BTC:$77335.2500 | USDT:232816.000 | ARB:0.1161% | فرصت:606
[12510] منابع:7/7 | BTC:$77331.2400 | USDT:— | ARB:0% | فرصت:606
[12513] منابع:10/7 | BTC:$77331.2400 | USDT:232816.000 | ARB:0.1213% | فرصت:606
[12516] منابع:10/7 | BTC:$77331.2400 | USDT:232816.000 | ARB:0.1213% | فرصت:606
[12519] منابع:9/7 | BTC:$77357.9700 | USDT:232816.000 | ARB:0.0867% | فرصت:606
[12522] منابع:9/7 | BTC:$77364.1400 | USDT:232816.000 | ARB:0.0787% | فرصت:606
[12525] منابع:9/7 | BTC:$77356.4300 | USDT:232816.000 | ARB:0.0886% | فرصت:606
[12528] منابع:9/7 | BTC:$77348.9100 | USDT:232816.000 | ARB:0.0984% | فرصت:606
[12531] منابع:9/7 | BTC:$77364.1400 | USDT:232816.000 | ARB:0.0787% | فرصت:606
[12534] منابع:10/7 | BTC:$77346.5500 | USDT:232816.000 | ARB:0.1014% | فرصت:606
[12537] منابع:9/7 | BTC:$77377.5500 | USDT:232816.000 | ARB:0.0613% | فرصت:606
[12540] منابع:9/7 | BTC:$77420.4800 | USDT:232816.000 | ARB:0.0058% | فرصت:606
[12543] منابع:9/7 | BTC:$77423.8600 | USDT:232816.000 | ARB:0.0015% | فرصت:606
[12546] منابع:9/7 | BTC:$77429.9900 | USDT:232816.000 | ARB:-0.006% | فرصت:606
[12549] منابع:9/7 | BTC:$77447.5800 | USDT:232816.000 | ARB:-0.029% | فرصت:606
[12552] منابع:10/7 | BTC:$77444.0100 | USDT:232816.000 | ARB:-0.024% | فرصت:606
[12555] منابع:10/7 | BTC:$77432.7000 | USDT:232816.000 | ARB:-0.009% | فرصت:606
[12558] منابع:9/7 | BTC:$77478.0000 | USDT:232816.000 | ARB:-0.068% | فرصت:606
[12561] منابع:9/7 | BTC:$77486.0100 | USDT:232816.000 | ARB:-0.078% | فرصت:606
[12564] منابع:9/7 | BTC:$77500.0100 | USDT:232816.000 | ARB:-0.096% | فرصت:606
[12567] منابع:9/7 | BTC:$77515.8900 | USDT:232816.000 | ARB:-0.117% | فرصت:606
[12570] منابع:10/7 | BTC:$77538.3300 | USDT:232816.000 | ARB:-0.146% | فرصت:607
[12573] منابع:10/7 | BTC:$77549.6200 | USDT:232899.000 | ARB:-0.491% | فرصت:610
[12576] منابع:9/7 | BTC:$77649.6000 | USDT:232899.000 | ARB:-0.619% | فرصت:613
[12579] منابع:9/7 | BTC:$77648.0200 | USDT:232899.000 | ARB:-0.617% | فرصت:616
[12582] منابع:9/7 | BTC:$77643.4500 | USDT:232899.000 | ARB:-0.611% | فرصت:619
[12585] منابع:9/7 | BTC:$77659.6100 | USDT:232899.000 | ARB:-0.632% | فرصت:622
[12588] منابع:7/7 | BTC:$77643.4500 | USDT:— | ARB:0% | فرصت:624
[12591] منابع:10/7 | BTC:$77637.8000 | USDT:232899.000 | ARB:-0.604% | فرصت:627
[12594] منابع:9/7 | BTC:$77583.4600 | USDT:232899.000 | ARB:-0.534% | فرصت:630
[12597] منابع:9/7 | BTC:$77579.6800 | USDT:232899.000 | ARB:-0.529% | فرصت:633
[12600] منابع:9/7 | BTC:$77574.5200 | USDT:232899.000 | ARB:-0.523% | فرصت:636
[12603] منابع:9/7 | BTC:$77560.0400 | USDT:232899.000 | ARB:-0.504% | فرصت:639
[12606] منابع:9/7 | BTC:$77539.4600 | USDT:232899.000 | ARB:-0.478% | فرصت:642
[12609] منابع:10/7 | BTC:$77530.5800 | USDT:232899.000 | ARB:-0.466% | فرصت:645
[12612] منابع:10/7 | BTC:$77538.4700 | USDT:232899.000 | ARB:-0.477% | فرصت:648
[12615] منابع:9/7 | BTC:$77534.9100 | USDT:232899.000 | ARB:-0.472% | فرصت:651
[12618] منابع:9/7 | BTC:$77528.1600 | USDT:232899.000 | ARB:-0.463% | فرصت:654
[12621] منابع:9/7 | BTC:$77528.1500 | USDT:232899.000 | ARB:-0.463% | فرصت:657
[12624] منابع:9/7 | BTC:$77533.9900 | USDT:232899.000 | ARB:-0.471% | فرصت:660
[12627] منابع:8/7 | BTC:$77577.6000 | USDT:232899.000 | ARB:-0.527% | فرصت:663
[12630] منابع:10/7 | BTC:$77570.0600 | USDT:232899.000 | ARB:-0.517% | فرصت:666
[12633] منابع:9/7 | BTC:$77580.5200 | USDT:232899.000 | ARB:-0.531% | فرصت:669
[12636] منابع:6/7 | BTC:$77603.9300 | USDT:— | ARB:0% | فرصت:671
[12639] منابع:9/7 | BTC:$77592.0100 | USDT:232899.000 | ARB:-0.545% | فرصت:674
[12642] منابع:9/7 | BTC:$77632.2500 | USDT:232899.000 | ARB:-0.597% | فرصت:677
[12645] منابع:10/7 | BTC:$77643.2700 | USDT:232899.000 | ARB:-0.611% | فرصت:680
[12648] منابع:10/7 | BTC:$77629.5800 | USDT:232899.000 | ARB:-0.593% | فرصت:683
[12651] منابع:9/7 | BTC:$77633.1400 | USDT:232899.000 | ARB:-0.598% | فرصت:686
[12654] منابع:9/7 | BTC:$77631.4400 | USDT:232899.000 | ARB:-0.596% | فرصت:689
[12657] منابع:9/7 | BTC:$77611.4500 | USDT:232899.000 | ARB:-0.570% | فرصت:692
[12660] منابع:9/7 | BTC:$77628.2200 | USDT:232899.000 | ARB:-0.592% | فرصت:695
[12663] منابع:9/7 | BTC:$77612.2100 | USDT:232900.000 | ARB:0.0781% | فرصت:696
[12666] منابع:10/7 | BTC:$77600.7300 | USDT:232900.000 | ARB:0.0929% | فرصت:696
[12669] منابع:10/7 | BTC:$77600.7300 | USDT:232900.000 | ARB:0.0929% | فرصت:696
[12672] منابع:9/7 | BTC:$77604.3500 | USDT:232900.000 | ARB:0.0882% | فرصت:696
[12675] منابع:9/7 | BTC:$77598.4500 | USDT:232900.000 | ARB:0.0958% | فرصت:696
[12678] منابع:9/7 | BTC:$77598.4600 | USDT:232900.000 | ARB:0.0958% | فرصت:696
[12681] منابع:9/7 | BTC:$77614.3000 | USDT:232900.000 | ARB:0.0754% | فرصت:696
[12684] منابع:10/7 | BTC:$77601.5600 | USDT:232900.000 | ARB:0.0918% | فرصت:696
[12687] منابع:10/7 | BTC:$77614.9500 | USDT:232900.000 | ARB:0.0745% | فرصت:696
[12690] منابع:7/7 | BTC:$77601.9300 | USDT:— | ARB:0% | فرصت:696
[12693] منابع:9/7 | BTC:$77586.4800 | USDT:232900.000 | ARB:0.1112% | فرصت:696
[12696] منابع:9/7 | BTC:$77599.7200 | USDT:232900.000 | ARB:0.0942% | فرصت:696
[12699] منابع:9/7 | BTC:$77583.1200 | USDT:232900.000 | ARB:0.1156% | فرصت:696
[12702] منابع:9/7 | BTC:$77552.6100 | USDT:232900.000 | ARB:0.1550% | فرصت:696
[12705] منابع:10/7 | BTC:$77549.5100 | USDT:232900.000 | ARB:0.1590% | فرصت:696
[12708] منابع:10/7 | BTC:$77544.8200 | USDT:232900.000 | ARB:0.1650% | فرصت:696
[12711] منابع:9/7 | BTC:$77549.5000 | USDT:232900.000 | ARB:0.1590% | فرصت:696
[12714] منابع:9/7 | BTC:$77537.6500 | USDT:232900.000 | ARB:0.1743% | فرصت:696
[12717] منابع:9/7 | BTC:$77528.5900 | USDT:232900.000 | ARB:0.1860% | فرصت:696
[12720] منابع:9/7 | BTC:$77528.5900 | USDT:232900.000 | ARB:0.1860% | فرصت:696
[12723] منابع:10/7 | BTC:$77528.5800 | USDT:232900.000 | ARB:0.1860% | فرصت:696
[12726] منابع:10/7 | BTC:$77517.1700 | USDT:232900.000 | ARB:0.2008% | فرصت:696
[12729] منابع:9/7 | BTC:$77517.1600 | USDT:232900.000 | ARB:0.2008% | فرصت:696
[12732] منابع:7/7 | BTC:$77500.0000 | USDT:— | ARB:0% | فرصت:696
[12735] منابع:9/7 | BTC:$77462.0000 | USDT:232900.000 | ARB:0.2721% | فرصت:696
[12738] منابع:9/7 | BTC:$77452.0000 | USDT:232900.000 | ARB:0.2851% | فرصت:696
[12741] منابع:10/7 | BTC:$77459.7200 | USDT:232900.000 | ARB:0.2751% | فرصت:696
[12744] منابع:10/7 | BTC:$77458.0100 | USDT:232900.000 | ARB:0.2773% | فرصت:696
[12747] منابع:9/7 | BTC:$77474.0100 | USDT:232900.000 | ARB:0.2566% | فرصت:696
[12750] منابع:9/7 | BTC:$77467.4400 | USDT:232900.000 | ARB:0.2651% | فرصت:696
[12753] منابع:9/7 | BTC:$77453.2400 | USDT:232900.000 | ARB:0.2835% | فرصت:696
[12756] منابع:9/7 | BTC:$77448.0000 | USDT:232900.000 | ARB:0.2902% | فرصت:696
[12759] منابع:9/7 | BTC:$77469.4800 | USDT:232898.000 | ARB:0.1952% | فرصت:696
[12762] منابع:10/7 | BTC:$77469.4800 | USDT:232898.000 | ARB:0.1952% | فرصت:696
[12765] منابع:9/7 | BTC:$77464.9900 | USDT:232898.000 | ARB:0.2010% | فرصت:696
[12768] منابع:9/7 | BTC:$77460.0100 | USDT:232898.000 | ARB:0.2074% | فرصت:696
[12771] منابع:9/7 | BTC:$77440.0000 | USDT:232898.000 | ARB:0.2333% | فرصت:696
[12774] منابع:9/7 | BTC:$77440.0200 | USDT:232898.000 | ARB:0.2333% | فرصت:696
[12777] منابع:9/7 | BTC:$77440.0100 | USDT:232898.000 | ARB:0.2333% | فرصت:696
[12780] منابع:10/7 | BTC:$77452.5200 | USDT:232898.000 | ARB:0.2171% | فرصت:696
[12783] منابع:9/7 | BTC:$77460.0000 | USDT:232898.000 | ARB:0.2074% | فرصت:696
[12786] منابع:9/7 | BTC:$77470.0000 | USDT:232898.000 | ARB:0.1945% | فرصت:696
[12789] منابع:9/7 | BTC:$77475.2400 | USDT:232898.000 | ARB:0.1877% | فرصت:696
[12792] منابع:9/7 | BTC:$77496.3100 | USDT:232898.000 | ARB:0.1605% | فرصت:696
[12795] منابع:9/7 | BTC:$77495.9500 | USDT:232898.000 | ARB:0.1609% | فرصت:696
[12798] منابع:10/7 | BTC:$77503.7100 | USDT:232898.000 | ARB:0.1509% | فرصت:696
[12801] منابع:10/7 | BTC:$77488.0100 | USDT:232898.000 | ARB:0.1712% | فرصت:696
[12804] منابع:9/7 | BTC:$77488.0100 | USDT:232898.000 | ARB:0.1712% | فرصت:696
[12807] منابع:9/7 | BTC:$77488.0100 | USDT:232898.000 | ARB:0.1712% | فرصت:696
[12810] منابع:9/7 | BTC:$77480.0100 | USDT:232898.000 | ARB:0.1816% | فرصت:696
[12813] منابع:9/7 | BTC:$77480.0000 | USDT:232898.000 | ARB:0.1816% | فرصت:696
[12816] منابع:9/7 | BTC:$77480.0100 | USDT:232898.000 | ARB:0.1816% | فرصت:696
[12819] منابع:7/7 | BTC:$77500.0000 | USDT:— | ARB:0% | فرصت:696
[12822] منابع:9/7 | BTC:$77501.5300 | USDT:232898.000 | ARB:0.1537% | فرصت:696
[12825] منابع:7/7 | BTC:$77494.2600 | USDT:— | ARB:0% | فرصت:696
[12828] منابع:9/7 | BTC:$77520.0100 | USDT:232898.000 | ARB:0.1299% | فرصت:696
[12831] منابع:9/7 | BTC:$77520.0000 | USDT:232898.000 | ARB:0.1299% | فرصت:696
[12834] منابع:7/7 | BTC:$77520.0100 | USDT:— | ARB:0% | فرصت:696
[12837] منابع:10/7 | BTC:$77545.8800 | USDT:232898.000 | ARB:0.0965% | فرصت:696
[12840] منابع:8/7 | BTC:$77570.0000 | USDT:— | ARB:0% | فرصت:696
[12843] منابع:9/7 | BTC:$77535.0800 | USDT:232898.000 | ARB:0.1104% | فرصت:696
[12846] منابع:9/7 | BTC:$77558.5900 | USDT:232898.000 | ARB:0.0801% | فرصت:696
[12849] منابع:9/7 | BTC:$77577.8300 | USDT:232898.000 | ARB:0.0552% | فرصت:696
[12852] منابع:9/7 | BTC:$77552.6800 | USDT:232898.000 | ARB:0.0877% | فرصت:696
[12855] منابع:9/7 | BTC:$77570.0100 | USDT:233000.000 | ARB:0.0215% | فرصت:696
[12858] منابع:10/7 | BTC:$77590.0000 | USDT:233000.000 | ARB:-0.004% | فرصت:696
[12861] منابع:9/7 | BTC:$77570.0000 | USDT:233000.000 | ARB:0.0215% | فرصت:696
[12864] منابع:9/7 | BTC:$77580.0000 | USDT:233000.000 | ARB:0.0086% | فرصت:696
[12867] منابع:9/7 | BTC:$77580.0100 | USDT:233000.000 | ARB:0.0086% | فرصت:696
[12870] منابع:9/7 | BTC:$77586.9200 | USDT:233000.000 | ARB:-0.000% | فرصت:696
[12873] منابع:9/7 | BTC:$77580.0800 | USDT:233000.000 | ARB:0.0085% | فرصت:696
[12876] منابع:10/7 | BTC:$77580.0600 | USDT:233000.000 | ARB:0.0085% | فرصت:696
[12879] منابع:9/7 | BTC:$77594.4300 | USDT:233000.000 | ARB:-0.009% | فرصت:696
[12882] منابع:9/7 | BTC:$77589.7700 | USDT:233000.000 | ARB:-0.003% | فرصت:696
[12885] منابع:9/7 | BTC:$77609.3200 | USDT:233000.000 | ARB:-0.029% | فرصت:696
[12888] منابع:7/7 | BTC:$77580.0000 | USDT:— | ARB:0% | فرصت:696
[12891] منابع:9/7 | BTC:$77570.0100 | USDT:233000.000 | ARB:0.0215% | فرصت:696
[12894] منابع:10/7 | BTC:$77570.0000 | USDT:233000.000 | ARB:0.0215% | فرصت:696
[12897] منابع:10/7 | BTC:$77562.1100 | USDT:233000.000 | ARB:0.0317% | فرصت:696
[12900] منابع:9/7 | BTC:$77562.1100 | USDT:233000.000 | ARB:0.0317% | فرصت:696
[12903] منابع:9/7 | BTC:$77562.1000 | USDT:233000.000 | ARB:0.0317% | فرصت:696
[12906] منابع:7/7 | BTC:$77636.4300 | USDT:— | ARB:0% | فرصت:696
[12909] منابع:9/7 | BTC:$77608.5800 | USDT:233000.000 | ARB:-0.028% | فرصت:696
[12912] منابع:9/7 | BTC:$77619.5600 | USDT:233000.000 | ARB:-0.042% | فرصت:696
[12915] منابع:10/7 | BTC:$77619.5600 | USDT:233000.000 | ARB:-0.042% | فرصت:696
[12918] منابع:9/7 | BTC:$77619.5700 | USDT:233000.000 | ARB:-0.042% | فرصت:696
[12921] منابع:9/7 | BTC:$77619.5600 | USDT:233000.000 | ARB:-0.042% | فرصت:696
[12924] منابع:9/7 | BTC:$77612.5100 | USDT:233000.000 | ARB:-0.033% | فرصت:696
[12927] منابع:9/7 | BTC:$77612.5000 | USDT:233000.000 | ARB:-0.033% | فرصت:696
[12930] منابع:8/7 | BTC:$77608.4700 | USDT:233000.000 | ARB:-0.028% | فرصت:696
[12933] منابع:10/7 | BTC:$77612.4900 | USDT:233000.000 | ARB:-0.033% | فرصت:696
[12936] منابع:10/7 | BTC:$77713.8600 | USDT:233000.000 | ARB:-0.163% | فرصت:696
[12939] منابع:9/7 | BTC:$77700.7400 | USDT:233000.000 | ARB:-0.146% | فرصت:696
[12942] منابع:9/7 | BTC:$77713.8600 | USDT:233000.000 | ARB:-0.163% | فرصت:696
[12945] منابع:9/7 | BTC:$77672.2100 | USDT:233000.000 | ARB:-0.110% | فرصت:696
[12948] منابع:9/7 | BTC:$77672.8000 | USDT:233574.000 | ARB:-0.356% | فرصت:697
[12951] منابع:10/7 | BTC:$77695.7900 | USDT:233574.000 | ARB:-0.385% | فرصت:700
[12954] منابع:10/7 | BTC:$77697.7200 | USDT:233574.000 | ARB:-0.388% | فرصت:703
[12957] منابع:9/7 | BTC:$77678.7200 | USDT:233574.000 | ARB:-0.363% | فرصت:706
[12960] منابع:9/7 | BTC:$77666.4700 | USDT:233574.000 | ARB:-0.348% | فرصت:709
[12963] منابع:9/7 | BTC:$77654.8200 | USDT:233574.000 | ARB:-0.333% | فرصت:712
[12966] منابع:9/7 | BTC:$77675.5500 | USDT:233574.000 | ARB:-0.359% | فرصت:715
[12969] منابع:9/7 | BTC:$77632.1500 | USDT:233574.000 | ARB:-0.304% | فرصت:718
[12972] منابع:10/7 | BTC:$77606.9900 | USDT:233574.000 | ARB:-0.271% | فرصت:719
[12975] منابع:10/7 | BTC:$77616.0000 | USDT:233574.000 | ARB:-0.283% | فرصت:719
[12978] منابع:9/7 | BTC:$77632.1500 | USDT:233574.000 | ARB:-0.304% | فرصت:721
[12981] منابع:9/7 | BTC:$77604.8600 | USDT:233574.000 | ARB:-0.269% | فرصت:721
[12984] منابع:9/7 | BTC:$77591.0900 | USDT:233574.000 | ARB:-0.251% | فرصت:721
[12987] منابع:9/7 | BTC:$77593.4500 | USDT:233574.000 | ARB:-0.254% | فرصت:721
[12990] منابع:10/7 | BTC:$77576.3700 | USDT:233574.000 | ARB:-0.232% | فرصت:721
[12993] منابع:10/7 | BTC:$77570.0100 | USDT:233574.000 | ARB:-0.224% | فرصت:721
[12996] منابع:9/7 | BTC:$77578.1700 | USDT:233574.000 | ARB:-0.234% | فرصت:721
[12999] منابع:9/7 | BTC:$77570.9600 | USDT:233574.000 | ARB:-0.225% | فرصت:721
[13002] منابع:9/7 | BTC:$77577.7400 | USDT:233574.000 | ARB:-0.234% | فرصت:721
[13005] منابع:9/7 | BTC:$77596.2700 | USDT:233574.000 | ARB:-0.257% | فرصت:721
[13008] منابع:10/7 | BTC:$77579.3300 | USDT:233574.000 | ARB:-0.236% | فرصت:721
[13011] منابع:10/7 | BTC:$77587.0900 | USDT:233574.000 | ARB:-0.246% | فرصت:721
[13014] منابع:8/7 | BTC:$77597.5100 | USDT:233574.000 | ARB:-0.259% | فرصت:721
[13017] منابع:9/7 | BTC:$77600.0000 | USDT:233574.000 | ARB:-0.262% | فرصت:721
[13020] منابع:9/7 | BTC:$77597.5200 | USDT:233574.000 | ARB:-0.259% | فرصت:721
[13023] منابع:9/7 | BTC:$77597.5100 | USDT:233574.000 | ARB:-0.259% | فرصت:721
[13026] منابع:8/7 | BTC:$77600.0000 | USDT:— | ARB:0% | فرصت:721
[13029] منابع:10/7 | BTC:$77595.9100 | USDT:233574.000 | ARB:-0.257% | فرصت:721
[13032] منابع:9/7 | BTC:$77597.4600 | USDT:233574.000 | ARB:-0.259% | فرصت:721
[13035] منابع:7/7 | BTC:$77615.1000 | USDT:— | ARB:0% | فرصت:722
[13038] منابع:9/7 | BTC:$77608.9800 | USDT:233610.000 | ARB:-0.166% | فرصت:722
[13041] منابع:9/7 | BTC:$77598.7100 | USDT:233610.000 | ARB:-0.153% | فرصت:722
[13044] منابع:9/7 | BTC:$77613.3400 | USDT:233610.000 | ARB:-0.172% | فرصت:722
[13047] منابع:10/7 | BTC:$77631.4800 | USDT:233610.000 | ARB:-0.195% | فرصت:722
[13050] منابع:9/7 | BTC:$77655.0700 | USDT:233610.000 | ARB:-0.226% | فرصت:722
[13053] منابع:9/7 | BTC:$77639.8400 | USDT:233610.000 | ARB:-0.206% | فرصت:722
[13056] منابع:9/7 | BTC:$77674.6200 | USDT:233610.000 | ARB:-0.251% | فرصت:722
[13059] منابع:9/7 | BTC:$77690.1700 | USDT:233610.000 | ARB:-0.271% | فرصت:722
[13062] منابع:7/7 | BTC:$77700.0000 | USDT:— | ARB:0% | فرصت:722
[13065] منابع:10/7 | BTC:$77676.6000 | USDT:233610.000 | ARB:-0.253% | فرصت:722
[13068] منابع:10/7 | BTC:$77660.3500 | USDT:233610.000 | ARB:-0.232% | فرصت:722
[13071] منابع:9/7 | BTC:$77626.1300 | USDT:233610.000 | ARB:-0.188% | فرصت:722
[13074] منابع:9/7 | BTC:$77644.4700 | USDT:233610.000 | ARB:-0.212% | فرصت:722
[13077] منابع:9/7 | BTC:$77668.5600 | USDT:233610.000 | ARB:-0.243% | فرصت:722
[13080] منابع:9/7 | BTC:$77650.3000 | USDT:233610.000 | ARB:-0.219% | فرصت:722
[13083] منابع:9/7 | BTC:$77642.3500 | USDT:233610.000 | ARB:-0.209% | فرصت:722
[13086] منابع:10/7 | BTC:$77631.0000 | USDT:233610.000 | ARB:-0.195% | فرصت:722
[13089] منابع:9/7 | BTC:$77640.1600 | USDT:233610.000 | ARB:-0.206% | فرصت:722
[13092] منابع:6/7 | BTC:$77635.6500 | USDT:— | ARB:0% | فرصت:722
[13095] منابع:9/7 | BTC:$77635.6400 | USDT:233610.000 | ARB:-0.201% | فرصت:722
[13098] منابع:9/7 | BTC:$77648.3000 | USDT:233610.000 | ARB:-0.217% | فرصت:722
[13101] منابع:9/7 | BTC:$77659.3600 | USDT:233610.000 | ARB:-0.231% | فرصت:722
[13104] منابع:10/7 | BTC:$77667.1200 | USDT:233610.000 | ARB:-0.241% | فرصت:722
[13107] منابع:10/7 | BTC:$77655.5000 | USDT:233610.000 | ARB:-0.226% | فرصت:722
[13110] منابع:9/7 | BTC:$77654.5300 | USDT:233610.000 | ARB:-0.225% | فرصت:722
[13113] منابع:9/7 | BTC:$77659.0000 | USDT:233610.000 | ARB:-0.231% | فرصت:722
[13116] منابع:9/7 | BTC:$77669.8300 | USDT:233610.000 | ARB:-0.244% | فرصت:722
[13119] منابع:9/7 | BTC:$77689.9700 | USDT:233610.000 | ARB:-0.270% | فرصت:722
[13122] منابع:10/7 | BTC:$77699.9800 | USDT:233610.000 | ARB:-0.283% | فرصت:722
[13125] منابع:10/7 | BTC:$77692.1600 | USDT:233610.000 | ARB:-0.273% | فرصت:722
[13128] منابع:9/7 | BTC:$77686.7100 | USDT:233610.000 | ARB:-0.266% | فرصت:722
[13131] منابع:9/7 | BTC:$77679.3100 | USDT:233715.000 | ARB:-0.022% | فرصت:722
[13134] منابع:9/7 | BTC:$77696.0600 | USDT:233715.000 | ARB:-0.043% | فرصت:722
[13137] منابع:9/7 | BTC:$77692.4700 | USDT:233715.000 | ARB:-0.039% | فرصت:722
[13140] منابع:10/7 | BTC:$77775.7900 | USDT:233715.000 | ARB:-0.146% | فرصت:722
[13143] منابع:10/7 | BTC:$77763.5200 | USDT:233715.000 | ARB:-0.130% | فرصت:722
[13146] منابع:9/7 | BTC:$77784.4000 | USDT:233715.000 | ARB:-0.157% | فرصت:722
[13149] منابع:9/7 | BTC:$77793.1000 | USDT:233715.000 | ARB:-0.168% | فرصت:722
[13152] منابع:9/7 | BTC:$77818.5400 | USDT:233715.000 | ARB:-0.201% | فرصت:722
[13155] منابع:9/7 | BTC:$77834.1500 | USDT:233715.000 | ARB:-0.221% | فرصت:722
[13158] منابع:9/7 | BTC:$77794.3700 | USDT:233715.000 | ARB:-0.170% | فرصت:722
[13161] منابع:10/7 | BTC:$77802.5300 | USDT:233715.000 | ARB:-0.180% | فرصت:722
[13164] منابع:9/7 | BTC:$77825.8600 | USDT:233715.000 | ARB:-0.210% | فرصت:722
[13167] منابع:9/7 | BTC:$77825.8500 | USDT:233715.000 | ARB:-0.210% | فرصت:722
[13170] منابع:7/7 | BTC:$77807.8500 | USDT:— | ARB:0% | فرصت:722
[13173] منابع:9/7 | BTC:$77810.3300 | USDT:233715.000 | ARB:-0.190% | فرصت:722
[13176] منابع:9/7 | BTC:$77804.6200 | USDT:233715.000 | ARB:-0.183% | فرصت:722
[13179] منابع:10/7 | BTC:$77800.0100 | USDT:233715.000 | ARB:-0.177% | فرصت:722
[13182] منابع:9/7 | BTC:$77800.0200 | USDT:233715.000 | ARB:-0.177% | فرصت:722
[13185] منابع:9/7 | BTC:$77784.6200 | USDT:233715.000 | ARB:-0.157% | فرصت:722
[13188] منابع:9/7 | BTC:$77799.3300 | USDT:233715.000 | ARB:-0.176% | فرصت:722
[13191] منابع:9/7 | BTC:$77810.2500 | USDT:233715.000 | ARB:-0.190% | فرصت:722
[13194] منابع:9/7 | BTC:$77822.8400 | USDT:233715.000 | ARB:-0.206% | فرصت:722
[13197] منابع:10/7 | BTC:$77822.8400 | USDT:233715.000 | ARB:-0.206% | فرصت:722
[13200] منابع:10/7 | BTC:$77820.0100 | USDT:233715.000 | ARB:-0.202% | فرصت:722
[13203] منابع:9/7 | BTC:$77830.1700 | USDT:233715.000 | ARB:-0.215% | فرصت:722
[13206] منابع:9/7 | BTC:$77830.1700 | USDT:233715.000 | ARB:-0.215% | فرصت:722
[13209] منابع:9/7 | BTC:$77830.1800 | USDT:233715.000 | ARB:-0.216% | فرصت:722
[13212] منابع:9/7 | BTC:$77839.3900 | USDT:233715.000 | ARB:-0.227% | فرصت:722
[13215] منابع:9/7 | BTC:$77840.6500 | USDT:233715.000 | ARB:-0.229% | فرصت:722
[13218] منابع:10/7 | BTC:$77824.6400 | USDT:233715.000 | ARB:-0.208% | فرصت:722
[13221] منابع:9/7 | BTC:$77808.7300 | USDT:233715.000 | ARB:-0.188% | فرصت:722
[13224] منابع:6/7 | BTC:$77800.8600 | USDT:— | ARB:0% | فرصت:722
[13227] منابع:9/7 | BTC:$77804.2200 | USDT:233827.000 | ARB:-0.069% | فرصت:722
[13230] منابع:9/7 | BTC:$77820.7800 | USDT:233827.000 | ARB:-0.091% | فرصت:722
[13233] منابع:9/7 | BTC:$77812.7100 | USDT:233827.000 | ARB:-0.080% | فرصت:722
[13236] منابع:10/7 | BTC:$77800.8700 | USDT:233827.000 | ARB:-0.065% | فرصت:722
[13239] منابع:10/7 | BTC:$77799.0100 | USDT:233827.000 | ARB:-0.063% | فرصت:722
[13242] منابع:9/7 | BTC:$77799.0100 | USDT:233827.000 | ARB:-0.063% | فرصت:722
[13245] منابع:9/7 | BTC:$77793.2200 | USDT:233827.000 | ARB:-0.055% | فرصت:722
[13248] منابع:9/7 | BTC:$77788.8400 | USDT:233827.000 | ARB:-0.050% | فرصت:722
[13251] منابع:9/7 | BTC:$77793.3800 | USDT:233827.000 | ARB:-0.056% | فرصت:722
[13254] منابع:10/7 | BTC:$77795.2700 | USDT:233827.000 | ARB:-0.058% | فرصت:722
[13257] منابع:10/7 | BTC:$77785.6200 | USDT:233827.000 | ARB:-0.046% | فرصت:722
[13260] منابع:9/7 | BTC:$77762.7500 | USDT:233827.000 | ARB:-0.016% | فرصت:722
[13263] منابع:9/7 | BTC:$77762.7600 | USDT:233827.000 | ARB:-0.016% | فرصت:722
[13266] منابع:9/7 | BTC:$77762.7600 | USDT:233827.000 | ARB:-0.016% | فرصت:722
[13269] منابع:9/7 | BTC:$77762.7600 | USDT:233827.000 | ARB:-0.016% | فرصت:722
[13272] منابع:10/7 | BTC:$77762.7500 | USDT:233827.000 | ARB:-0.016% | فرصت:722
[13275] منابع:10/7 | BTC:$77756.6500 | USDT:233827.000 | ARB:-0.008% | فرصت:722
[13278] منابع:9/7 | BTC:$77752.7600 | USDT:233827.000 | ARB:-0.003% | فرصت:722
[13281] منابع:9/7 | BTC:$77750.0000 | USDT:233827.000 | ARB:-0.000% | فرصت:722
[13284] منابع:9/7 | BTC:$77762.7600 | USDT:233827.000 | ARB:-0.016% | فرصت:722
[13287] منابع:9/7 | BTC:$77776.1600 | USDT:233827.000 | ARB:-0.033% | فرصت:722
[13290] منابع:10/7 | BTC:$77776.1700 | USDT:233827.000 | ARB:-0.033% | فرصت:722
[13293] منابع:10/7 | BTC:$77791.8400 | USDT:233827.000 | ARB:-0.054% | فرصت:722
[13296] منابع:9/7 | BTC:$77798.4200 | USDT:233827.000 | ARB:-0.062% | فرصت:722
[13299] منابع:9/7 | BTC:$77791.9200 | USDT:233827.000 | ARB:-0.054% | فرصت:722
[13302] منابع:9/7 | BTC:$77809.1800 | USDT:233827.000 | ARB:-0.076% | فرصت:722
[13305] منابع:9/7 | BTC:$77835.2900 | USDT:233827.000 | ARB:-0.109% | فرصت:722
[13308] منابع:9/7 | BTC:$77838.2800 | USDT:233827.000 | ARB:-0.113% | فرصت:722
[13311] منابع:10/7 | BTC:$77838.2800 | USDT:233827.000 | ARB:-0.113% | فرصت:722
[13314] منابع:9/7 | BTC:$77838.2800 | USDT:233827.000 | ARB:-0.113% | فرصت:722
[13317] منابع:9/7 | BTC:$77815.5300 | USDT:233828.000 | ARB:-0.084% | فرصت:722
[13320] منابع:9/7 | BTC:$77809.1900 | USDT:233828.000 | ARB:-0.076% | فرصت:722
[13323] منابع:9/7 | BTC:$77830.9300 | USDT:233828.000 | ARB:-0.104% | فرصت:722
[13326] منابع:9/7 | BTC:$77839.7500 | USDT:233828.000 | ARB:-0.115% | فرصت:722
[13329] منابع:10/7 | BTC:$77850.0000 | USDT:233828.000 | ARB:-0.129% | فرصت:722
[13332] منابع:9/7 | BTC:$77850.0000 | USDT:233828.000 | ARB:-0.129% | فرصت:722
[13335] منابع:9/7 | BTC:$77850.0000 | USDT:233828.000 | ARB:-0.129% | فرصت:722
[13338] منابع:9/7 | BTC:$77827.8500 | USDT:233828.000 | ARB:-0.100% | فرصت:722
[13341] منابع:9/7 | BTC:$77822.0600 | USDT:233828.000 | ARB:-0.093% | فرصت:722
[13344] منابع:9/7 | BTC:$77814.5700 | USDT:233828.000 | ARB:-0.083% | فرصت:722
[13347] منابع:10/7 | BTC:$77814.5300 | USDT:233828.000 | ARB:-0.083% | فرصت:722
[13350] منابع:10/7 | BTC:$77810.7600 | USDT:233828.000 | ARB:-0.078% | فرصت:722
[13353] منابع:9/7 | BTC:$77787.4600 | USDT:233828.000 | ARB:-0.048% | فرصت:722
[13356] منابع:9/7 | BTC:$77785.1400 | USDT:233828.000 | ARB:-0.045% | فرصت:722
[13359] منابع:9/7 | BTC:$77764.9700 | USDT:233828.000 | ARB:-0.019% | فرصت:722
[13362] منابع:9/7 | BTC:$77762.6800 | USDT:233828.000 | ARB:-0.017% | فرصت:722
[13365] منابع:10/7 | BTC:$77751.6100 | USDT:233828.000 | ARB:-0.002% | فرصت:722
[13368] منابع:9/7 | BTC:$77748.3700 | USDT:233828.000 | ARB:0.0013% | فرصت:722
[13371] منابع:9/7 | BTC:$77748.3700 | USDT:233828.000 | ARB:0.0013% | فرصت:722
[13374] منابع:9/7 | BTC:$77754.5200 | USDT:233828.000 | ARB:-0.006% | فرصت:722
[13377] منابع:9/7 | BTC:$77773.6800 | USDT:233828.000 | ARB:-0.031% | فرصت:722
[13380] منابع:9/7 | BTC:$77809.9900 | USDT:233828.000 | ARB:-0.077% | فرصت:722
[13383] منابع:10/7 | BTC:$77821.7300 | USDT:233828.000 | ARB:-0.092% | فرصت:722
[13386] منابع:10/7 | BTC:$77821.7300 | USDT:233828.000 | ARB:-0.092% | فرصت:722
[13389] منابع:6/7 | BTC:$77848.9000 | USDT:— | ARB:0% | فرصت:722
[13392] منابع:9/7 | BTC:$77848.9000 | USDT:233828.000 | ARB:-0.127% | فرصت:722
[13395] منابع:9/7 | BTC:$77834.2300 | USDT:233828.000 | ARB:-0.108% | فرصت:722
[13398] منابع:9/7 | BTC:$77834.2200 | USDT:233828.000 | ARB:-0.108% | فرصت:722
[13401] منابع:10/7 | BTC:$77834.2300 | USDT:233828.000 | ARB:-0.108% | فرصت:722
[13404] منابع:10/7 | BTC:$77834.2300 | USDT:233828.000 | ARB:-0.108% | فرصت:722
[13407] منابع:9/7 | BTC:$77844.7100 | USDT:233828.000 | ARB:-0.122% | فرصت:722
[13410] منابع:7/7 | BTC:$77843.6100 | USDT:— | ARB:0% | فرصت:722
[13413] منابع:9/7 | BTC:$77843.6100 | USDT:233829.000 | ARB:-0.121% | فرصت:722
[13416] منابع:9/7 | BTC:$77843.6200 | USDT:233829.000 | ARB:-0.121% | فرصت:722
[13419] منابع:10/7 | BTC:$77850.1000 | USDT:233829.000 | ARB:-0.129% | فرصت:722
[13422] منابع:10/7 | BTC:$77848.8900 | USDT:233829.000 | ARB:-0.128% | فرصت:722
[13425] منابع:7/7 | BTC:$77811.4300 | USDT:— | ARB:0% | فرصت:722
[13428] منابع:9/7 | BTC:$77780.5100 | USDT:233829.000 | ARB:-0.040% | فرصت:722
[13431] منابع:9/7 | BTC:$77780.5200 | USDT:233829.000 | ARB:-0.040% | فرصت:722
[13434] منابع:9/7 | BTC:$77786.3600 | USDT:233829.000 | ARB:-0.047% | فرصت:722
[13437] منابع:10/7 | BTC:$77776.8700 | USDT:233829.000 | ARB:-0.035% | فرصت:722
[13440] منابع:10/7 | BTC:$77744.6000 | USDT:233829.000 | ARB:0.0058% | فرصت:722
[13443] منابع:9/7 | BTC:$77744.5900 | USDT:233829.000 | ARB:0.0058% | فرصت:722
[13446] منابع:9/7 | BTC:$77744.6000 | USDT:233829.000 | ARB:0.0058% | فرصت:722
[13449] منابع:9/7 | BTC:$77778.8200 | USDT:233829.000 | ARB:-0.038% | فرصت:722
[13452] منابع:9/7 | BTC:$77777.7100 | USDT:233829.000 | ARB:-0.036% | فرصت:722
[13455] منابع:8/7 | BTC:$77764.0500 | USDT:233829.000 | ARB:-0.019% | فرصت:722
[13458] منابع:10/7 | BTC:$77761.5500 | USDT:233829.000 | ARB:-0.015% | فرصت:722
[13461] منابع:9/7 | BTC:$77752.7100 | USDT:233829.000 | ARB:-0.004% | فرصت:722
[13464] منابع:7/7 | BTC:$77735.3600 | USDT:— | ARB:0% | فرصت:722
[13467] منابع:9/7 | BTC:$77704.1600 | USDT:233829.000 | ARB:0.0578% | فرصت:722
[13470] منابع:9/7 | BTC:$77699.3500 | USDT:233829.000 | ARB:0.0640% | فرصت:722
[13473] منابع:10/7 | BTC:$77699.3500 | USDT:233829.000 | ARB:0.0640% | فرصت:722
[13476] منابع:10/7 | BTC:$77693.5700 | USDT:233829.000 | ARB:0.0715% | فرصت:722
[13479] منابع:9/7 | BTC:$77667.7800 | USDT:233829.000 | ARB:0.1047% | فرصت:722
[13482] منابع:9/7 | BTC:$77667.8800 | USDT:233829.000 | ARB:0.1046% | فرصت:722
[13485] منابع:9/7 | BTC:$77660.8900 | USDT:233829.000 | ARB:0.1136% | فرصت:722
[13488] منابع:7/7 | BTC:$— | USDT:233829.000 | ARB:0% | فرصت:722
[13491] منابع:9/7 | BTC:$77666.2700 | USDT:233829.000 | ARB:0.1066% | فرصت:722
[13494] منابع:7/7 | BTC:$77666.2700 | USDT:— | ARB:0% | فرصت:722
[13497] منابع:9/7 | BTC:$77665.6000 | USDT:233829.000 | ARB:0.1075% | فرصت:722
[13500] منابع:9/7 | BTC:$77697.2100 | USDT:233829.000 | ARB:0.0668% | فرصت:722
[13503] منابع:9/7 | BTC:$77699.9900 | USDT:233509.000 | ARB:0.1728% | فرصت:722
[13506] منابع:9/7 | BTC:$77699.9900 | USDT:233509.000 | ARB:0.1728% | فرصت:722
[13509] منابع:9/7 | BTC:$77691.0900 | USDT:233509.000 | ARB:0.1842% | فرصت:722
[13512] منابع:10/7 | BTC:$77683.6900 | USDT:233509.000 | ARB:0.1938% | فرصت:722
[13515] منابع:9/7 | BTC:$77674.1200 | USDT:233509.000 | ARB:0.2061% | فرصت:722
[13518] منابع:9/7 | BTC:$77666.3300 | USDT:233509.000 | ARB:0.2162% | فرصت:722
[13521] منابع:9/7 | BTC:$77666.3400 | USDT:233509.000 | ARB:0.2162% | فرصت:722
[13524] منابع:9/7 | BTC:$77666.3400 | USDT:233509.000 | ARB:0.2162% | فرصت:722
[13527] منابع:9/7 | BTC:$77666.3400 | USDT:233509.000 | ARB:0.2162% | فرصت:722
[13530] منابع:10/7 | BTC:$77666.3400 | USDT:233509.000 | ARB:0.2162% | فرصت:722
[13533] منابع:10/7 | BTC:$77634.9100 | USDT:233509.000 | ARB:0.2567% | فرصت:722
[13536] منابع:9/7 | BTC:$77656.8400 | USDT:233509.000 | ARB:0.2284% | فرصت:722
[13539] منابع:9/7 | BTC:$77656.8400 | USDT:233509.000 | ARB:0.2284% | فرصت:722
[13542] منابع:9/7 | BTC:$77649.2900 | USDT:233509.000 | ARB:0.2382% | فرصت:722
[13545] منابع:9/7 | BTC:$77622.4300 | USDT:233509.000 | ARB:0.2728% | فرصت:722
[13548] منابع:9/7 | BTC:$77612.1000 | USDT:233509.000 | ARB:0.2862% | فرصت:722
[13551] منابع:10/7 | BTC:$77597.3500 | USDT:233509.000 | ARB:0.3053% | فرصت:724
[13554] منابع:9/7 | BTC:$77597.3400 | USDT:233509.000 | ARB:0.3053% | فرصت:727
[13557] منابع:9/7 | BTC:$77597.3500 | USDT:233509.000 | ARB:0.3053% | فرصت:730
[13560] منابع:9/7 | BTC:$77608.1700 | USDT:233509.000 | ARB:0.2913% | فرصت:731
[13563] منابع:9/7 | BTC:$77601.4800 | USDT:233509.000 | ARB:0.2999% | فرصت:731
[13566] منابع:10/7 | BTC:$77597.6100 | USDT:233509.000 | ARB:0.3049% | فرصت:732
[13569] منابع:10/7 | BTC:$77580.0000 | USDT:233509.000 | ARB:0.3277% | فرصت:735
[13572] منابع:9/7 | BTC:$77551.7500 | USDT:233509.000 | ARB:0.3642% | فرصت:738
[13575] منابع:9/7 | BTC:$77551.7900 | USDT:233509.000 | ARB:0.3642% | فرصت:741
[13578] منابع:9/7 | BTC:$77553.0100 | USDT:233509.000 | ARB:0.3626% | فرصت:744
[13581] منابع:9/7 | BTC:$77553.0100 | USDT:233509.000 | ARB:0.3626% | فرصت:747
[13584] منابع:7/7 | BTC:$77553.0000 | USDT:— | ARB:0% | فرصت:749
[13587] منابع:10/7 | BTC:$77531.3300 | USDT:233509.000 | ARB:0.3907% | فرصت:751
[13590] منابع:10/7 | BTC:$77531.3200 | USDT:233509.000 | ARB:0.3907% | فرصت:754
[13593] منابع:9/7 | BTC:$77538.4700 | USDT:233509.000 | ARB:0.3814% | فرصت:757
[13596] منابع:9/7 | BTC:$77541.9100 | USDT:233506.000 | ARB:0.2445% | فرصت:759
[13599] منابع:9/7 | BTC:$77549.9400 | USDT:233506.000 | ARB:0.2342% | فرصت:759
[13602] منابع:9/7 | BTC:$77549.9400 | USDT:233506.000 | ARB:0.2342% | فرصت:759
[13605] منابع:10/7 | BTC:$77549.9400 | USDT:233506.000 | ARB:0.2342% | فرصت:759
[13608] منابع:10/7 | BTC:$77549.9400 | USDT:233506.000 | ARB:0.2342% | فرصت:759
[13611] منابع:9/7 | BTC:$77549.9900 | USDT:233506.000 | ARB:0.2341% | فرصت:759
[13614] منابع:9/7 | BTC:$77550.9800 | USDT:233506.000 | ARB:0.2328% | فرصت:759
[13617] منابع:9/7 | BTC:$77540.0000 | USDT:233506.000 | ARB:0.2470% | فرصت:759
[13620] منابع:9/7 | BTC:$77540.0000 | USDT:233506.000 | ARB:0.2470% | فرصت:759
[13623] منابع:9/7 | BTC:$77541.3800 | USDT:233506.000 | ARB:0.2452% | فرصت:759
[13626] منابع:10/7 | BTC:$77542.5800 | USDT:233506.000 | ARB:0.2437% | فرصت:759
[13629] منابع:3/7 | BTC:$77542.6000 | USDT:— | ARB:0% | فرصت:759
[13632] منابع:7/7 | BTC:$77542.6500 | USDT:— | ARB:0% | فرصت:759
[13635] منابع:9/7 | BTC:$77544.5400 | USDT:233506.000 | ARB:0.2411% | فرصت:759
[13638] منابع:7/7 | BTC:$77544.5400 | USDT:— | ARB:0% | فرصت:759
[13641] منابع:9/7 | BTC:$77544.5400 | USDT:233506.000 | ARB:0.2411% | فرصت:759
[13644] منابع:10/7 | BTC:$77544.5400 | USDT:233506.000 | ARB:0.2411% | فرصت:759
[13647] منابع:10/7 | BTC:$77566.2500 | USDT:233506.000 | ARB:0.2131% | فرصت:759
[13650] منابع:9/7 | BTC:$77566.5500 | USDT:233506.000 | ARB:0.2127% | فرصت:759
[13653] منابع:9/7 | BTC:$77564.9900 | USDT:233506.000 | ARB:0.2147% | فرصت:759
[13656] منابع:9/7 | BTC:$77549.5400 | USDT:233506.000 | ARB:0.2347% | فرصت:759
[13659] منابع:9/7 | BTC:$77549.5200 | USDT:233506.000 | ARB:0.2347% | فرصت:759
[13662] منابع:9/7 | BTC:$77553.7000 | USDT:233506.000 | ARB:0.2293% | فرصت:759
[13665] منابع:10/7 | BTC:$77558.9800 | USDT:233506.000 | ARB:0.2225% | فرصت:759
[13668] منابع:10/7 | BTC:$77558.9800 | USDT:233506.000 | ARB:0.2225% | فرصت:759
[13671] منابع:9/7 | BTC:$77558.9800 | USDT:233506.000 | ARB:0.2225% | فرصت:759
[13674] منابع:9/7 | BTC:$77578.0000 | USDT:233506.000 | ARB:0.1979% | فرصت:759
[13677] منابع:9/7 | BTC:$77557.3900 | USDT:233506.000 | ARB:0.2245% | فرصت:759
[13680] منابع:9/7 | BTC:$77567.3600 | USDT:233506.000 | ARB:0.2116% | فرصت:759
[13683] منابع:10/7 | BTC:$77548.0900 | USDT:233506.000 | ARB:0.2366% | فرصت:759
[13686] منابع:9/7 | BTC:$77548.0900 | USDT:233506.000 | ARB:0.2366% | فرصت:759
[13689] منابع:9/7 | BTC:$77548.0900 | USDT:233506.000 | ARB:0.2366% | فرصت:759
[13692] منابع:6/7 | BTC:$77548.0900 | USDT:— | ARB:0% | فرصت:759
[13695] منابع:0/7 | BTC:$— | USDT:— | ARB:0% | فرصت:759
[13698] منابع:10/7 | BTC:$77510.0100 | USDT:233001.000 | ARB:0.2219% | فرصت:759
[13701] منابع:10/7 | BTC:$77504.0200 | USDT:233001.000 | ARB:0.2297% | فرصت:759
[13704] منابع:10/7 | BTC:$77512.2500 | USDT:233001.000 | ARB:0.2190% | فرصت:759
[13707] منابع:9/7 | BTC:$77521.9000 | USDT:233001.000 | ARB:0.2066% | فرصت:759
[13710] منابع:9/7 | BTC:$77521.8900 | USDT:233001.000 | ARB:0.2066% | فرصت:759
[13713] منابع:9/7 | BTC:$77521.9000 | USDT:233001.000 | ARB:0.2066% | فرصت:759
[13716] منابع:9/7 | BTC:$77518.7600 | USDT:233001.000 | ARB:0.2106% | فرصت:759
[13719] منابع:10/7 | BTC:$77518.7600 | USDT:233001.000 | ARB:0.2106% | فرصت:759
[13722] منابع:10/7 | BTC:$77518.7500 | USDT:233001.000 | ARB:0.2106% | فرصت:759
[13725] منابع:9/7 | BTC:$77521.8900 | USDT:233001.000 | ARB:0.2066% | فرصت:759
[13728] منابع:9/7 | BTC:$77521.9000 | USDT:233001.000 | ARB:0.2066% | فرصت:759
[13731] منابع:9/7 | BTC:$77535.4200 | USDT:233001.000 | ARB:0.1891% | فرصت:759
[13734] منابع:9/7 | BTC:$77535.1000 | USDT:233001.000 | ARB:0.1895% | فرصت:759
[13737] منابع:10/7 | BTC:$77530.0000 | USDT:233001.000 | ARB:0.1961% | فرصت:759
[13740] منابع:10/7 | BTC:$77530.0200 | USDT:233001.000 | ARB:0.1961% | فرصت:759
[13743] منابع:7/7 | BTC:$77535.1000 | USDT:— | ARB:0% | فرصت:759
[13746] منابع:9/7 | BTC:$77530.5300 | USDT:233001.000 | ARB:0.1954% | فرصت:759
[13749] منابع:9/7 | BTC:$77530.5400 | USDT:233001.000 | ARB:0.1954% | فرصت:759
[13752] منابع:9/7 | BTC:$77556.4000 | USDT:233001.000 | ARB:0.1620% | فرصت:759
[13755] منابع:10/7 | BTC:$77556.4100 | USDT:233001.000 | ARB:0.1620% | فرصت:759
[13758] منابع:10/7 | BTC:$77557.9900 | USDT:233001.000 | ARB:0.1599% | فرصت:759
[13761] منابع:9/7 | BTC:$77553.3300 | USDT:233001.000 | ARB:0.1660% | فرصت:759
[13764] منابع:9/7 | BTC:$77553.3300 | USDT:233001.000 | ARB:0.1660% | فرصت:759
[13767] منابع:9/7 | BTC:$77553.3300 | USDT:233001.000 | ARB:0.1660% | فرصت:759
[13770] منابع:9/7 | BTC:$77553.3200 | USDT:233001.000 | ARB:0.1660% | فرصت:759
[13773] منابع:9/7 | BTC:$77553.3300 | USDT:233001.000 | ARB:0.1660% | فرصت:759
[13776] منابع:10/7 | BTC:$77553.3200 | USDT:233001.000 | ARB:0.1660% | فرصت:759
[13779] منابع:9/7 | BTC:$77547.5300 | USDT:233001.000 | ARB:0.1734% | فرصت:759
[13782] منابع:9/7 | BTC:$77547.5300 | USDT:233001.000 | ARB:0.1734% | فرصت:759
[13785] منابع:9/7 | BTC:$77547.5300 | USDT:233005.000 | ARB:-0.141% | فرصت:759
[13788] منابع:9/7 | BTC:$77547.5400 | USDT:233005.000 | ARB:-0.141% | فرصت:759
[13791] منابع:9/7 | BTC:$77541.2500 | USDT:233005.000 | ARB:-0.133% | فرصت:759
[13794] منابع:10/7 | BTC:$77541.2500 | USDT:233005.000 | ARB:-0.133% | فرصت:759
[13797] منابع:10/7 | BTC:$77541.2500 | USDT:233005.000 | ARB:-0.133% | فرصت:759
[13800] منابع:9/7 | BTC:$77532.6400 | USDT:233005.000 | ARB:-0.122% | فرصت:759
[13803] منابع:9/7 | BTC:$77532.6300 | USDT:233005.000 | ARB:-0.122% | فرصت:759
[13806] منابع:9/7 | BTC:$77532.6300 | USDT:233005.000 | ARB:-0.122% | فرصت:759
[13809] منابع:9/7 | BTC:$77532.6300 | USDT:233005.000 | ARB:-0.122% | فرصت:759
[13812] منابع:8/7 | BTC:$77571.8200 | USDT:— | ARB:0% | فرصت:759
[13815] منابع:10/7 | BTC:$77580.7900 | USDT:233005.000 | ARB:-0.184% | فرصت:759
[13818] منابع:9/7 | BTC:$77582.0900 | USDT:233005.000 | ARB:-0.185% | فرصت:759
[13821] منابع:9/7 | BTC:$77582.0900 | USDT:233005.000 | ARB:-0.185% | فرصت:759
[13824] منابع:9/7 | BTC:$77596.3300 | USDT:233005.000 | ARB:-0.204% | فرصت:759
[13827] منابع:9/7 | BTC:$77584.3100 | USDT:233005.000 | ARB:-0.188% | فرصت:759
[13830] منابع:0/7 | BTC:$— | USDT:— | ARB:0% | فرصت:759
[13833] منابع:10/7 | BTC:$77612.2000 | USDT:233005.000 | ARB:-0.224% | فرصت:759
[13836] منابع:9/7 | BTC:$77593.1900 | USDT:233005.000 | ARB:-0.200% | فرصت:759
[13839] منابع:9/7 | BTC:$77568.7800 | USDT:233005.000 | ARB:-0.168% | فرصت:759
[13842] منابع:9/7 | BTC:$77571.9100 | USDT:233005.000 | ARB:-0.172% | فرصت:759
[13845] منابع:9/7 | BTC:$77591.7200 | USDT:233005.000 | ARB:-0.198% | فرصت:759
[13848] منابع:9/7 | BTC:$77591.7200 | USDT:233005.000 | ARB:-0.198% | فرصت:759
[13851] منابع:10/7 | BTC:$77574.3900 | USDT:233005.000 | ARB:-0.175% | فرصت:759
[13854] منابع:10/7 | BTC:$77569.7900 | USDT:233005.000 | ARB:-0.169% | فرصت:759
[13857] منابع:9/7 | BTC:$77569.8000 | USDT:233005.000 | ARB:-0.169% | فرصت:759
[13860] منابع:9/7 | BTC:$77568.6500 | USDT:233005.000 | ARB:-0.168% | فرصت:759
[13863] منابع:9/7 | BTC:$77565.9700 | USDT:233005.000 | ARB:-0.165% | فرصت:759
[13866] منابع:6/7 | BTC:$77565.9600 | USDT:— | ARB:0% | فرصت:759
[13869] منابع:10/7 | BTC:$77565.9700 | USDT:233005.000 | ARB:-0.165% | فرصت:759
[13872] منابع:9/7 | BTC:$77565.9700 | USDT:233005.000 | ARB:-0.165% | فرصت:759
[13875] منابع:9/7 | BTC:$77561.0500 | USDT:232952.000 | ARB:-0.188% | فرصت:759
[13878] منابع:9/7 | BTC:$77561.0500 | USDT:232952.000 | ARB:-0.188% | فرصت:759
[13881] منابع:9/7 | BTC:$77543.9400 | USDT:232952.000 | ARB:-0.166% | فرصت:759
[13884] منابع:9/7 | BTC:$77549.7100 | USDT:232952.000 | ARB:-0.174% | فرصت:759
[13887] منابع:10/7 | BTC:$77549.7100 | USDT:232952.000 | ARB:-0.174% | فرصت:759
[13890] منابع:10/7 | BTC:$77559.1300 | USDT:232952.000 | ARB:-0.186% | فرصت:759
[13893] منابع:9/7 | BTC:$77559.1300 | USDT:232952.000 | ARB:-0.186% | فرصت:759
[13896] منابع:9/7 | BTC:$77570.0200 | USDT:232952.000 | ARB:-0.200% | فرصت:759
[13899] منابع:9/7 | BTC:$77570.0200 | USDT:232952.000 | ARB:-0.200% | فرصت:759
[13902] منابع:9/7 | BTC:$77570.0200 | USDT:232952.000 | ARB:-0.200% | فرصت:759
[13905] منابع:10/7 | BTC:$77592.0600 | USDT:232952.000 | ARB:-0.228% | فرصت:759
[13908] منابع:10/7 | BTC:$77612.2800 | USDT:232952.000 | ARB:-0.254% | فرصت:759
[13911] منابع:9/7 | BTC:$77621.2600 | USDT:232952.000 | ARB:-0.266% | فرصت:759
[13914] منابع:9/7 | BTC:$77634.0700 | USDT:232952.000 | ARB:-0.282% | فرصت:759
[13917] منابع:9/7 | BTC:$77638.2300 | USDT:232952.000 | ARB:-0.287% | فرصت:759
[13920] منابع:9/7 | BTC:$77638.2200 | USDT:232952.000 | ARB:-0.287% | فرصت:759
[13923] منابع:10/7 | BTC:$77592.0600 | USDT:232952.000 | ARB:-0.228% | فرصت:759
[13926] منابع:10/7 | BTC:$77592.0500 | USDT:232952.000 | ARB:-0.228% | فرصت:759
[13929] منابع:10/7 | BTC:$77580.6000 | USDT:232952.000 | ARB:-0.213% | فرصت:759
[13932] منابع:9/7 | BTC:$77580.3600 | USDT:232952.000 | ARB:-0.213% | فرصت:759
[13935] منابع:9/7 | BTC:$77580.6000 | USDT:232952.000 | ARB:-0.213% | فرصت:759
[13938] منابع:9/7 | BTC:$77590.7400 | USDT:232952.000 | ARB:-0.226% | فرصت:759
[13941] منابع:5/7 | BTC:$77590.7300 | USDT:— | ARB:0% | فرصت:759
[13944] منابع:10/7 | BTC:$77590.7400 | USDT:232952.000 | ARB:-0.226% | فرصت:759
[13947] منابع:9/7 | BTC:$77590.7400 | USDT:232952.000 | ARB:-0.226% | فرصت:759
[13950] منابع:9/7 | BTC:$77590.7400 | USDT:232952.000 | ARB:-0.226% | فرصت:759
[13953] منابع:9/7 | BTC:$77611.3400 | USDT:232952.000 | ARB:-0.253% | فرصت:759
[13956] منابع:9/7 | BTC:$77611.3400 | USDT:232952.000 | ARB:-0.253% | فرصت:759
[13959] منابع:10/7 | BTC:$77601.8400 | USDT:232952.000 | ARB:-0.241% | فرصت:759
[13962] منابع:10/7 | BTC:$77601.8300 | USDT:232952.000 | ARB:-0.241% | فرصت:759
[13965] منابع:9/7 | BTC:$77601.8300 | USDT:232880.000 | ARB:-0.239% | فرصت:759
[13968] منابع:9/7 | BTC:$77599.7900 | USDT:232880.000 | ARB:-0.236% | فرصت:759
[13971] منابع:9/7 | BTC:$77586.6200 | USDT:232880.000 | ARB:-0.219% | فرصت:759
[13974] منابع:9/7 | BTC:$77570.8000 | USDT:232880.000 | ARB:-0.199% | فرصت:759
[13977] منابع:7/7 | BTC:$77575.6300 | USDT:— | ARB:0% | فرصت:759
[13980] منابع:7/7 | BTC:$77575.6200 | USDT:— | ARB:0% | فرصت:759
[13983] منابع:6/7 | BTC:$77579.6800 | USDT:— | ARB:0% | فرصت:759
[13986] منابع:9/7 | BTC:$77579.6800 | USDT:232880.000 | ARB:-0.210% | فرصت:759
[13989] منابع:9/7 | BTC:$77579.6700 | USDT:232880.000 | ARB:-0.210% | فرصت:759
[13992] منابع:9/7 | BTC:$77585.2400 | USDT:232880.000 | ARB:-0.217% | فرصت:759
[13995] منابع:10/7 | BTC:$77585.2400 | USDT:232880.000 | ARB:-0.217% | فرصت:759
[13998] منابع:9/7 | BTC:$77585.2400 | USDT:232880.000 | ARB:-0.217% | فرصت:759
[14001] منابع:9/7 | BTC:$77585.2500 | USDT:232880.000 | ARB:-0.217% | فرصت:759
[14004] منابع:9/7 | BTC:$77576.5800 | USDT:232880.000 | ARB:-0.206% | فرصت:759
[14007] منابع:7/7 | BTC:$77590.9400 | USDT:— | ARB:0% | فرصت:759
[14010] منابع:9/7 | BTC:$77588.4700 | USDT:232880.000 | ARB:-0.221% | فرصت:759
[14013] منابع:10/7 | BTC:$77573.3100 | USDT:232880.000 | ARB:-0.202% | فرصت:759
[14016] منابع:9/7 | BTC:$77563.5300 | USDT:232880.000 | ARB:-0.189% | فرصت:759
[14019] منابع:9/7 | BTC:$77557.9100 | USDT:232880.000 | ARB:-0.182% | فرصت:759
[14022] منابع:9/7 | BTC:$77553.2600 | USDT:232880.000 | ARB:-0.176% | فرصت:759
[14025] منابع:7/7 | BTC:$77549.8900 | USDT:— | ARB:0% | فرصت:759
[14028] منابع:9/7 | BTC:$77549.8900 | USDT:232880.000 | ARB:-0.172% | فرصت:759
[14031] منابع:10/7 | BTC:$77570.8900 | USDT:232880.000 | ARB:-0.199% | فرصت:759
[14034] منابع:9/7 | BTC:$77590.9100 | USDT:232880.000 | ARB:-0.224% | فرصت:759
[14037] منابع:9/7 | BTC:$77573.1300 | USDT:232880.000 | ARB:-0.202% | فرصت:759
[14040] منابع:7/7 | BTC:$— | USDT:232880.000 | ARB:0% | فرصت:759
[14043] منابع:6/7 | BTC:$77573.1400 | USDT:— | ARB:0% | فرصت:759
[14046] منابع:10/7 | BTC:$77573.1400 | USDT:232402.000 | ARB:0.1993% | فرصت:759
[14049] منابع:10/7 | BTC:$77573.1400 | USDT:232402.000 | ARB:0.1993% | فرصت:759
[14052] منابع:5/7 | BTC:$77573.1300 | USDT:— | ARB:0% | فرصت:759
[14055] منابع:9/7 | BTC:$77573.1400 | USDT:232402.000 | ARB:0.1993% | فرصت:759
[14058] منابع:9/7 | BTC:$77573.1300 | USDT:232402.000 | ARB:0.1993% | فرصت:759
[14061] منابع:9/7 | BTC:$77573.1300 | USDT:232402.000 | ARB:0.1993% | فرصت:759
[14064] منابع:9/7 | BTC:$77565.0600 | USDT:232402.000 | ARB:0.2097% | فرصت:759
[14067] منابع:9/7 | BTC:$77565.0600 | USDT:232402.000 | ARB:0.2097% | فرصت:759
[14070] منابع:10/7 | BTC:$77562.0300 | USDT:232402.000 | ARB:0.2136% | فرصت:759
[14073] منابع:0/7 | BTC:$— | USDT:— | ARB:0% | فرصت:759
[14076] منابع:9/7 | BTC:$77589.5600 | USDT:232402.000 | ARB:0.1781% | فرصت:759
[14079] منابع:9/7 | BTC:$77599.0800 | USDT:232402.000 | ARB:0.1658% | فرصت:759
[14082] منابع:9/7 | BTC:$77599.0800 | USDT:232402.000 | ARB:0.1658% | فرصت:759
[14085] منابع:9/7 | BTC:$77599.0800 | USDT:232402.000 | ARB:0.1658% | فرصت:759
[14088] منابع:9/7 | BTC:$77611.4900 | USDT:232402.000 | ARB:0.1498% | فرصت:759
[14091] منابع:10/7 | BTC:$77599.0700 | USDT:232402.000 | ARB:0.1658% | فرصت:759
[14094] منابع:9/7 | BTC:$77603.8500 | USDT:232402.000 | ARB:0.1596% | فرصت:759
[14097] منابع:7/7 | BTC:$77603.8500 | USDT:— | ARB:0% | فرصت:759
[14100] منابع:9/7 | BTC:$77599.0800 | USDT:232402.000 | ARB:0.1658% | فرصت:759
[14103] منابع:9/7 | BTC:$77599.0800 | USDT:232402.000 | ARB:0.1658% | فرصت:759
[14106] منابع:9/7 | BTC:$77599.0800 | USDT:232402.000 | ARB:0.1658% | فرصت:759
[14109] منابع:7/7 | BTC:$77593.0000 | USDT:— | ARB:0% | فرصت:759
[14112] منابع:10/7 | BTC:$77593.2400 | USDT:232402.000 | ARB:0.1733% | فرصت:759
[14115] منابع:9/7 | BTC:$77611.2400 | USDT:232402.000 | ARB:0.1501% | فرصت:759
[14118] منابع:9/7 | BTC:$77648.5500 | USDT:232402.000 | ARB:0.1020% | فرصت:759
[14121] منابع:9/7 | BTC:$77658.3400 | USDT:232402.000 | ARB:0.0894% | فرصت:759
[14124] منابع:9/7 | BTC:$77665.9900 | USDT:232402.000 | ARB:0.0795% | فرصت:759
[14127] منابع:9/7 | BTC:$77665.9900 | USDT:232402.000 | ARB:0.0795% | فرصت:759
[14130] منابع:10/7 | BTC:$77649.7400 | USDT:232402.000 | ARB:0.1004% | فرصت:759
[14133] منابع:10/7 | BTC:$77662.2500 | USDT:232402.000 | ARB:0.0843% | فرصت:759
[14136] منابع:9/7 | BTC:$77655.1200 | USDT:232402.000 | ARB:0.0935% | فرصت:759
[14139] منابع:9/7 | BTC:$77675.1700 | USDT:232402.000 | ARB:0.0677% | فرصت:759
[14142] منابع:9/7 | BTC:$77677.5100 | USDT:231652.000 | ARB:0.0794% | فرصت:759
[14145] منابع:7/7 | BTC:$77684.0600 | USDT:— | ARB:0% | فرصت:759
[14148] منابع:10/7 | BTC:$77679.4200 | USDT:231652.000 | ARB:0.0769% | فرصت:759
[14151] منابع:10/7 | BTC:$77671.1200 | USDT:231652.000 | ARB:0.0876% | فرصت:759
[14154] منابع:9/7 | BTC:$77671.1200 | USDT:231652.000 | ARB:0.0876% | فرصت:759
[14157] منابع:9/7 | BTC:$77678.6800 | USDT:231652.000 | ARB:0.0779% | فرصت:759
[14160] منابع:9/7 | BTC:$77691.5500 | USDT:231652.000 | ARB:0.0613% | فرصت:759
[14163] منابع:9/7 | BTC:$77689.8000 | USDT:231652.000 | ARB:0.0636% | فرصت:759
[14166] منابع:9/7 | BTC:$77677.8400 | USDT:231652.000 | ARB:0.0790% | فرصت:759
[14169] منابع:10/7 | BTC:$77674.2200 | USDT:231652.000 | ARB:0.0836% | فرصت:759
[14172] منابع:9/7 | BTC:$77669.4900 | USDT:231652.000 | ARB:0.0897% | فرصت:759
[14175] منابع:9/7 | BTC:$77664.8400 | USDT:231652.000 | ARB:0.0957% | فرصت:759
[14178] منابع:0/7 | BTC:$— | USDT:— | ARB:0% | فرصت:759
[14181] منابع:9/7 | BTC:$77663.5400 | USDT:231652.000 | ARB:0.0974% | فرصت:759
[14184] منابع:9/7 | BTC:$77663.5400 | USDT:231652.000 | ARB:0.0974% | فرصت:759
[14187] منابع:10/7 | BTC:$77623.3400 | USDT:231652.000 | ARB:0.1492% | فرصت:759
[14190] منابع:9/7 | BTC:$77623.3200 | USDT:231652.000 | ARB:0.1493% | فرصت:759
[14193] منابع:9/7 | BTC:$77621.8500 | USDT:231652.000 | ARB:0.1512% | فرصت:759
[14196] منابع:9/7 | BTC:$77628.3400 | USDT:231652.000 | ARB:0.1428% | فرصت:759
[14199] منابع:9/7 | BTC:$77624.3300 | USDT:231652.000 | ARB:0.1480% | فرصت:759
[14202] منابع:9/7 | BTC:$77636.1600 | USDT:231652.000 | ARB:0.1327% | فرصت:759
[14205] منابع:10/7 | BTC:$77636.1500 | USDT:231652.000 | ARB:0.1327% | فرصت:759
[14208] منابع:10/7 | BTC:$77636.1500 | USDT:231652.000 | ARB:0.1327% | فرصت:759
[14211] منابع:9/7 | BTC:$77644.2800 | USDT:231652.000 | ARB:0.1222% | فرصت:759
[14214] منابع:9/7 | BTC:$77648.6600 | USDT:231652.000 | ARB:0.1166% | فرصت:759
[14217] منابع:9/7 | BTC:$77647.3900 | USDT:231652.000 | ARB:0.1182% | فرصت:759
[14220] منابع:9/7 | BTC:$77636.5100 | USDT:231652.000 | ARB:0.1322% | فرصت:759
[14223] منابع:10/7 | BTC:$77636.5100 | USDT:231652.000 | ARB:0.1322% | فرصت:759
[14226] منابع:9/7 | BTC:$77636.5000 | USDT:231652.000 | ARB:0.1323% | فرصت:759
[14229] منابع:9/7 | BTC:$77619.9400 | USDT:231652.000 | ARB:0.1536% | فرصت:759
[14232] منابع:9/7 | BTC:$77618.5800 | USDT:231202.000 | ARB:-0.047% | فرصت:759
[14235] منابع:9/7 | BTC:$77610.8000 | USDT:231202.000 | ARB:-0.037% | فرصت:759
[14238] منابع:9/7 | BTC:$77606.0900 | USDT:231202.000 | ARB:-0.031% | فرصت:759
[14241] منابع:10/7 | BTC:$77587.0000 | USDT:231202.000 | ARB:-0.007% | فرصت:759
[14244] منابع:9/7 | BTC:$77564.5100 | USDT:231202.000 | ARB:0.0219% | فرصت:759
[14247] منابع:7/7 | BTC:$77548.0100 | USDT:— | ARB:0% | فرصت:759
[14250] منابع:9/7 | BTC:$77541.8100 | USDT:231202.000 | ARB:0.0512% | فرصت:759
[14253] منابع:9/7 | BTC:$77541.8000 | USDT:231202.000 | ARB:0.0512% | فرصت:759
[14256] منابع:9/7 | BTC:$77541.8000 | USDT:231202.000 | ARB:0.0512% | فرصت:759
[14259] منابع:10/7 | BTC:$77606.0900 | USDT:231202.000 | ARB:-0.031% | فرصت:759
[14262] منابع:10/7 | BTC:$77609.9900 | USDT:231202.000 | ARB:-0.036% | فرصت:759
[14265] منابع:9/7 | BTC:$77615.2500 | USDT:231202.000 | ARB:-0.043% | فرصت:759
[14268] منابع:9/7 | BTC:$77596.5500 | USDT:231202.000 | ARB:-0.019% | فرصت:759
[14271] منابع:9/7 | BTC:$77596.5500 | USDT:231202.000 | ARB:-0.019% | فرصت:759
[14274] منابع:9/7 | BTC:$77596.5500 | USDT:231202.000 | ARB:-0.019% | فرصت:759
[14277] منابع:9/7 | BTC:$77597.1200 | USDT:231202.000 | ARB:-0.020% | فرصت:759
[14280] منابع:10/7 | BTC:$77597.1200 | USDT:231202.000 | ARB:-0.020% | فرصت:759
[14283] منابع:9/7 | BTC:$77597.1100 | USDT:231202.000 | ARB:-0.020% | فرصت:759
[14286] منابع:9/7 | BTC:$77597.1200 | USDT:231202.000 | ARB:-0.020% | فرصت:759
[14289] منابع:9/7 | BTC:$77597.1200 | USDT:231202.000 | ARB:-0.020% | فرصت:759
[14292] منابع:9/7 | BTC:$77589.0700 | USDT:231202.000 | ARB:-0.009% | فرصت:759
[14295] منابع:10/7 | BTC:$77589.0700 | USDT:231202.000 | ARB:-0.009% | فرصت:759
[14298] منابع:10/7 | BTC:$77589.0700 | USDT:231202.000 | ARB:-0.009% | فرصت:759
[14301] منابع:9/7 | BTC:$77589.0700 | USDT:231202.000 | ARB:-0.009% | فرصت:759
[14304] منابع:9/7 | BTC:$77599.9900 | USDT:231202.000 | ARB:-0.023% | فرصت:759
[14307] منابع:9/7 | BTC:$77593.0600 | USDT:231202.000 | ARB:-0.014% | فرصت:759
[14310] منابع:9/7 | BTC:$77603.8700 | USDT:231202.000 | ARB:-0.028% | فرصت:759
[14313] منابع:9/7 | BTC:$77583.3900 | USDT:231202.000 | ARB:-0.002% | فرصت:759
[14316] منابع:10/7 | BTC:$77598.7800 | USDT:231202.000 | ARB:-0.022% | فرصت:759
[14319] منابع:9/7 | BTC:$77593.7100 | USDT:231202.000 | ARB:-0.015% | فرصت:759
[14322] منابع:9/7 | BTC:$77584.6000 | USDT:231202.000 | ARB:-0.003% | فرصت:759
[14325] منابع:9/7 | BTC:$77598.1500 | USDT:231510.000 | ARB:-0.154% | فرصت:759
[14328] منابع:9/7 | BTC:$77605.6900 | USDT:231510.000 | ARB:-0.164% | فرصت:759
[14331] منابع:10/7 | BTC:$77605.6900 | USDT:231510.000 | ARB:-0.164% | فرصت:759
[14334] منابع:10/7 | BTC:$77605.6900 | USDT:231510.000 | ARB:-0.164% | فرصت:759
[14337] منابع:9/7 | BTC:$77605.6900 | USDT:231510.000 | ARB:-0.164% | فرصت:759
[14340] منابع:9/7 | BTC:$77609.9600 | USDT:231510.000 | ARB:-0.169% | فرصت:759
[14343] منابع:7/7 | BTC:$77609.9600 | USDT:— | ARB:0% | فرصت:759
[14346] منابع:9/7 | BTC:$77619.6500 | USDT:231510.000 | ARB:-0.182% | فرصت:759
[14349] منابع:10/7 | BTC:$77619.6600 | USDT:231510.000 | ARB:-0.182% | فرصت:759
[14352] منابع:10/7 | BTC:$77619.6600 | USDT:231510.000 | ARB:-0.182% | فرصت:759
[14355] منابع:9/7 | BTC:$77604.1300 | USDT:231510.000 | ARB:-0.162% | فرصت:759
[14358] منابع:9/7 | BTC:$77609.3200 | USDT:231510.000 | ARB:-0.168% | فرصت:759
[14361] منابع:7/7 | BTC:$77620.8300 | USDT:— | ARB:0% | فرصت:759
[14364] منابع:7/7 | BTC:$77620.8300 | USDT:— | ARB:0% | فرصت:759
[14367] منابع:9/7 | BTC:$77620.8300 | USDT:231510.000 | ARB:-0.183% | فرصت:759
[14370] منابع:10/7 | BTC:$77609.9700 | USDT:231510.000 | ARB:-0.169% | فرصت:759
[14373] منابع:9/7 | BTC:$77619.4800 | USDT:231510.000 | ARB:-0.181% | فرصت:759
[14376] منابع:9/7 | BTC:$77624.6800 | USDT:231510.000 | ARB:-0.188% | فرصت:759
[14379] منابع:7/7 | BTC:$77628.7900 | USDT:— | ARB:0% | فرصت:759
[14382] منابع:9/7 | BTC:$77659.9200 | USDT:231510.000 | ARB:-0.233% | فرصت:759
[14385] منابع:9/7 | BTC:$77659.9300 | USDT:231510.000 | ARB:-0.233% | فرصت:759
[14388] منابع:10/7 | BTC:$77656.4900 | USDT:231510.000 | ARB:-0.229% | فرصت:759
[14391] منابع:10/7 | BTC:$77657.7600 | USDT:231510.000 | ARB:-0.231% | فرصت:759
[14394] منابع:9/7 | BTC:$77639.1100 | USDT:231510.000 | ARB:-0.207% | فرصت:759
[14397] منابع:9/7 | BTC:$77641.6000 | USDT:231510.000 | ARB:-0.210% | فرصت:759
[14400] منابع:9/7 | BTC:$77634.6900 | USDT:231510.000 | ARB:-0.201% | فرصت:759
[14403] منابع:9/7 | BTC:$77634.6900 | USDT:231510.000 | ARB:-0.201% | فرصت:759
[14406] منابع:9/7 | BTC:$77634.6900 | USDT:231510.000 | ARB:-0.201% | فرصت:759
[14409] منابع:10/7 | BTC:$77642.7700 | USDT:231510.000 | ARB:-0.211% | فرصت:759
[14412] منابع:9/7 | BTC:$77642.7800 | USDT:231510.000 | ARB:-0.211% | فرصت:759
[14415] منابع:9/7 | BTC:$77671.0800 | USDT:231510.000 | ARB:-0.248% | فرصت:759
[14418] منابع:9/7 | BTC:$77679.3000 | USDT:231655.000 | ARB:-0.358% | فرصت:760
[14421] منابع:9/7 | BTC:$77688.8700 | USDT:231655.000 | ARB:-0.371% | فرصت:763
[14424] منابع:9/7 | BTC:$77695.3800 | USDT:231655.000 | ARB:-0.379% | فرصت:766
[14427] منابع:10/7 | BTC:$77700.0000 | USDT:231655.000 | ARB:-0.385% | فرصت:768
[14430] منابع:9/7 | BTC:$77700.7800 | USDT:231655.000 | ARB:-0.386% | فرصت:771
[14433] منابع:9/7 | BTC:$77645.1400 | USDT:231655.000 | ARB:-0.315% | فرصت:774
[14436] منابع:9/7 | BTC:$77655.4200 | USDT:231655.000 | ARB:-0.328% | فرصت:777
[14439] منابع:9/7 | BTC:$77655.4100 | USDT:231655.000 | ARB:-0.328% | فرصت:780
[14442] منابع:9/7 | BTC:$77655.4100 | USDT:231655.000 | ARB:-0.328% | فرصت:783
[14445] منابع:10/7 | BTC:$77648.4600 | USDT:231655.000 | ARB:-0.319% | فرصت:786
[14448] منابع:10/7 | BTC:$77648.4600 | USDT:231655.000 | ARB:-0.319% | فرصت:789
[14451] منابع:9/7 | BTC:$77652.9100 | USDT:231655.000 | ARB:-0.325% | فرصت:792
[14454] منابع:9/7 | BTC:$77671.0200 | USDT:231655.000 | ARB:-0.348% | فرصت:795
[14457] منابع:9/7 | BTC:$77671.4200 | USDT:231655.000 | ARB:-0.348% | فرصت:798
[14460] منابع:9/7 | BTC:$77671.4300 | USDT:231655.000 | ARB:-0.348% | فرصت:801
[14463] منابع:9/7 | BTC:$77689.8700 | USDT:231655.000 | ARB:-0.372% | فرصت:804
[14466] منابع:10/7 | BTC:$77689.8800 | USDT:231655.000 | ARB:-0.372% | فرصت:807
[14469] منابع:9/7 | BTC:$77681.7600 | USDT:231655.000 | ARB:-0.362% | فرصت:810
[14472] منابع:9/7 | BTC:$77681.7500 | USDT:231655.000 | ARB:-0.362% | فرصت:813
[14475] منابع:9/7 | BTC:$77681.7600 | USDT:231655.000 | ARB:-0.362% | فرصت:816
[14478] منابع:6/7 | BTC:$77681.7600 | USDT:— | ARB:0% | فرصت:817
[14481] منابع:9/7 | BTC:$77692.7600 | USDT:231655.000 | ARB:-0.376% | فرصت:820
[14484] منابع:10/7 | BTC:$77692.7500 | USDT:231655.000 | ARB:-0.376% | فرصت:823
[14487] منابع:9/7 | BTC:$77678.2400 | USDT:231655.000 | ARB:-0.357% | فرصت:826
[14490] منابع:9/7 | BTC:$77664.6100 | USDT:231655.000 | ARB:-0.340% | فرصت:829
[14493] منابع:9/7 | BTC:$77659.4800 | USDT:231655.000 | ARB:-0.333% | فرصت:832
[14496] منابع:9/7 | BTC:$77659.4800 | USDT:231655.000 | ARB:-0.333% | فرصت:835
[14499] منابع:9/7 | BTC:$77659.4800 | USDT:231655.000 | ARB:-0.333% | فرصت:838
[14502] منابع:10/7 | BTC:$77662.7900 | USDT:231655.000 | ARB:-0.337% | فرصت:841
[14505] منابع:9/7 | BTC:$77670.3500 | USDT:231655.000 | ARB:-0.347% | فرصت:844
[14508] منابع:9/7 | BTC:$77647.2300 | USDT:231655.000 | ARB:-0.317% | فرصت:847
[14511] منابع:9/7 | BTC:$77642.9100 | USDT:232005.000 | ARB:-0.123% | فرصت:849
[14514] منابع:9/7 | BTC:$77642.9000 | USDT:232005.000 | ARB:-0.123% | فرصت:849
[14517] منابع:9/7 | BTC:$77642.5000 | USDT:232005.000 | ARB:-0.122% | فرصت:849
[14520] منابع:10/7 | BTC:$77642.5000 | USDT:232005.000 | ARB:-0.122% | فرصت:849
[14523] منابع:10/7 | BTC:$77642.5100 | USDT:232005.000 | ARB:-0.122% | فرصت:849
[14526] منابع:9/7 | BTC:$77650.6100 | USDT:232005.000 | ARB:-0.133% | فرصت:849
[14529] منابع:9/7 | BTC:$77650.6100 | USDT:232005.000 | ARB:-0.133% | فرصت:849
[14532] منابع:9/7 | BTC:$77650.6100 | USDT:232005.000 | ARB:-0.133% | فرصت:849
[14535] منابع:6/7 | BTC:$77642.4600 | USDT:— | ARB:0% | فرصت:849
[14538] منابع:10/7 | BTC:$77642.4600 | USDT:232005.000 | ARB:-0.122% | فرصت:849
[14541] منابع:10/7 | BTC:$77651.0500 | USDT:232005.000 | ARB:-0.133% | فرصت:849
[14544] منابع:9/7 | BTC:$77651.0400 | USDT:232005.000 | ARB:-0.133% | فرصت:849
[14547] منابع:9/7 | BTC:$77651.0500 | USDT:232005.000 | ARB:-0.133% | فرصت:849
[14550] منابع:9/7 | BTC:$77651.0400 | USDT:232005.000 | ARB:-0.133% | فرصت:849
[14553] منابع:9/7 | BTC:$77651.0400 | USDT:232005.000 | ARB:-0.133% | فرصت:849
[14556] منابع:9/7 | BTC:$77651.0400 | USDT:232005.000 | ARB:-0.133% | فرصت:849
[14559] منابع:10/7 | BTC:$77652.9400 | USDT:232005.000 | ARB:-0.136% | فرصت:849
[14562] منابع:9/7 | BTC:$77652.9400 | USDT:232005.000 | ARB:-0.136% | فرصت:849
[14565] منابع:9/7 | BTC:$77640.0800 | USDT:232005.000 | ARB:-0.119% | فرصت:849
[14568] منابع:9/7 | BTC:$77618.4400 | USDT:232005.000 | ARB:-0.091% | فرصت:849
[14571] منابع:9/7 | BTC:$77618.4400 | USDT:232005.000 | ARB:-0.091% | فرصت:849
[14574] منابع:9/7 | BTC:$77590.6600 | USDT:232005.000 | ARB:-0.056% | فرصت:849
[14577] منابع:10/7 | BTC:$77582.2100 | USDT:232005.000 | ARB:-0.045% | فرصت:849
[14580] منابع:8/7 | BTC:$77590.6000 | USDT:— | ARB:0% | فرصت:849
[14583] منابع:7/7 | BTC:$77617.0000 | USDT:— | ARB:0% | فرصت:849
[14586] منابع:7/7 | BTC:$77652.0000 | USDT:— | ARB:0% | فرصت:849
[14589] منابع:9/7 | BTC:$77661.6600 | USDT:232005.000 | ARB:-0.147% | فرصت:849
[14592] منابع:9/7 | BTC:$77661.6600 | USDT:232005.000 | ARB:-0.147% | فرصت:849
[14595] منابع:10/7 | BTC:$77661.6600 | USDT:232005.000 | ARB:-0.147% | فرصت:849
[14598] منابع:9/7 | BTC:$77681.7900 | USDT:232005.000 | ARB:-0.173% | فرصت:849
[14601] منابع:9/7 | BTC:$77681.7900 | USDT:232499.000 | ARB:-0.092% | فرصت:849
[14604] منابع:7/7 | BTC:$77684.9700 | USDT:— | ARB:0% | فرصت:849
[14607] منابع:9/7 | BTC:$77652.0000 | USDT:232499.000 | ARB:-0.053% | فرصت:849
[14610] منابع:10/7 | BTC:$77633.1800 | USDT:232499.000 | ARB:-0.029% | فرصت:849
[14613] منابع:10/7 | BTC:$77629.6100 | USDT:232499.000 | ARB:-0.024% | فرصت:849
[14616] منابع:9/7 | BTC:$77659.9600 | USDT:232499.000 | ARB:-0.064% | فرصت:849
[14619] منابع:9/7 | BTC:$77637.7200 | USDT:232499.000 | ARB:-0.035% | فرصت:849
[14622] منابع:9/7 | BTC:$77633.8600 | USDT:232499.000 | ARB:-0.030% | فرصت:849
[14625] منابع:9/7 | BTC:$77652.8300 | USDT:232499.000 | ARB:-0.054% | فرصت:849
[14628] منابع:10/7 | BTC:$77667.5400 | USDT:232499.000 | ARB:-0.073% | فرصت:849
[14631] منابع:10/7 | BTC:$77638.4400 | USDT:232499.000 | ARB:-0.036% | فرصت:849
[14634] منابع:9/7 | BTC:$77630.7800 | USDT:232499.000 | ARB:-0.026% | فرصت:849
[14637] منابع:9/7 | BTC:$77613.1100 | USDT:232499.000 | ARB:-0.003% | فرصت:849
[14640] منابع:9/7 | BTC:$77613.1000 | USDT:232499.000 | ARB:-0.003% | فرصت:849
[14643] منابع:9/7 | BTC:$77613.1100 | USDT:232499.000 | ARB:-0.003% | فرصت:849
[14646] منابع:10/7 | BTC:$77613.1100 | USDT:232499.000 | ARB:-0.003% | فرصت:849
[14649] منابع:10/7 | BTC:$77613.3900 | USDT:232499.000 | ARB:-0.004% | فرصت:849
[14652] منابع:8/7 | BTC:$77613.3800 | USDT:232499.000 | ARB:-0.004% | فرصت:849
[14655] منابع:9/7 | BTC:$77613.3800 | USDT:232499.000 | ARB:-0.004% | فرصت:849
[14658] منابع:9/7 | BTC:$77613.3900 | USDT:232499.000 | ARB:-0.004% | فرصت:849
[14661] منابع:9/7 | BTC:$77613.3900 | USDT:232499.000 | ARB:-0.004% | فرصت:849
[14664] منابع:10/7 | BTC:$77613.3900 | USDT:232499.000 | ARB:-0.004% | فرصت:849
[14667] منابع:10/7 | BTC:$77635.6600 | USDT:232499.000 | ARB:-0.032% | فرصت:849
[14670] منابع:9/7 | BTC:$77635.6600 | USDT:232499.000 | ARB:-0.032% | فرصت:849
[14673] منابع:9/7 | BTC:$77635.6500 | USDT:232499.000 | ARB:-0.032% | فرصت:849
[14676] منابع:9/7 | BTC:$77635.6600 | USDT:232499.000 | ARB:-0.032% | فرصت:849
[14679] منابع:9/7 | BTC:$77648.6500 | USDT:232499.000 | ARB:-0.049% | فرصت:849
[14682] منابع:10/7 | BTC:$77649.9100 | USDT:232499.000 | ARB:-0.051% | فرصت:849
[14685] منابع:8/7 | BTC:$77632.0000 | USDT:— | ARB:0% | فرصت:849
[14688] منابع:9/7 | BTC:$77632.0100 | USDT:232330.000 | ARB:0.0241% | فرصت:849
[14691] منابع:9/7 | BTC:$77628.7600 | USDT:232330.000 | ARB:0.0283% | فرصت:849
[14694] منابع:9/7 | BTC:$77628.7600 | USDT:232330.000 | ARB:0.0283% | فرصت:849
[14697] منابع:9/7 | BTC:$77619.5800 | USDT:232330.000 | ARB:0.0401% | فرصت:849
[14700] منابع:10/7 | BTC:$77619.5800 | USDT:232330.000 | ARB:0.0401% | فرصت:849
[14703] منابع:8/7 | BTC:$77622.0700 | USDT:— | ARB:0% | فرصت:849
[14706] منابع:9/7 | BTC:$77606.9300 | USDT:232330.000 | ARB:0.0564% | فرصت:849
[14709] منابع:9/7 | BTC:$77606.9200 | USDT:232330.000 | ARB:0.0564% | فرصت:849
[14712] منابع:9/7 | BTC:$77606.9100 | USDT:232330.000 | ARB:0.0564% | فرصت:849
[14715] منابع:6/7 | BTC:$77607.7400 | USDT:— | ARB:0% | فرصت:849
[14718] منابع:10/7 | BTC:$77607.7400 | USDT:232330.000 | ARB:0.0553% | فرصت:849
[14721] منابع:9/7 | BTC:$77608.6300 | USDT:232330.000 | ARB:0.0542% | فرصت:849
[14724] منابع:7/7 | BTC:$77590.0100 | USDT:— | ARB:0% | فرصت:849
[14727] منابع:9/7 | BTC:$77586.0100 | USDT:232330.000 | ARB:0.0834% | فرصت:849
[14730] منابع:9/7 | BTC:$77581.0000 | USDT:232330.000 | ARB:0.0898% | فرصت:849
[14733] منابع:9/7 | BTC:$77578.5100 | USDT:232330.000 | ARB:0.0930% | فرصت:849
[14736] منابع:10/7 | BTC:$77564.8300 | USDT:232330.000 | ARB:0.1107% | فرصت:849
[14739] منابع:10/7 | BTC:$77564.8300 | USDT:232330.000 | ARB:0.1107% | فرصت:849
[14742] منابع:3/7 | BTC:$77564.8400 | USDT:— | ARB:0% | فرصت:849
[14745] منابع:0/7 | BTC:$— | USDT:— | ARB:0% | فرصت:849
[14748] منابع:1/7 | BTC:$— | USDT:— | ARB:0% | فرصت:849
[14751] منابع:7/7 | BTC:$77586.6900 | USDT:— | ARB:0% | فرصت:849
[14754] منابع:10/7 | BTC:$77592.9200 | USDT:232330.000 | ARB:0.0745% | فرصت:849
[14757] منابع:9/7 | BTC:$77599.5600 | USDT:232330.000 | ARB:0.0659% | فرصت:849
[14760] منابع:7/7 | BTC:$77599.5600 | USDT:— | ARB:0% | فرصت:849
[14763] منابع:9/7 | BTC:$77612.0200 | USDT:232330.000 | ARB:0.0498% | فرصت:849
[14766] منابع:9/7 | BTC:$77612.0200 | USDT:232330.000 | ARB:0.0498% | فرصت:849
[14769] منابع:10/7 | BTC:$77618.2500 | USDT:232630.000 | ARB:-0.224% | فرصت:849
[14772] منابع:10/7 | BTC:$77641.0000 | USDT:232630.000 | ARB:-0.254% | فرصت:849
[14775] منابع:9/7 | BTC:$77641.0000 | USDT:232630.000 | ARB:-0.254% | فرصت:849
[14778] منابع:9/7 | BTC:$77644.7600 | USDT:232630.000 | ARB:-0.259% | فرصت:849
[14781] منابع:7/7 | BTC:$77644.7600 | USDT:— | ARB:0% | فرصت:849
[14784] منابع:8/7 | BTC:$77644.7600 | USDT:232630.000 | ARB:-0.259% | فرصت:849
[14787] منابع:8/7 | BTC:$77644.7700 | USDT:— | ARB:0% | فرصت:849
[14790] منابع:9/7 | BTC:$77644.7700 | USDT:232630.000 | ARB:-0.259% | فرصت:849
[14793] منابع:9/7 | BTC:$77632.0000 | USDT:232630.000 | ARB:-0.242% | فرصت:849
[14796] منابع:9/7 | BTC:$77628.2700 | USDT:232630.000 | ARB:-0.237% | فرصت:849
[14799] منابع:9/7 | BTC:$77620.7200 | USDT:232630.000 | ARB:-0.228% | فرصت:849
[14802] منابع:9/7 | BTC:$77611.3200 | USDT:232630.000 | ARB:-0.216% | فرصت:849
[14805] منابع:10/7 | BTC:$77609.2900 | USDT:232630.000 | ARB:-0.213% | فرصت:849
[14808] منابع:3/7 | BTC:$— | USDT:— | ARB:0% | فرصت:849
[14811] منابع:9/7 | BTC:$77586.6900 | USDT:232630.000 | ARB:-0.184% | فرصت:849
[14814] منابع:9/7 | BTC:$77586.6900 | USDT:232630.000 | ARB:-0.184% | فرصت:849
[14817] منابع:9/7 | BTC:$77575.8800 | USDT:232630.000 | ARB:-0.170% | فرصت:849
[14820] منابع:9/7 | BTC:$77575.8900 | USDT:232630.000 | ARB:-0.170% | فرصت:849
[14823] منابع:10/7 | BTC:$77575.8800 | USDT:232630.000 | ARB:-0.170% | فرصت:849
[14826] منابع:10/7 | BTC:$77565.3800 | USDT:232630.000 | ARB:-0.156% | فرصت:849
[14829] منابع:9/7 | BTC:$77565.3900 | USDT:232630.000 | ARB:-0.156% | فرصت:849
[14832] منابع:9/7 | BTC:$77565.3900 | USDT:232630.000 | ARB:-0.156% | فرصت:849
[14835] منابع:9/7 | BTC:$77565.3900 | USDT:232630.000 | ARB:-0.156% | فرصت:849
[14838] منابع:6/7 | BTC:$77574.5500 | USDT:— | ARB:0% | فرصت:849
[14841] منابع:10/7 | BTC:$77574.5500 | USDT:232630.000 | ARB:-0.168% | فرصت:849
[14844] منابع:10/7 | BTC:$77574.5500 | USDT:232630.000 | ARB:-0.168% | فرصت:849
[14847] منابع:9/7 | BTC:$77574.5500 | USDT:232630.000 | ARB:-0.168% | فرصت:849
[14850] منابع:9/7 | BTC:$77574.5500 | USDT:232630.000 | ARB:-0.168% | فرصت:849
[14853] منابع:9/7 | BTC:$77574.5500 | USDT:231914.000 | ARB:0.2777% | فرصت:849
[14856] منابع:9/7 | BTC:$77568.3800 | USDT:231914.000 | ARB:0.2857% | فرصت:849
[14859] منابع:9/7 | BTC:$77568.3700 | USDT:231914.000 | ARB:0.2857% | فرصت:849
[14862] منابع:10/7 | BTC:$77568.3700 | USDT:231914.000 | ARB:0.2857% | فرصت:849
[14865] منابع:9/7 | BTC:$77568.3700 | USDT:231914.000 | ARB:0.2857% | فرصت:849
[14868] منابع:9/7 | BTC:$77568.3800 | USDT:231914.000 | ARB:0.2857% | فرصت:849
[14871] منابع:9/7 | BTC:$77562.4400 | USDT:231914.000 | ARB:0.2934% | فرصت:849
[14874] منابع:9/7 | BTC:$77559.2500 | USDT:231914.000 | ARB:0.2975% | فرصت:849
[14877] منابع:9/7 | BTC:$77559.2500 | USDT:231914.000 | ARB:0.2975% | فرصت:849
[14880] منابع:10/7 | BTC:$77545.8300 | USDT:231914.000 | ARB:0.3148% | فرصت:851
[14883] منابع:10/7 | BTC:$77559.2600 | USDT:231914.000 | ARB:0.2975% | فرصت:852
[14886] منابع:9/7 | BTC:$77559.2500 | USDT:231914.000 | ARB:0.2975% | فرصت:852
[14889] منابع:9/7 | BTC:$77548.0200 | USDT:231914.000 | ARB:0.3120% | فرصت:855
[14892] منابع:9/7 | BTC:$77548.0200 | USDT:231914.000 | ARB:0.3120% | فرصت:857
[14895] منابع:9/7 | BTC:$77536.3300 | USDT:231914.000 | ARB:0.3271% | فرصت:860
[14898] منابع:10/7 | BTC:$77536.3300 | USDT:231914.000 | ARB:0.3271% | فرصت:863
[14901] منابع:9/7 | BTC:$77536.3400 | USDT:231914.000 | ARB:0.3271% | فرصت:866
[14904] منابع:9/7 | BTC:$77532.6600 | USDT:231914.000 | ARB:0.3319% | فرصت:869
[14907] منابع:9/7 | BTC:$77532.6600 | USDT:231914.000 | ARB:0.3319% | فرصت:872
[14910] منابع:9/7 | BTC:$77532.6700 | USDT:231914.000 | ARB:0.3319% | فرصت:875
[14913] منابع:9/7 | BTC:$77532.6700 | USDT:231914.000 | ARB:0.3319% | فرصت:878
[14916] منابع:10/7 | BTC:$77516.5800 | USDT:231914.000 | ARB:0.3527% | فرصت:881
[14919] منابع:10/7 | BTC:$77516.5700 | USDT:231914.000 | ARB:0.3527% | فرصت:884
[14922] منابع:9/7 | BTC:$77522.9600 | USDT:231914.000 | ARB:0.3444% | فرصت:887
[14925] منابع:9/7 | BTC:$77522.9600 | USDT:231914.000 | ARB:0.3444% | فرصت:890
[14928] منابع:9/7 | BTC:$77522.9700 | USDT:231914.000 | ARB:0.3444% | فرصت:893
[14931] منابع:9/7 | BTC:$77522.9700 | USDT:231914.000 | ARB:0.3444% | فرصت:896
[14934] منابع:10/7 | BTC:$77530.2400 | USDT:231914.000 | ARB:0.3350% | فرصت:899
[14937] منابع:10/7 | BTC:$77530.2400 | USDT:231914.000 | ARB:0.3350% | فرصت:902
[14940] منابع:9/7 | BTC:$77530.2400 | USDT:231914.000 | ARB:0.3350% | فرصت:905
[14943] منابع:9/7 | BTC:$77532.6700 | USDT:231914.000 | ARB:0.3319% | فرصت:908
[14946] منابع:9/7 | BTC:$77532.6700 | USDT:232285.000 | ARB:-0.160% | فرصت:910
[14949] منابع:9/7 | BTC:$77532.6700 | USDT:232285.000 | ARB:-0.160% | فرصت:911
[14952] منابع:9/7 | BTC:$77531.8600 | USDT:232285.000 | ARB:-0.158% | فرصت:911
[14955] منابع:10/7 | BTC:$77525.9200 | USDT:232285.000 | ARB:-0.151% | فرصت:911
[14958] منابع:10/7 | BTC:$77525.9300 | USDT:232285.000 | ARB:-0.151% | فرصت:911
[14961] منابع:9/7 | BTC:$77525.3600 | USDT:232285.000 | ARB:-0.150% | فرصت:911
[14964] منابع:9/7 | BTC:$77525.3500 | USDT:232285.000 | ARB:-0.150% | فرصت:911
[14967] منابع:9/7 | BTC:$77525.3500 | USDT:232285.000 | ARB:-0.150% | فرصت:911
[14970] منابع:9/7 | BTC:$77525.3600 | USDT:232285.000 | ARB:-0.150% | فرصت:911
[14973] منابع:10/7 | BTC:$77514.1900 | USDT:232285.000 | ARB:-0.136% | فرصت:911
[14976] منابع:10/7 | BTC:$77528.2900 | USDT:232285.000 | ARB:-0.154% | فرصت:911
[14979] منابع:9/7 | BTC:$77528.3000 | USDT:232285.000 | ARB:-0.154% | فرصت:911
[14982] منابع:9/7 | BTC:$77528.3000 | USDT:232285.000 | ARB:-0.154% | فرصت:911
[14985] منابع:9/7 | BTC:$77528.3000 | USDT:232285.000 | ARB:-0.154% | فرصت:911
[14988] منابع:9/7 | BTC:$77523.6400 | USDT:232285.000 | ARB:-0.148% | فرصت:911
[14991] منابع:9/7 | BTC:$77527.0200 | USDT:232285.000 | ARB:-0.152% | فرصت:911
[14994] منابع:10/7 | BTC:$77527.0100 | USDT:232285.000 | ARB:-0.152% | فرصت:911
[14997] منابع:9/7 | BTC:$77527.0200 | USDT:232285.000 | ARB:-0.152% | فرصت:911
[15000] منابع:9/7 | BTC:$77527.0200 | USDT:232285.000 | ARB:-0.152% | فرصت:911
[15003] منابع:9/7 | BTC:$77527.0200 | USDT:232285.000 | ARB:-0.152% | فرصت:911
[15006] منابع:9/7 | BTC:$77527.0200 | USDT:232285.000 | ARB:-0.152% | فرصت:911
[15009] منابع:9/7 | BTC:$77530.0000 | USDT:232285.000 | ARB:-0.156% | فرصت:911
[15012] منابع:10/7 | BTC:$77530.0000 | USDT:232285.000 | ARB:-0.156% | فرصت:911
[15015] منابع:7/7 | BTC:$77535.3000 | USDT:— | ARB:0% | فرصت:911
[15018] منابع:9/7 | BTC:$77535.3100 | USDT:232285.000 | ARB:-0.163% | فرصت:911
[15021] منابع:9/7 | BTC:$77517.5200 | USDT:232285.000 | ARB:-0.140% | فرصت:911
[15024] منابع:9/7 | BTC:$77517.5300 | USDT:232285.000 | ARB:-0.140% | فرصت:911
[15027] منابع:9/7 | BTC:$77527.1900 | USDT:232285.000 | ARB:-0.152% | فرصت:911
[15030] منابع:9/7 | BTC:$77527.1900 | USDT:232285.000 | ARB:-0.152% | فرصت:911
[15033] منابع:10/7 | BTC:$77527.1900 | USDT:232285.000 | ARB:-0.152% | فرصت:911
[15036] منابع:9/7 | BTC:$77527.1900 | USDT:232285.000 | ARB:-0.152% | فرصت:911
[15039] منابع:9/7 | BTC:$77527.1900 | USDT:232396.000 | ARB:-0.200% | فرصت:911
[15042] منابع:9/7 | BTC:$77527.1900 | USDT:232396.000 | ARB:-0.200% | فرصت:911
[15045] منابع:9/7 | BTC:$77527.2000 | USDT:232396.000 | ARB:-0.200% | فرصت:911
[15048] منابع:10/7 | BTC:$77536.3300 | USDT:232396.000 | ARB:-0.212% | فرصت:911
[15051] منابع:10/7 | BTC:$77530.1100 | USDT:232396.000 | ARB:-0.204% | فرصت:911
[15054] منابع:9/7 | BTC:$77535.3100 | USDT:232396.000 | ARB:-0.211% | فرصت:911
[15057] منابع:9/7 | BTC:$77530.1100 | USDT:232396.000 | ARB:-0.204% | فرصت:911
[15060] منابع:9/7 | BTC:$77519.4400 | USDT:232396.000 | ARB:-0.190% | فرصت:911
[15063] منابع:9/7 | BTC:$77519.4300 | USDT:232396.000 | ARB:-0.190% | فرصت:911
[15066] منابع:0/7 | BTC:$— | USDT:— | ARB:0% | فرصت:911
[15069] منابع:8/7 | BTC:$77538.9500 | USDT:— | ARB:0% | فرصت:911
[15072] منابع:9/7 | BTC:$77538.9400 | USDT:232396.000 | ARB:-0.215% | فرصت:911
[15075] منابع:9/7 | BTC:$77583.1500 | USDT:232396.000 | ARB:-0.272% | فرصت:911
[15078] منابع:9/7 | BTC:$77586.6900 | USDT:232396.000 | ARB:-0.277% | فرصت:911
[15081] منابع:9/7 | BTC:$77586.7000 | USDT:232396.000 | ARB:-0.277% | فرصت:911
[15084] منابع:9/7 | BTC:$77586.6900 | USDT:232396.000 | ARB:-0.277% | فرصت:911
[15087] منابع:10/7 | BTC:$77586.7000 | USDT:232396.000 | ARB:-0.277% | فرصت:911
[15090] منابع:9/7 | BTC:$77594.1400 | USDT:232396.000 | ARB:-0.286% | فرصت:911
[15093] منابع:9/7 | BTC:$77625.3800 | USDT:232396.000 | ARB:-0.326% | فرصت:913
[15096] منابع:9/7 | BTC:$77622.9500 | USDT:232396.000 | ARB:-0.323% | فرصت:915
[15099] منابع:9/7 | BTC:$77622.1600 | USDT:232396.000 | ARB:-0.322% | فرصت:918
[15102] منابع:9/7 | BTC:$77622.1600 | USDT:232396.000 | ARB:-0.322% | فرصت:921
[15105] منابع:10/7 | BTC:$77622.1500 | USDT:232396.000 | ARB:-0.322% | فرصت:924
[15108] منابع:10/7 | BTC:$77622.1600 | USDT:232396.000 | ARB:-0.322% | فرصت:927
[15111] منابع:9/7 | BTC:$77603.9100 | USDT:232396.000 | ARB:-0.299% | فرصت:929
[15114] منابع:9/7 | BTC:$77587.0100 | USDT:232396.000 | ARB:-0.277% | فرصت:929
[15117] منابع:9/7 | BTC:$77587.0000 | USDT:232396.000 | ARB:-0.277% | فرصت:929
[15120] منابع:9/7 | BTC:$77587.0100 | USDT:232396.000 | ARB:-0.277% | فرصت:929
[15123] منابع:9/7 | BTC:$77587.0100 | USDT:232396.000 | ARB:-0.277% | فرصت:929
[15126] منابع:4/7 | BTC:$— | USDT:— | ARB:0% | فرصت:929
[15129] منابع:9/7 | BTC:$77594.0700 | USDT:232396.000 | ARB:-0.286% | فرصت:929
[15132] منابع:9/7 | BTC:$77594.0600 | USDT:232396.000 | ARB:-0.286% | فرصت:929
[15135] منابع:9/7 | BTC:$77594.0600 | USDT:231906.000 | ARB:-0.075% | فرصت:929
[15138] منابع:9/7 | BTC:$77594.0700 | USDT:231906.000 | ARB:-0.075% | فرصت:929
[15141] منابع:9/7 | BTC:$77547.9000 | USDT:231906.000 | ARB:-0.016% | فرصت:929
[15144] منابع:10/7 | BTC:$77542.0900 | USDT:231906.000 | ARB:-0.009% | فرصت:929
[15147] منابع:10/7 | BTC:$77522.7300 | USDT:231906.000 | ARB:0.0159% | فرصت:929
[15150] منابع:9/7 | BTC:$77532.9100 | USDT:231906.000 | ARB:0.0028% | فرصت:929
[15153] منابع:9/7 | BTC:$77538.5900 | USDT:231906.000 | ARB:-0.004% | فرصت:929
[15156] منابع:9/7 | BTC:$77549.3300 | USDT:231906.000 | ARB:-0.018% | فرصت:929
[15159] منابع:9/7 | BTC:$77552.6100 | USDT:231906.000 | ARB:-0.022% | فرصت:929
[15162] منابع:9/7 | BTC:$77552.6100 | USDT:231906.000 | ARB:-0.022% | فرصت:929
[15165] منابع:10/7 | BTC:$77554.4200 | USDT:231906.000 | ARB:-0.024% | فرصت:929
[15168] منابع:9/7 | BTC:$77558.4000 | USDT:231906.000 | ARB:-0.030% | فرصت:929
[15171] منابع:9/7 | BTC:$77558.4000 | USDT:231906.000 | ARB:-0.030% | فرصت:929
[15174] منابع:7/7 | BTC:$77558.3900 | USDT:— | ARB:0% | فرصت:929
[15177] منابع:9/7 | BTC:$77562.2500 | USDT:231906.000 | ARB:-0.034% | فرصت:929
[15180] منابع:9/7 | BTC:$77572.3500 | USDT:231906.000 | ARB:-0.048% | فرصت:929
[15183] منابع:10/7 | BTC:$77572.3400 | USDT:231906.000 | ARB:-0.047% | فرصت:929
[15186] منابع:8/7 | BTC:$77559.9900 | USDT:— | ARB:0% | فرصت:929
[15189] منابع:9/7 | BTC:$77559.9800 | USDT:231906.000 | ARB:-0.032% | فرصت:929
[15192] منابع:9/7 | BTC:$77568.6700 | USDT:231906.000 | ARB:-0.043% | فرصت:929
[15195] منابع:9/7 | BTC:$77568.6600 | USDT:231906.000 | ARB:-0.043% | فرصت:929
[15198] منابع:9/7 | BTC:$77561.3500 | USDT:231906.000 | ARB:-0.033% | فرصت:929
[15201] منابع:10/7 | BTC:$77561.3400 | USDT:231906.000 | ARB:-0.033% | فرصت:929
[15204] منابع:10/7 | BTC:$77549.4400 | USDT:231906.000 | ARB:-0.018% | فرصت:929
[15207] منابع:9/7 | BTC:$77549.4500 | USDT:231906.000 | ARB:-0.018% | فرصت:929
[15210] منابع:9/7 | BTC:$77553.8800 | USDT:231906.000 | ARB:-0.024% | فرصت:929
[15213] منابع:9/7 | BTC:$77553.8900 | USDT:231906.000 | ARB:-0.024% | فرصت:929
[15216] منابع:9/7 | BTC:$77553.8800 | USDT:231906.000 | ARB:-0.024% | فرصت:929
[15219] منابع:9/7 | BTC:$77546.5000 | USDT:231906.000 | ARB:-0.014% | فرصت:929
[15222] منابع:10/7 | BTC:$77544.0500 | USDT:231906.000 | ARB:-0.011% | فرصت:929
[15225] منابع:9/7 | BTC:$77539.3100 | USDT:231906.000 | ARB:-0.005% | فرصت:929
[15228] منابع:9/7 | BTC:$77527.3100 | USDT:232001.000 | ARB:-0.030% | فرصت:929
[15231] منابع:9/7 | BTC:$77520.7300 | USDT:232001.000 | ARB:-0.022% | فرصت:929
[15234] منابع:9/7 | BTC:$77515.6700 | USDT:232001.000 | ARB:-0.015% | فرصت:929
[15237] منابع:9/7 | BTC:$77502.7100 | USDT:232001.000 | ARB:0.0008% | فرصت:929
[15240] منابع:7/7 | BTC:$77501.6400 | USDT:— | ARB:0% | فرصت:929
[15243] منابع:10/7 | BTC:$77495.7400 | USDT:232001.000 | ARB:0.0098% | فرصت:929
[15246] منابع:9/7 | BTC:$77495.7400 | USDT:232001.000 | ARB:0.0098% | فرصت:929
[15249] منابع:9/7 | BTC:$77495.7400 | USDT:232001.000 | ARB:0.0098% | فرصت:929
[15252] منابع:9/7 | BTC:$77495.7400 | USDT:232001.000 | ARB:0.0098% | فرصت:929
[15255] منابع:9/7 | BTC:$77495.7300 | USDT:232001.000 | ARB:0.0098% | فرصت:929
[15258] منابع:9/7 | BTC:$77495.7300 | USDT:232001.000 | ARB:0.0098% | فرصت:929
[15261] منابع:10/7 | BTC:$77496.9800 | USDT:232001.000 | ARB:0.0082% | فرصت:929
[15264] منابع:10/7 | BTC:$77504.6900 | USDT:232001.000 | ARB:-0.001% | فرصت:929
[15267] منابع:9/7 | BTC:$77495.8500 | USDT:232001.000 | ARB:0.0096% | فرصت:929
[15270] منابع:9/7 | BTC:$77495.8600 | USDT:232001.000 | ARB:0.0096% | فرصت:929
[15273] منابع:9/7 | BTC:$77494.3500 | USDT:232001.000 | ARB:0.0116% | فرصت:929
[15276] منابع:9/7 | BTC:$77494.3500 | USDT:232001.000 | ARB:0.0116% | فرصت:929
[15279] منابع:10/7 | BTC:$77494.3500 | USDT:232001.000 | ARB:0.0116% | فرصت:929
[15282] منابع:10/7 | BTC:$77494.3400 | USDT:232001.000 | ARB:0.0116% | فرصت:929
[15285] منابع:9/7 | BTC:$77494.3500 | USDT:232001.000 | ARB:0.0116% | فرصت:929
[15288] منابع:9/7 | BTC:$77494.3500 | USDT:232001.000 | ARB:0.0116% | فرصت:929
[15291] منابع:0/7 | BTC:$— | USDT:— | ARB:0% | فرصت:929
[15294] منابع:9/7 | BTC:$77502.2600 | USDT:232001.000 | ARB:0.0014% | فرصت:929
[15297] منابع:10/7 | BTC:$77510.7600 | USDT:232001.000 | ARB:-0.009% | فرصت:929
[15300] منابع:10/7 | BTC:$77510.7600 | USDT:232001.000 | ARB:-0.009% | فرصت:929
[15303] منابع:6/7 | BTC:$77521.4600 | USDT:232001.000 | ARB:-0.023% | فرصت:929
[15306] منابع:9/7 | BTC:$77531.3100 | USDT:232001.000 | ARB:-0.036% | فرصت:929
[15309] منابع:9/7 | BTC:$77531.9100 | USDT:232001.000 | ARB:-0.036% | فرصت:929
[15312] منابع:9/7 | BTC:$77537.1500 | USDT:232001.000 | ARB:-0.043% | فرصت:929
[15315] منابع:10/7 | BTC:$77551.7300 | USDT:232651.000 | ARB:-0.331% | فرصت:931
[15318] منابع:10/7 | BTC:$77550.4800 | USDT:232651.000 | ARB:-0.330% | فرصت:934
[15321] منابع:9/7 | BTC:$77550.4800 | USDT:232651.000 | ARB:-0.330% | فرصت:937
[15324] منابع:9/7 | BTC:$77554.0800 | USDT:232651.000 | ARB:-0.334% | فرصت:940
[15327] منابع:9/7 | BTC:$77554.0700 | USDT:232651.000 | ARB:-0.334% | فرصت:943
[15330] منابع:9/7 | BTC:$77557.9200 | USDT:232651.000 | ARB:-0.339% | فرصت:946
[15333] منابع:9/7 | BTC:$77557.9200 | USDT:232651.000 | ARB:-0.339% | فرصت:949
[15336] منابع:10/7 | BTC:$77570.0600 | USDT:232651.000 | ARB:-0.355% | فرصت:952
[15339] منابع:10/7 | BTC:$77578.9900 | USDT:232651.000 | ARB:-0.366% | فرصت:953
[15342] منابع:8/7 | BTC:$77578.9800 | USDT:232651.000 | ARB:-0.366% | فرصت:956
[15345] منابع:9/7 | BTC:$77588.5200 | USDT:232651.000 | ARB:-0.378% | فرصت:959
[15348] منابع:9/7 | BTC:$77588.5100 | USDT:232651.000 | ARB:-0.378% | فرصت:962
[15351] منابع:9/7 | BTC:$77588.5100 | USDT:232651.000 | ARB:-0.378% | فرصت:965
[15354] منابع:10/7 | BTC:$77588.5100 | USDT:232651.000 | ARB:-0.378% | فرصت:968
[15357] منابع:10/7 | BTC:$77588.5100 | USDT:232651.000 | ARB:-0.378% | فرصت:971
[15360] منابع:9/7 | BTC:$77588.5200 | USDT:232651.000 | ARB:-0.378% | فرصت:974
[15363] منابع:9/7 | BTC:$77596.7000 | USDT:232651.000 | ARB:-0.389% | فرصت:977
[15366] منابع:9/7 | BTC:$77600.0000 | USDT:232651.000 | ARB:-0.393% | فرصت:980
[15369] منابع:9/7 | BTC:$77623.8900 | USDT:232651.000 | ARB:-0.424% | فرصت:982
[15372] منابع:0/7 | BTC:$— | USDT:— | ARB:0% | فرصت:982
[15375] منابع:8/7 | BTC:$77602.9900 | USDT:— | ARB:0% | فرصت:982
[15378] منابع:9/7 | BTC:$77599.9500 | USDT:232651.000 | ARB:-0.393% | فرصت:983
[15381] منابع:9/7 | BTC:$77602.9800 | USDT:232651.000 | ARB:-0.397% | فرصت:986
[15384] منابع:9/7 | BTC:$77602.9800 | USDT:232651.000 | ARB:-0.397% | فرصت:989
[15387] منابع:7/7 | BTC:$77602.9900 | USDT:— | ARB:0% | فرصت:991
[15390] منابع:10/7 | BTC:$77630.6400 | USDT:232651.000 | ARB:-0.432% | فرصت:993
[15393] منابع:10/7 | BTC:$77644.7600 | USDT:232651.000 | ARB:-0.451% | فرصت:996
[15396] منابع:9/7 | BTC:$77646.5400 | USDT:232651.000 | ARB:-0.453% | فرصت:999
[15399] منابع:9/7 | BTC:$77660.3800 | USDT:232651.000 | ARB:-0.471% | فرصت:1002
[15402] منابع:7/7 | BTC:$77644.7800 | USDT:— | ARB:0% | فرصت:1004
[15405] منابع:9/7 | BTC:$77664.0500 | USDT:232604.000 | ARB:-0.295% | فرصت:1006
[15408] منابع:9/7 | BTC:$77662.8300 | USDT:232604.000 | ARB:-0.293% | فرصت:1006
[15411] منابع:10/7 | BTC:$77664.0000 | USDT:232604.000 | ARB:-0.294% | فرصت:1006
[15414] منابع:9/7 | BTC:$77664.0000 | USDT:232604.000 | ARB:-0.294% | فرصت:1006
[15417] منابع:9/7 | BTC:$77687.2100 | USDT:232604.000 | ARB:-0.324% | فرصت:1008
[15420] منابع:9/7 | BTC:$77689.5300 | USDT:232604.000 | ARB:-0.327% | فرصت:1011
[15423] منابع:9/7 | BTC:$77695.2100 | USDT:232604.000 | ARB:-0.335% | فرصت:1014
[15426] منابع:9/7 | BTC:$77699.9900 | USDT:232604.000 | ARB:-0.341% | فرصت:1017
[15429] منابع:10/7 | BTC:$77719.3900 | USDT:232604.000 | ARB:-0.366% | فرصت:1020
[15432] منابع:10/7 | BTC:$77725.8000 | USDT:232604.000 | ARB:-0.374% | فرصت:1023
[15435] منابع:9/7 | BTC:$77748.7000 | USDT:232604.000 | ARB:-0.403% | فرصت:1025
[15438] منابع:9/7 | BTC:$77755.8100 | USDT:232604.000 | ARB:-0.412% | فرصت:1028
[15441] منابع:9/7 | BTC:$77746.8300 | USDT:232604.000 | ARB:-0.401% | فرصت:1031
[15444] منابع:9/7 | BTC:$77757.0300 | USDT:232604.000 | ARB:-0.414% | فرصت:1034
[15447] منابع:10/7 | BTC:$77750.2800 | USDT:232604.000 | ARB:-0.405% | فرصت:1036
[15450] منابع:10/7 | BTC:$77750.2900 | USDT:232604.000 | ARB:-0.405% | فرصت:1039
[15453] منابع:9/7 | BTC:$77759.4600 | USDT:232604.000 | ARB:-0.417% | فرصت:1042
[15456] منابع:9/7 | BTC:$77759.4600 | USDT:232604.000 | ARB:-0.417% | فرصت:1045
[15459] منابع:9/7 | BTC:$77759.4800 | USDT:232604.000 | ARB:-0.417% | فرصت:1048
[15462] منابع:9/7 | BTC:$77800.0000 | USDT:232604.000 | ARB:-0.469% | فرصت:1050
[15465] منابع:10/7 | BTC:$77811.8000 | USDT:232604.000 | ARB:-0.484% | فرصت:1053
[15468] منابع:10/7 | BTC:$77815.8800 | USDT:232604.000 | ARB:-0.489% | فرصت:1056
[15471] منابع:9/7 | BTC:$77799.2000 | USDT:232604.000 | ARB:-0.468% | فرصت:1059
[15474] منابع:9/7 | BTC:$77794.7500 | USDT:232604.000 | ARB:-0.462% | فرصت:1062
[15477] منابع:9/7 | BTC:$77819.9900 | USDT:232604.000 | ARB:-0.494% | فرصت:1065
[15480] منابع:9/7 | BTC:$77816.2500 | USDT:232604.000 | ARB:-0.490% | فرصت:1068
[15483] منابع:10/7 | BTC:$77794.7500 | USDT:232604.000 | ARB:-0.462% | فرصت:1071
[15486] منابع:10/7 | BTC:$77802.6300 | USDT:232604.000 | ARB:-0.472% | فرصت:1074
[15489] منابع:9/7 | BTC:$77764.2600 | USDT:232604.000 | ARB:-0.423% | فرصت:1077
[15492] منابع:9/7 | BTC:$77764.2700 | USDT:232604.000 | ARB:-0.423% | فرصت:1080
[15495] منابع:9/7 | BTC:$77764.2700 | USDT:232604.000 | ARB:-0.423% | فرصت:1082
[15498] منابع:9/7 | BTC:$77764.2600 | USDT:232604.000 | ARB:-0.423% | فرصت:1084
[15501] منابع:9/7 | BTC:$77774.5700 | USDT:232617.000 | ARB:-0.102% | فرصت:1084
[15504] منابع:10/7 | BTC:$77782.2300 | USDT:232617.000 | ARB:-0.112% | فرصت:1084
[15507] منابع:9/7 | BTC:$77792.4700 | USDT:232617.000 | ARB:-0.125% | فرصت:1084
[15510] منابع:9/7 | BTC:$77792.4700 | USDT:232617.000 | ARB:-0.125% | فرصت:1084
[15513] منابع:9/7 | BTC:$77792.4700 | USDT:232617.000 | ARB:-0.125% | فرصت:1084
[15516] منابع:9/7 | BTC:$77850.0000 | USDT:232617.000 | ARB:-0.199% | فرصت:1084
[15519] منابع:9/7 | BTC:$77849.9900 | USDT:232617.000 | ARB:-0.199% | فرصت:1084
[15522] منابع:0/7 | BTC:$— | USDT:— | ARB:0% | فرصت:1084
[15525] منابع:0/7 | BTC:$— | USDT:— | ARB:0% | فرصت:1084
[15528] منابع:0/7 | BTC:$— | USDT:— | ARB:0% | فرصت:1084
[15531] منابع:0/7 | BTC:$— | USDT:— | ARB:0% | فرصت:1084
[15534] منابع:0/7 | BTC:$— | USDT:— | ARB:0% | فرصت:1084
[15537] منابع:0/7 | BTC:$— | USDT:— | ARB:0% | فرصت:1084
[15540] منابع:0/7 | BTC:$— | USDT:— | ARB:0% | فرصت:1084
[15543] منابع:0/7 | BTC:$— | USDT:— | ARB:0% | فرصت:1084
[15546] منابع:0/7 | BTC:$— | USDT:— | ARB:0% | فرصت:1084
[15549] منابع:0/7 | BTC:$— | USDT:— | ARB:0% | فرصت:1084
[15552] منابع:0/7 | BTC:$— | USDT:— | ARB:0% | فرصت:1084
[15555] منابع:0/7 | BTC:$— | USDT:— | ARB:0% | فرصت:1084
[15558] منابع:0/7 | BTC:$— | USDT:— | ARB:0% | فرصت:1084
[15561] منابع:0/7 | BTC:$— | USDT:— | ARB:0% | فرصت:1084
[15564] منابع:0/7 | BTC:$— | USDT:— | ARB:0% | فرصت:1084
[15567] منابع:0/7 | BTC:$— | USDT:— | ARB:0% | فرصت:1084
[15570] منابع:0/7 | BTC:$— | USDT:— | ARB:0% | فرصت:1084
[15573] منابع:0/7 | BTC:$— | USDT:— | ARB:0% | فرصت:1084
[15576] منابع:0/7 | BTC:$— | USDT:— | ARB:0% | فرصت:1084
[15579] منابع:0/7 | BTC:$— | USDT:— | ARB:0% | فرصت:1084
[15582] منابع:0/7 | BTC:$— | USDT:— | ARB:0% | فرصت:1084
[15585] منابع:0/7 | BTC:$— | USDT:— | ARB:0% | فرصت:1084
[15588] منابع:0/7 | BTC:$— | USDT:— | ARB:0% | فرصت:1084
[15591] منابع:0/7 | BTC:$— | USDT:— | ARB:0% | فرصت:1084
[15594] منابع:0/7 | BTC:$— | USDT:— | ARB:0% | فرصت:1084
[15597] منابع:0/7 | BTC:$— | USDT:— | ARB:0% | فرصت:1084
[15600] منابع:0/7 | BTC:$— | USDT:— | ARB:0% | فرصت:1084
[15603] منابع:0/7 | BTC:$— | USDT:— | ARB:0% | فرصت:1084
[15606] منابع:0/7 | BTC:$— | USDT:— | ARB:0% | فرصت:1084
[15609] منابع:0/7 | BTC:$— | USDT:— | ARB:0% | فرصت:1084
[15612] منابع:0/7 | BTC:$— | USDT:— | ARB:0% | فرصت:1084
[15615] منابع:0/7 | BTC:$— | USDT:— | ARB:0% | فرصت:1084
[15618] منابع:0/7 | BTC:$— | USDT:— | ARB:0% | فرصت:1084
[15621] منابع:0/7 | BTC:$— | USDT:— | ARB:0% | فرصت:1084
[15624] منابع:0/7 | BTC:$— | USDT:— | ARB:0% | فرصت:1084
[15627] منابع:0/7 | BTC:$— | USDT:— | ARB:0% | فرصت:1084
[15630] منابع:0/7 | BTC:$— | USDT:— | ARB:0% | فرصت:1084
[15633] منابع:0/7 | BTC:$— | USDT:— | ARB:0% | فرصت:1084
[15636] منابع:0/7 | BTC:$— | USDT:— | ARB:0% | فرصت:1084
[15639] منابع:0/7 | BTC:$— | USDT:— | ARB:0% | فرصت:1084
[15642] منابع:0/7 | BTC:$— | USDT:— | ARB:0% | فرصت:1084
[15645] منابع:0/7 | BTC:$— | USDT:— | ARB:0% | فرصت:1084
[15648] منابع:0/7 | BTC:$— | USDT:— | ARB:0% | فرصت:1084
[15651] منابع:0/7 | BTC:$— | USDT:— | ARB:0% | فرصت:1084
[15654] منابع:0/7 | BTC:$— | USDT:— | ARB:0% | فرصت:1084
[15657] منابع:0/7 | BTC:$— | USDT:— | ARB:0% | فرصت:1084
[15660] منابع:0/7 | BTC:$— | USDT:— | ARB:0% | فرصت:1084
[15663] منابع:0/7 | BTC:$— | USDT:— | ARB:0% | فرصت:1084
[15666] منابع:0/7 | BTC:$— | USDT:— | ARB:0% | فرصت:1084
[15669] منابع:0/7 | BTC:$— | USDT:— | ARB:0% | فرصت:1084
[15672] منابع:0/7 | BTC:$— | USDT:— | ARB:0% | فرصت:1084
[15675] منابع:0/7 | BTC:$— | USDT:— | ARB:0% | فرصت:1084
[15678] منابع:0/7 | BTC:$— | USDT:— | ARB:0% | فرصت:1084
[15681] منابع:0/7 | BTC:$— | USDT:— | ARB:0% | فرصت:1084
[15684] منابع:0/7 | BTC:$— | USDT:— | ARB:0% | فرصت:1084
[15687] منابع:0/7 | BTC:$— | USDT:— | ARB:0% | فرصت:1084
[15690] منابع:0/7 | BTC:$— | USDT:— | ARB:0% | فرصت:1084
[15693] منابع:0/7 | BTC:$— | USDT:— | ARB:0% | فرصت:1084
[15696] منابع:0/7 | BTC:$— | USDT:— | ARB:0% | فرصت:1084
[15699] منابع:0/7 | BTC:$— | USDT:— | ARB:0% | فرصت:1084
[15702] منابع:0/7 | BTC:$— | USDT:— | ARB:0% | فرصت:1084
[15705] منابع:0/7 | BTC:$— | USDT:— | ARB:0% | فرصت:1084
[15708] منابع:0/7 | BTC:$— | USDT:— | ARB:0% | فرصت:1084
[15711] منابع:0/7 | BTC:$— | USDT:— | ARB:0% | فرصت:1084
[15714] منابع:0/7 | BTC:$— | USDT:— | ARB:0% | فرصت:1084
[15717] منابع:0/7 | BTC:$— | USDT:— | ARB:0% | فرصت:1084
[15720] منابع:0/7 | BTC:$— | USDT:— | ARB:0% | فرصت:1084
[15723] منابع:0/7 | BTC:$— | USDT:— | ARB:0% | فرصت:1084
[15726] منابع:0/7 | BTC:$— | USDT:— | ARB:0% | فرصت:1084
[15729] منابع:0/7 | BTC:$— | USDT:— | ARB:0% | فرصت:1084
[15732] منابع:0/7 | BTC:$— | USDT:— | ARB:0% | فرصت:1084
[15735] منابع:0/7 | BTC:$— | USDT:— | ARB:0% | فرصت:1084
[15738] منابع:0/7 | BTC:$— | USDT:— | ARB:0% | فرصت:1084
[15741] منابع:0/7 | BTC:$— | USDT:— | ARB:0% | فرصت:1084
[15744] منابع:0/7 | BTC:$— | USDT:— | ARB:0% | فرصت:1084
[15747] منابع:0/7 | BTC:$— | USDT:— | ARB:0% | فرصت:1084
[15750] منابع:0/7 | BTC:$— | USDT:— | ARB:0% | فرصت:1084
[15753] منابع:0/7 | BTC:$— | USDT:— | ARB:0% | فرصت:1084
[15756] منابع:0/7 | BTC:$— | USDT:— | ARB:0% | فرصت:1084
[15759] منابع:0/7 | BTC:$— | USDT:— | ARB:0% | فرصت:1084
[15762] منابع:0/7 | BTC:$— | USDT:— | ARB:0% | فرصت:1084
[15765] منابع:0/7 | BTC:$— | USDT:— | ARB:0% | فرصت:1084
[15768] منابع:0/7 | BTC:$— | USDT:— | ARB:0% | فرصت:1084
[15771] منابع:0/7 | BTC:$— | USDT:— | ARB:0% | فرصت:1084
[15774] منابع:0/7 | BTC:$— | USDT:— | ARB:0% | فرصت:1084
[15777] منابع:0/7 | BTC:$— | USDT:— | ARB:0% | فرصت:1084
[15780] منابع:0/7 | BTC:$— | USDT:— | ARB:0% | فرصت:1084
[15783] منابع:0/7 | BTC:$— | USDT:— | ARB:0% | فرصت:1084
[15786] منابع:0/7 | BTC:$— | USDT:— | ARB:0% | فرصت:1084
[15789] منابع:0/7 | BTC:$— | USDT:— | ARB:0% | فرصت:1084
[15792] منابع:0/7 | BTC:$— | USDT:— | ARB:0% | فرصت:1084
[15795] منابع:0/7 | BTC:$— | USDT:— | ARB:0% | فرصت:1084
[15798] منابع:0/7 | BTC:$— | USDT:— | ARB:0% | فرصت:1084
[15801] منابع:0/7 | BTC:$— | USDT:— | ARB:0% | فرصت:1084
[15804] منابع:0/7 | BTC:$— | USDT:— | ARB:0% | فرصت:1084
[15807] منابع:0/7 | BTC:$— | USDT:— | ARB:0% | فرصت:1084
[15810] منابع:0/7 | BTC:$— | USDT:— | ARB:0% | فرصت:1084
[15813] منابع:0/7 | BTC:$— | USDT:— | ARB:0% | فرصت:1084
[15816] منابع:0/7 | BTC:$— | USDT:— | ARB:0% | فرصت:1084
[15819] منابع:0/7 | BTC:$— | USDT:— | ARB:0% | فرصت:1084
[15822] منابع:0/7 | BTC:$— | USDT:— | ARB:0% | فرصت:1084
[15825] منابع:0/7 | BTC:$— | USDT:— | ARB:0% | فرصت:1084
[15828] منابع:0/7 | BTC:$— | USDT:— | ARB:0% | فرصت:1084
[15831] منابع:0/7 | BTC:$— | USDT:— | ARB:0% | فرصت:1084
[15834] منابع:0/7 | BTC:$— | USDT:— | ARB:0% | فرصت:1084
[15837] منابع:0/7 | BTC:$— | USDT:— | ARB:0% | فرصت:1084
[15840] منابع:0/7 | BTC:$— | USDT:— | ARB:0% | فرصت:1084
[15843] منابع:0/7 | BTC:$— | USDT:— | ARB:0% | فرصت:1084
[15846] منابع:0/7 | BTC:$— | USDT:— | ARB:0% | فرصت:1084
[15849] منابع:0/7 | BTC:$— | USDT:— | ARB:0% | فرصت:1084
[15852] منابع:0/7 | BTC:$— | USDT:— | ARB:0% | فرصت:1084
[15855] منابع:0/7 | BTC:$— | USDT:— | ARB:0% | فرصت:1084
[15858] منابع:0/7 | BTC:$— | USDT:— | ARB:0% | فرصت:1084
[15861] منابع:0/7 | BTC:$— | USDT:— | ARB:0% | فرصت:1084
[15864] منابع:0/7 | BTC:$— | USDT:— | ARB:0% | فرصت:1084
[15867] منابع:0/7 | BTC:$— | USDT:— | ARB:0% | فرصت:1084
[15870] منابع:0/7 | BTC:$— | USDT:— | ARB:0% | فرصت:1084
[15873] منابع:0/7 | BTC:$— | USDT:— | ARB:0% | فرصت:1084
[15876] منابع:0/7 | BTC:$— | USDT:— | ARB:0% | فرصت:1084
[15879] منابع:0/7 | BTC:$— | USDT:— | ARB:0% | فرصت:1084
[15882] منابع:0/7 | BTC:$— | USDT:— | ARB:0% | فرصت:1084
[15885] منابع:0/7 | BTC:$— | USDT:— | ARB:0% | فرصت:1084
[15888] منابع:0/7 | BTC:$— | USDT:— | ARB:0% | فرصت:1084
[15891] منابع:0/7 | BTC:$— | USDT:— | ARB:0% | فرصت:1084
[15894] منابع:0/7 | BTC:$— | USDT:— | ARB:0% | فرصت:1084
[15897] منابع:0/7 | BTC:$— | USDT:— | ARB:0% | فرصت:1084
[15900] منابع:0/7 | BTC:$— | USDT:— | ARB:0% | فرصت:1084
[15903] منابع:0/7 | BTC:$— | USDT:— | ARB:0% | فرصت:1084
[15906] منابع:3/7 | BTC:$77401 | USDT:233415.000 | ARB:0% | فرصت:1084
[15909] منابع:7/7 | BTC:$77401 | USDT:233415.000 | ARB:0% | فرصت:1084
[15912] منابع:6/7 | BTC:$— | USDT:233415.000 | ARB:0% | فرصت:1084
[15915] منابع:3/7 | BTC:$— | USDT:233415.000 | ARB:0% | فرصت:1084
[15918] منابع:6/7 | BTC:$— | USDT:233415.000 | ARB:0% | فرصت:1084
[15921] منابع:6/7 | BTC:$— | USDT:233415.000 | ARB:0% | فرصت:1084
[15924] منابع:6/7 | BTC:$— | USDT:233415.000 | ARB:0% | فرصت:1084
[15927] منابع:7/7 | BTC:$77431 | USDT:233415.000 | ARB:0% | فرصت:1084
[15930] منابع:6/7 | BTC:$— | USDT:233415.000 | ARB:0% | فرصت:1084
[15933] منابع:6/7 | BTC:$— | USDT:233415.000 | ARB:0% | فرصت:1084
[15936] منابع:6/7 | BTC:$— | USDT:233415.000 | ARB:0% | فرصت:1084
[15939] منابع:6/7 | BTC:$— | USDT:233415.000 | ARB:0% | فرصت:1084
[15942] منابع:6/7 | BTC:$— | USDT:233415.000 | ARB:0% | فرصت:1084
[15945] منابع:7/7 | BTC:$77449 | USDT:233415.000 | ARB:0% | فرصت:1084
[15948] منابع:7/7 | BTC:$77449 | USDT:233415.000 | ARB:0% | فرصت:1084
[15951] منابع:6/7 | BTC:$— | USDT:233496.000 | ARB:0% | فرصت:1084
[15954] منابع:6/7 | BTC:$— | USDT:233496.000 | ARB:0% | فرصت:1084
[15957] منابع:6/7 | BTC:$— | USDT:233496.000 | ARB:0% | فرصت:1084
[15960] منابع:6/7 | BTC:$— | USDT:233496.000 | ARB:0% | فرصت:1084
[15963] منابع:6/7 | BTC:$— | USDT:233496.000 | ARB:0% | فرصت:1084
[15966] منابع:7/7 | BTC:$77455 | USDT:233496.000 | ARB:0% | فرصت:1084
[15969] منابع:7/7 | BTC:$77455 | USDT:233496.000 | ARB:0% | فرصت:1084
[15972] منابع:6/7 | BTC:$— | USDT:233496.000 | ARB:0% | فرصت:1084
[15975] منابع:6/7 | BTC:$— | USDT:233496.000 | ARB:0% | فرصت:1084
[15978] منابع:6/7 | BTC:$— | USDT:233496.000 | ARB:0% | فرصت:1084
[15981] منابع:7/7 | BTC:$77457 | USDT:233496.000 | ARB:0% | فرصت:1084
[15984] منابع:7/7 | BTC:$77457 | USDT:233496.000 | ARB:0% | فرصت:1084
[15987] منابع:7/7 | BTC:$77463 | USDT:233496.000 | ARB:0% | فرصت:1084
[15990] منابع:7/7 | BTC:$77463 | USDT:233496.000 | ARB:0% | فرصت:1084
[15993] منابع:7/7 | BTC:$77463 | USDT:233496.000 | ARB:0% | فرصت:1084
[15996] منابع:7/7 | BTC:$77463 | USDT:233496.000 | ARB:0% | فرصت:1084
[15999] منابع:7/7 | BTC:$77463 | USDT:233496.000 | ARB:0% | فرصت:1084
[16002] منابع:7/7 | BTC:$77475 | USDT:233496.000 | ARB:0% | فرصت:1084
[16005] منابع:7/7 | BTC:$77475 | USDT:233496.000 | ARB:0% | فرصت:1084
[16008] منابع:7/7 | BTC:$77475 | USDT:233496.000 | ARB:0% | فرصت:1084
[16011] منابع:7/7 | BTC:$77475 | USDT:233496.000 | ARB:0% | فرصت:1084
[16014] منابع:7/7 | BTC:$77475 | USDT:233496.000 | ARB:0% | فرصت:1084
[16017] منابع:7/7 | BTC:$77491 | USDT:233496.000 | ARB:0% | فرصت:1084
[16020] منابع:7/7 | BTC:$77491 | USDT:233496.000 | ARB:0% | فرصت:1084
[16023] منابع:7/7 | BTC:$77491 | USDT:233496.000 | ARB:0% | فرصت:1084
[16026] منابع:7/7 | BTC:$77491 | USDT:233496.000 | ARB:0% | فرصت:1084
[16029] منابع:7/7 | BTC:$77491 | USDT:233496.000 | ARB:0% | فرصت:1084
[16032] منابع:7/7 | BTC:$77542 | USDT:233496.000 | ARB:0% | فرصت:1084
[16035] منابع:7/7 | BTC:$77542 | USDT:233496.000 | ARB:0% | فرصت:1084
[16038] منابع:7/7 | BTC:$77542 | USDT:233496.000 | ARB:0% | فرصت:1084
[16041] منابع:7/7 | BTC:$77542 | USDT:233496.000 | ARB:0% | فرصت:1084
[16044] منابع:7/7 | BTC:$77542 | USDT:233496.000 | ARB:0% | فرصت:1084
[16047] منابع:7/7 | BTC:$77647 | USDT:233496.000 | ARB:0% | فرصت:1084
[16050] منابع:7/7 | BTC:$77647 | USDT:233496.000 | ARB:0% | فرصت:1084
[16053] منابع:7/7 | BTC:$77647 | USDT:233450.000 | ARB:0% | فرصت:1084
[16056] منابع:7/7 | BTC:$77647 | USDT:233450.000 | ARB:0% | فرصت:1084
[16059] منابع:7/7 | BTC:$77647 | USDT:233450.000 | ARB:0% | فرصت:1084
[16062] منابع:7/7 | BTC:$77672 | USDT:233450.000 | ARB:0% | فرصت:1084
[16065] منابع:7/7 | BTC:$77672 | USDT:233450.000 | ARB:0% | فرصت:1084
[16068] منابع:7/7 | BTC:$77672 | USDT:233450.000 | ARB:0% | فرصت:1084
[16071] منابع:7/7 | BTC:$77672 | USDT:233450.000 | ARB:0% | فرصت:1084
[16074] منابع:7/7 | BTC:$77681 | USDT:233450.000 | ARB:0% | فرصت:1084
[16077] منابع:6/7 | BTC:$— | USDT:233450.000 | ARB:0% | فرصت:1084
[16080] منابع:7/7 | BTC:$77681 | USDT:233450.000 | ARB:0% | فرصت:1084
[16083] منابع:7/7 | BTC:$77681 | USDT:233450.000 | ARB:0% | فرصت:1084
[16086] منابع:7/7 | BTC:$77681 | USDT:233450.000 | ARB:0% | فرصت:1084
[16089] منابع:7/7 | BTC:$77720 | USDT:233450.000 | ARB:0% | فرصت:1084
[16092] منابع:7/7 | BTC:$77720 | USDT:233450.000 | ARB:0% | فرصت:1084
[16095] منابع:7/7 | BTC:$77720 | USDT:233450.000 | ARB:0% | فرصت:1084
[16098] منابع:7/7 | BTC:$77720 | USDT:233450.000 | ARB:0% | فرصت:1084
[16101] منابع:7/7 | BTC:$77720 | USDT:233450.000 | ARB:0% | فرصت:1084
[16104] منابع:7/7 | BTC:$77699 | USDT:233450.000 | ARB:0% | فرصت:1084
[16107] منابع:7/7 | BTC:$77699 | USDT:233450.000 | ARB:0% | فرصت:1084
[16110] منابع:7/7 | BTC:$77699 | USDT:233450.000 | ARB:0% | فرصت:1084
[16113] منابع:7/7 | BTC:$77699 | USDT:233450.000 | ARB:0% | فرصت:1084
[16116] منابع:7/7 | BTC:$77699 | USDT:233450.000 | ARB:0% | فرصت:1084
[16119] منابع:7/7 | BTC:$77699 | USDT:233450.000 | ARB:0% | فرصت:1084
[16122] منابع:7/7 | BTC:$77699 | USDT:233450.000 | ARB:0% | فرصت:1084
[16125] منابع:7/7 | BTC:$77699 | USDT:233450.000 | ARB:0% | فرصت:1084
[16128] منابع:7/7 | BTC:$77699 | USDT:233450.000 | ARB:0% | فرصت:1084
[16131] منابع:7/7 | BTC:$77699 | USDT:233450.000 | ARB:0% | فرصت:1084
[16134] منابع:6/7 | BTC:$— | USDT:233450.000 | ARB:0% | فرصت:1084
[16137] منابع:6/7 | BTC:$— | USDT:233450.000 | ARB:0% | فرصت:1084
[16140] منابع:6/7 | BTC:$— | USDT:233450.000 | ARB:0% | فرصت:1084
[16143] منابع:6/7 | BTC:$— | USDT:233450.000 | ARB:0% | فرصت:1084
[16146] منابع:6/7 | BTC:$— | USDT:233450.000 | ARB:0% | فرصت:1084
[16149] منابع:7/7 | BTC:$77653 | USDT:233450.000 | ARB:0% | فرصت:1084
[16152] منابع:6/7 | BTC:$— | USDT:233450.000 | ARB:0% | فرصت:1084
[16155] منابع:6/7 | BTC:$— | USDT:233251.000 | ARB:0% | فرصت:1084
[16158] منابع:6/7 | BTC:$— | USDT:233251.000 | ARB:0% | فرصت:1084
[16161] منابع:6/7 | BTC:$— | USDT:233251.000 | ARB:0% | فرصت:1084
[16164] منابع:6/7 | BTC:$— | USDT:233251.000 | ARB:0% | فرصت:1084
[16167] منابع:7/7 | BTC:$77616 | USDT:233251.000 | ARB:0% | فرصت:1084
[16170] منابع:7/7 | BTC:$77616 | USDT:233251.000 | ARB:0% | فرصت:1084
[16173] منابع:6/7 | BTC:$— | USDT:233251.000 | ARB:0% | فرصت:1084
[16176] منابع:6/7 | BTC:$— | USDT:233251.000 | ARB:0% | فرصت:1084
[16179] منابع:6/7 | BTC:$— | USDT:233251.000 | ARB:0% | فرصت:1084
[16182] منابع:6/7 | BTC:$— | USDT:233251.000 | ARB:0% | فرصت:1084
[16185] منابع:6/7 | BTC:$— | USDT:233251.000 | ARB:0% | فرصت:1084
[16188] منابع:7/7 | BTC:$77610 | USDT:233251.000 | ARB:0% | فرصت:1084
[16191] منابع:6/7 | BTC:$— | USDT:233251.000 | ARB:0% | فرصت:1084
[16194] منابع:6/7 | BTC:$— | USDT:233251.000 | ARB:0% | فرصت:1084
[16197] منابع:6/7 | BTC:$— | USDT:233251.000 | ARB:0% | فرصت:1084
[16200] منابع:6/7 | BTC:$— | USDT:233251.000 | ARB:0% | فرصت:1084
[16203] منابع:6/7 | BTC:$— | USDT:233251.000 | ARB:0% | فرصت:1084
[16206] منابع:7/7 | BTC:$77585 | USDT:233251.000 | ARB:0% | فرصت:1084
[16209] منابع:6/7 | BTC:$— | USDT:233251.000 | ARB:0% | فرصت:1084
[16212] منابع:6/7 | BTC:$— | USDT:233251.000 | ARB:0% | فرصت:1084
[16215] منابع:6/7 | BTC:$— | USDT:233251.000 | ARB:0% | فرصت:1084
[16218] منابع:6/7 | BTC:$— | USDT:233251.000 | ARB:0% | فرصت:1084
[16221] منابع:6/7 | BTC:$— | USDT:233251.000 | ARB:0% | فرصت:1084
[16224] منابع:7/7 | BTC:$77588 | USDT:233251.000 | ARB:0% | فرصت:1084
[16227] منابع:7/7 | BTC:$77588 | USDT:233251.000 | ARB:0% | فرصت:1084
[16230] منابع:6/7 | BTC:$— | USDT:233251.000 | ARB:0% | فرصت:1084
[16233] منابع:6/7 | BTC:$— | USDT:233251.000 | ARB:0% | فرصت:1084
[16236] منابع:6/7 | BTC:$— | USDT:233251.000 | ARB:0% | فرصت:1084
[16239] منابع:6/7 | BTC:$— | USDT:233251.000 | ARB:0% | فرصت:1084
[16242] منابع:6/7 | BTC:$— | USDT:233251.000 | ARB:0% | فرصت:1084
[16245] منابع:7/7 | BTC:$77589 | USDT:233251.000 | ARB:0% | فرصت:1084
[16248] منابع:7/7 | BTC:$77589 | USDT:233251.000 | ARB:0% | فرصت:1084
[16251] منابع:6/7 | BTC:$— | USDT:233251.000 | ARB:0% | فرصت:1084
[16254] منابع:6/7 | BTC:$— | USDT:233251.000 | ARB:0% | فرصت:1084
[16257] منابع:6/7 | BTC:$— | USDT:233251.000 | ARB:0% | فرصت:1084
[16260] منابع:6/7 | BTC:$— | USDT:232996.000 | ARB:0% | فرصت:1084
[16263] منابع:6/7 | BTC:$— | USDT:232996.000 | ARB:0% | فرصت:1084
[16266] منابع:7/7 | BTC:$77571 | USDT:232996.000 | ARB:0% | فرصت:1084
[16269] منابع:6/7 | BTC:$— | USDT:232996.000 | ARB:0% | فرصت:1084
[16272] منابع:6/7 | BTC:$— | USDT:232996.000 | ARB:0% | فرصت:1084
[16275] منابع:8/7 | BTC:$77571 | USDT:232996.000 | ARB:0% | فرصت:1084
[16278] منابع:8/7 | BTC:$77571 | USDT:232996.000 | ARB:0% | فرصت:1084
[16281] منابع:6/7 | BTC:$77564 | USDT:— | ARB:0% | فرصت:1084
[16284] منابع:8/7 | BTC:$77564 | USDT:232996.000 | ARB:0% | فرصت:1084
[16287] منابع:8/7 | BTC:$77564 | USDT:232996.000 | ARB:0% | فرصت:1084
[16290] منابع:8/7 | BTC:$77564 | USDT:232996.000 | ARB:0% | فرصت:1084
[16293] منابع:8/7 | BTC:$77565 | USDT:232996.000 | ARB:0% | فرصت:1084
[16296] منابع:8/7 | BTC:$77565 | USDT:232996.000 | ARB:0% | فرصت:1084
[16299] منابع:8/7 | BTC:$77565 | USDT:232996.000 | ARB:0% | فرصت:1084
[16302] منابع:8/7 | BTC:$77565 | USDT:232996.000 | ARB:0% | فرصت:1084
[16305] منابع:8/7 | BTC:$77565 | USDT:232996.000 | ARB:0% | فرصت:1084
[16308] منابع:8/7 | BTC:$77516 | USDT:232996.000 | ARB:0% | فرصت:1084
[16311] منابع:8/7 | BTC:$77516 | USDT:232996.000 | ARB:0% | فرصت:1084
[16314] منابع:8/7 | BTC:$77516 | USDT:232996.000 | ARB:0% | فرصت:1084
[16317] منابع:0/7 | BTC:$— | USDT:— | ARB:0% | فرصت:1084
[16320] منابع:8/7 | BTC:$77516 | USDT:232996.000 | ARB:0% | فرصت:1084
[16323] منابع:8/7 | BTC:$77565 | USDT:232996.000 | ARB:0% | فرصت:1084
[16326] منابع:8/7 | BTC:$77565 | USDT:232996.000 | ARB:0% | فرصت:1084
[16329] منابع:8/7 | BTC:$77565 | USDT:232996.000 | ARB:0% | فرصت:1084
[16332] منابع:8/7 | BTC:$77565 | USDT:232996.000 | ARB:0% | فرصت:1084
[16335] منابع:8/7 | BTC:$77565 | USDT:232996.000 | ARB:0% | فرصت:1084
[16338] منابع:8/7 | BTC:$77617 | USDT:232996.000 | ARB:0% | فرصت:1084
[16341] منابع:8/7 | BTC:$77617 | USDT:232996.000 | ARB:0% | فرصت:1084
[16344] منابع:8/7 | BTC:$77617 | USDT:232996.000 | ARB:0% | فرصت:1084
[16347] منابع:7/7 | BTC:$77617 | USDT:232996.000 | ARB:0% | فرصت:1084
[16350] منابع:7/7 | BTC:$77617 | USDT:232996.000 | ARB:0% | فرصت:1084
[16353] منابع:7/7 | BTC:$77623 | USDT:232996.000 | ARB:0% | فرصت:1084
[16356] منابع:7/7 | BTC:$77623 | USDT:232996.000 | ARB:0% | فرصت:1084
[16359] منابع:7/7 | BTC:$77623 | USDT:233052.000 | ARB:0% | فرصت:1084
[16362] منابع:7/7 | BTC:$77623 | USDT:233052.000 | ARB:0% | فرصت:1084
[16365] منابع:7/7 | BTC:$77623 | USDT:233052.000 | ARB:0% | فرصت:1084
[16368] منابع:7/7 | BTC:$77641 | USDT:233052.000 | ARB:0% | فرصت:1084
[16371] منابع:7/7 | BTC:$77641 | USDT:233052.000 | ARB:0% | فرصت:1084
[16374] منابع:7/7 | BTC:$77641 | USDT:233052.000 | ARB:0% | فرصت:1084
[16377] منابع:7/7 | BTC:$77641 | USDT:233052.000 | ARB:0% | فرصت:1084
[16380] منابع:7/7 | BTC:$77641 | USDT:233052.000 | ARB:0% | فرصت:1084
[16383] منابع:7/7 | BTC:$77670 | USDT:233052.000 | ARB:0% | فرصت:1084
[16386] منابع:7/7 | BTC:$77670 | USDT:233052.000 | ARB:0% | فرصت:1084
[16389] منابع:7/7 | BTC:$77670 | USDT:233052.000 | ARB:0% | فرصت:1084
[16392] منابع:7/7 | BTC:$77670 | USDT:233052.000 | ARB:0% | فرصت:1084
[16395] منابع:7/7 | BTC:$77670 | USDT:233052.000 | ARB:0% | فرصت:1084
[16398] منابع:7/7 | BTC:$77640 | USDT:233052.000 | ARB:0% | فرصت:1084
[16401] منابع:7/7 | BTC:$77640 | USDT:233052.000 | ARB:0% | فرصت:1084
[16404] منابع:7/7 | BTC:$77640 | USDT:233052.000 | ARB:0% | فرصت:1084
[16407] منابع:7/7 | BTC:$77640 | USDT:233052.000 | ARB:0% | فرصت:1084
[16410] منابع:7/7 | BTC:$77640 | USDT:233052.000 | ARB:0% | فرصت:1084
[16413] منابع:7/7 | BTC:$77627 | USDT:233052.000 | ARB:0% | فرصت:1084
[16416] منابع:7/7 | BTC:$77627 | USDT:233052.000 | ARB:0% | فرصت:1084
[16419] منابع:8/7 | BTC:$77627 | USDT:233052.000 | ARB:0% | فرصت:1084
[16422] منابع:8/7 | BTC:$77627 | USDT:233052.000 | ARB:0% | فرصت:1084
[16425] منابع:8/7 | BTC:$77610 | USDT:233052.000 | ARB:0% | فرصت:1084
[16428] منابع:7/7 | BTC:$— | USDT:233052.000 | ARB:0% | فرصت:1084
[16431] منابع:7/7 | BTC:$— | USDT:233052.000 | ARB:0% | فرصت:1084
[16434] منابع:7/7 | BTC:$— | USDT:233052.000 | ARB:0% | فرصت:1084
[16437] منابع:7/7 | BTC:$— | USDT:233052.000 | ARB:0% | فرصت:1084
[16440] منابع:4/7 | BTC:$— | USDT:— | ARB:0% | فرصت:1084
[16443] منابع:4/7 | BTC:$77602 | USDT:— | ARB:0% | فرصت:1084
[16446] منابع:0/7 | BTC:$— | USDT:— | ARB:0% | فرصت:1084
[16449] منابع:0/7 | BTC:$— | USDT:— | ARB:0% | فرصت:1084
[16452] منابع:0/7 | BTC:$— | USDT:— | ARB:0% | فرصت:1084
[16455] منابع:0/7 | BTC:$— | USDT:— | ARB:0% | فرصت:1084
[16458] منابع:0/7 | BTC:$— | USDT:— | ARB:0% | فرصت:1084
[16461] منابع:0/7 | BTC:$— | USDT:— | ARB:0% | فرصت:1084
[16464] منابع:0/7 | BTC:$— | USDT:— | ARB:0% | فرصت:1084
[16467] منابع:0/7 | BTC:$— | USDT:— | ARB:0% | فرصت:1084
[16470] منابع:0/7 | BTC:$— | USDT:— | ARB:0% | فرصت:1084
[16473] منابع:0/7 | BTC:$— | USDT:— | ARB:0% | فرصت:1084
[16476] منابع:0/7 | BTC:$— | USDT:— | ARB:0% | فرصت:1084
[16479] منابع:0/7 | BTC:$— | USDT:— | ARB:0% | فرصت:1084
[16482] منابع:0/7 | BTC:$— | USDT:— | ARB:0% | فرصت:1084
[16485] منابع:0/7 | BTC:$— | USDT:— | ARB:0% | فرصت:1084
[16488] منابع:0/7 | BTC:$— | USDT:— | ARB:0% | فرصت:1084
[16491] منابع:0/7 | BTC:$— | USDT:— | ARB:0% | فرصت:1084
[16494] منابع:0/7 | BTC:$— | USDT:— | ARB:0% | فرصت:1084
[16497] منابع:0/7 | BTC:$— | USDT:— | ARB:0% | فرصت:1084
[16500] منابع:0/7 | BTC:$— | USDT:— | ARB:0% | فرصت:1084
[16503] منابع:0/7 | BTC:$— | USDT:— | ARB:0% | فرصت:1084
[16506] منابع:0/7 | BTC:$— | USDT:— | ARB:0% | فرصت:1084
[16509] منابع:0/7 | BTC:$— | USDT:— | ARB:0% | فرصت:1084
[16512] منابع:0/7 | BTC:$— | USDT:— | ARB:0% | فرصت:1084
[16515] منابع:0/7 | BTC:$— | USDT:— | ARB:0% | فرصت:1084
[16518] منابع:0/7 | BTC:$— | USDT:— | ARB:0% | فرصت:1084
[16521] منابع:0/7 | BTC:$— | USDT:— | ARB:0% | فرصت:1084
[16524] منابع:0/7 | BTC:$— | USDT:— | ARB:0% | فرصت:1084
[16527] منابع:0/7 | BTC:$— | USDT:— | ARB:0% | فرصت:1084
[16530] منابع:0/7 | BTC:$— | USDT:— | ARB:0% | فرصت:1084
[16533] منابع:0/7 | BTC:$— | USDT:— | ARB:0% | فرصت:1084
[16536] منابع:0/7 | BTC:$— | USDT:— | ARB:0% | فرصت:1084
[16539] منابع:0/7 | BTC:$— | USDT:— | ARB:0% | فرصت:1084
[16542] منابع:0/7 | BTC:$— | USDT:— | ARB:0% | فرصت:1084
[16545] منابع:0/7 | BTC:$— | USDT:— | ARB:0% | فرصت:1084
[16548] منابع:0/7 | BTC:$— | USDT:— | ARB:0% | فرصت:1084
[16551] منابع:0/7 | BTC:$— | USDT:— | ARB:0% | فرصت:1084
[16554] منابع:0/7 | BTC:$— | USDT:— | ARB:0% | فرصت:1084
[16557] منابع:7/7 | BTC:$77680 | USDT:233150.000 | ARB:0% | فرصت:1084
[16560] منابع:7/7 | BTC:$77680 | USDT:233150.000 | ARB:0% | فرصت:1084
[16563] منابع:6/7 | BTC:$— | USDT:233150.000 | ARB:0% | فرصت:1084
[16566] منابع:6/7 | BTC:$— | USDT:233150.000 | ARB:0% | فرصت:1084
[16569] منابع:6/7 | BTC:$— | USDT:233150.000 | ARB:0% | فرصت:1084
[16572] منابع:6/7 | BTC:$— | USDT:233150.000 | ARB:0% | فرصت:1084
[16575] منابع:6/7 | BTC:$— | USDT:233150.000 | ARB:0% | فرصت:1084
[16578] منابع:6/7 | BTC:$— | USDT:233150.000 | ARB:0% | فرصت:1084
[16581] منابع:6/7 | BTC:$— | USDT:233150.000 | ARB:0% | فرصت:1084
[16584] منابع:7/7 | BTC:$77671 | USDT:233150.000 | ARB:0% | فرصت:1084
[16587] منابع:7/7 | BTC:$77671 | USDT:233150.000 | ARB:0% | فرصت:1084
[16590] منابع:6/7 | BTC:$— | USDT:233150.000 | ARB:0% | فرصت:1084
[16593] منابع:6/7 | BTC:$— | USDT:233150.000 | ARB:0% | فرصت:1084
[16596] منابع:6/7 | BTC:$— | USDT:233150.000 | ARB:0% | فرصت:1084
[16599] منابع:6/7 | BTC:$— | USDT:233150.000 | ARB:0% | فرصت:1084
[16602] منابع:6/7 | BTC:$— | USDT:233150.000 | ARB:0% | فرصت:1084
[16605] منابع:6/7 | BTC:$— | USDT:233150.000 | ARB:0% | فرصت:1084
[16608] منابع:7/7 | BTC:$77676 | USDT:233150.000 | ARB:0% | فرصت:1084
[16611] منابع:7/7 | BTC:$77691 | USDT:233150.000 | ARB:0% | فرصت:1084
[16614] منابع:6/7 | BTC:$— | USDT:233150.000 | ARB:0% | فرصت:1084
[16617] منابع:6/7 | BTC:$— | USDT:233150.000 | ARB:0% | فرصت:1084
[16620] منابع:6/7 | BTC:$— | USDT:233150.000 | ARB:0% | فرصت:1084
[16623] منابع:6/7 | BTC:$— | USDT:233150.000 | ARB:0% | فرصت:1084
[16626] منابع:6/7 | BTC:$— | USDT:233150.000 | ARB:0% | فرصت:1084
[16629] منابع:7/7 | BTC:$77695 | USDT:233150.000 | ARB:0% | فرصت:1084
[16632] منابع:6/7 | BTC:$— | USDT:233000.000 | ARB:0% | فرصت:1084
[16635] منابع:6/7 | BTC:$— | USDT:233000.000 | ARB:0% | فرصت:1084
[16638] منابع:6/7 | BTC:$— | USDT:233000.000 | ARB:0% | فرصت:1084
[16641] منابع:6/7 | BTC:$— | USDT:233000.000 | ARB:0% | فرصت:1084
[16644] منابع:6/7 | BTC:$— | USDT:233000.000 | ARB:0% | فرصت:1084
[16647] منابع:7/7 | BTC:$77702 | USDT:233000.000 | ARB:0% | فرصت:1084
[16650] منابع:7/7 | BTC:$77702 | USDT:233000.000 | ARB:0% | فرصت:1084
[16653] منابع:6/7 | BTC:$— | USDT:233000.000 | ARB:0% | فرصت:1084
[16656] منابع:6/7 | BTC:$— | USDT:233000.000 | ARB:0% | فرصت:1084
[16659] منابع:6/7 | BTC:$— | USDT:233000.000 | ARB:0% | فرصت:1084
[16662] منابع:6/7 | BTC:$— | USDT:233000.000 | ARB:0% | فرصت:1084
[16665] منابع:6/7 | BTC:$— | USDT:233000.000 | ARB:0% | فرصت:1084
[16668] منابع:7/7 | BTC:$77695 | USDT:233000.000 | ARB:0% | فرصت:1084
[16671] منابع:6/7 | BTC:$— | USDT:233000.000 | ARB:0% | فرصت:1084
[16674] منابع:6/7 | BTC:$— | USDT:233000.000 | ARB:0% | فرصت:1084
[16677] منابع:6/7 | BTC:$— | USDT:233000.000 | ARB:0% | فرصت:1084
[16680] منابع:6/7 | BTC:$— | USDT:233000.000 | ARB:0% | فرصت:1084
[16683] منابع:6/7 | BTC:$— | USDT:233000.000 | ARB:0% | فرصت:1084
[16686] منابع:7/7 | BTC:$77695 | USDT:233000.000 | ARB:0% | فرصت:1084
[16689] منابع:7/7 | BTC:$77695 | USDT:233000.000 | ARB:0% | فرصت:1084
[16692] منابع:6/7 | BTC:$— | USDT:233000.000 | ARB:0% | فرصت:1084
[16695] منابع:6/7 | BTC:$— | USDT:233000.000 | ARB:0% | فرصت:1084
[16698] منابع:6/7 | BTC:$— | USDT:233000.000 | ARB:0% | فرصت:1084
[16701] منابع:6/7 | BTC:$— | USDT:233000.000 | ARB:0% | فرصت:1084
[16704] منابع:6/7 | BTC:$— | USDT:233000.000 | ARB:0% | فرصت:1084
[16707] منابع:7/7 | BTC:$77685 | USDT:233000.000 | ARB:0% | فرصت:1084
[16710] منابع:7/7 | BTC:$77685 | USDT:233000.000 | ARB:0% | فرصت:1084
[16713] منابع:6/7 | BTC:$— | USDT:233000.000 | ARB:0% | فرصت:1084
[16716] منابع:6/7 | BTC:$— | USDT:233000.000 | ARB:0% | فرصت:1084
[16719] منابع:6/7 | BTC:$— | USDT:233000.000 | ARB:0% | فرصت:1084
[16722] منابع:6/7 | BTC:$— | USDT:233000.000 | ARB:0% | فرصت:1084
[16725] منابع:6/7 | BTC:$— | USDT:233000.000 | ARB:0% | فرصت:1084
[16728] منابع:7/7 | BTC:$77673 | USDT:233000.000 | ARB:0% | فرصت:1084
[16731] منابع:6/7 | BTC:$— | USDT:233000.000 | ARB:0% | فرصت:1084
[16734] منابع:6/7 | BTC:$— | USDT:233000.000 | ARB:0% | فرصت:1084
[16737] منابع:6/7 | BTC:$— | USDT:232987.000 | ARB:0% | فرصت:1084
[16740] منابع:6/7 | BTC:$— | USDT:232987.000 | ARB:0% | فرصت:1084
[16743] منابع:6/7 | BTC:$— | USDT:232987.000 | ARB:0% | فرصت:1084
[16746] منابع:7/7 | BTC:$77677 | USDT:232987.000 | ARB:0% | فرصت:1084
[16749] منابع:7/7 | BTC:$77677 | USDT:232987.000 | ARB:0% | فرصت:1084
[16752] منابع:6/7 | BTC:$— | USDT:232987.000 | ARB:0% | فرصت:1084
[16755] منابع:6/7 | BTC:$— | USDT:232987.000 | ARB:0% | فرصت:1084
[16758] منابع:6/7 | BTC:$— | USDT:232987.000 | ARB:0% | فرصت:1084
[16761] منابع:6/7 | BTC:$— | USDT:232987.000 | ARB:0% | فرصت:1084
[16764] منابع:6/7 | BTC:$— | USDT:232987.000 | ARB:0% | فرصت:1084
[16767] منابع:7/7 | BTC:$77671 | USDT:232987.000 | ARB:0% | فرصت:1084
[16770] منابع:7/7 | BTC:$77671 | USDT:232987.000 | ARB:0% | فرصت:1084
[16773] منابع:6/7 | BTC:$— | USDT:232987.000 | ARB:0% | فرصت:1084
[16776] منابع:6/7 | BTC:$— | USDT:232987.000 | ARB:0% | فرصت:1084
[16779] منابع:6/7 | BTC:$— | USDT:232987.000 | ARB:0% | فرصت:1084
[16782] منابع:6/7 | BTC:$— | USDT:232987.000 | ARB:0% | فرصت:1084
[16785] منابع:6/7 | BTC:$— | USDT:232987.000 | ARB:0% | فرصت:1084
[16788] منابع:7/7 | BTC:$77666 | USDT:232987.000 | ARB:0% | فرصت:1084
[16791] منابع:6/7 | BTC:$— | USDT:232987.000 | ARB:0% | فرصت:1084
[16794] منابع:6/7 | BTC:$— | USDT:232987.000 | ARB:0% | فرصت:1084
[16797] منابع:6/7 | BTC:$— | USDT:232987.000 | ARB:0% | فرصت:1084
[16800] منابع:6/7 | BTC:$— | USDT:232987.000 | ARB:0% | فرصت:1084
[16803] منابع:6/7 | BTC:$— | USDT:232987.000 | ARB:0% | فرصت:1084
[16806] منابع:7/7 | BTC:$77703 | USDT:232987.000 | ARB:0% | فرصت:1084
[16809] منابع:6/7 | BTC:$— | USDT:232987.000 | ARB:0% | فرصت:1084
[16812] منابع:6/7 | BTC:$— | USDT:232987.000 | ARB:0% | فرصت:1084
[16815] منابع:6/7 | BTC:$— | USDT:232987.000 | ARB:0% | فرصت:1084
[16818] منابع:6/7 | BTC:$— | USDT:232987.000 | ARB:0% | فرصت:1084
[16821] منابع:6/7 | BTC:$— | USDT:232987.000 | ARB:0% | فرصت:1084
[16824] منابع:7/7 | BTC:$77731 | USDT:232987.000 | ARB:0% | فرصت:1084
[16827] منابع:7/7 | BTC:$77731 | USDT:232987.000 | ARB:0% | فرصت:1084
[16830] منابع:6/7 | BTC:$— | USDT:232987.000 | ARB:0% | فرصت:1084
[16833] منابع:6/7 | BTC:$— | USDT:232987.000 | ARB:0% | فرصت:1084
[16836] منابع:0/7 | BTC:$— | USDT:— | ARB:0% | فرصت:1084
[16839] منابع:0/7 | BTC:$— | USDT:— | ARB:0% | فرصت:1084
[16842] منابع:0/7 | BTC:$— | USDT:— | ARB:0% | فرصت:1084
[16845] منابع:0/7 | BTC:$— | USDT:— | ARB:0% | فرصت:1084
[16848] منابع:0/7 | BTC:$— | USDT:— | ARB:0% | فرصت:1084
[16851] منابع:0/7 | BTC:$— | USDT:— | ARB:0% | فرصت:1084
[16854] منابع:0/7 | BTC:$— | USDT:— | ARB:0% | فرصت:1084
[16857] منابع:0/7 | BTC:$— | USDT:— | ARB:0% | فرصت:1084
[16860] منابع:0/7 | BTC:$— | USDT:— | ARB:0% | فرصت:1084
[16863] منابع:0/7 | BTC:$— | USDT:— | ARB:0% | فرصت:1084
[16866] منابع:0/7 | BTC:$— | USDT:— | ARB:0% | فرصت:1084
[16869] منابع:0/7 | BTC:$— | USDT:— | ARB:0% | فرصت:1084
[16872] منابع:7/7 | BTC:$77767 | USDT:232795.000 | ARB:0% | فرصت:1084
[16875] منابع:7/7 | BTC:$77767 | USDT:232795.000 | ARB:0% | فرصت:1084
[16878] منابع:7/7 | BTC:$77817 | USDT:232795.000 | ARB:0% | فرصت:1084
[16881] منابع:7/7 | BTC:$77817 | USDT:232795.000 | ARB:0% | فرصت:1084
[16884] منابع:7/7 | BTC:$77817 | USDT:232795.000 | ARB:0% | فرصت:1084
[16887] منابع:7/7 | BTC:$77817 | USDT:232795.000 | ARB:0% | فرصت:1084
[16890] منابع:7/7 | BTC:$77817 | USDT:232795.000 | ARB:0% | فرصت:1084
[16893] منابع:7/7 | BTC:$77794 | USDT:232795.000 | ARB:0% | فرصت:1084
[16896] منابع:7/7 | BTC:$77794 | USDT:232795.000 | ARB:0% | فرصت:1084
[16899] منابع:7/7 | BTC:$77794 | USDT:232795.000 | ARB:0% | فرصت:1084
[16902] منابع:7/7 | BTC:$77794 | USDT:232795.000 | ARB:0% | فرصت:1084
[16905] منابع:7/7 | BTC:$77794 | USDT:232795.000 | ARB:0% | فرصت:1084
[16908] منابع:7/7 | BTC:$77811 | USDT:232795.000 | ARB:0% | فرصت:1084
[16911] منابع:7/7 | BTC:$77811 | USDT:232795.000 | ARB:0% | فرصت:1084
[16914] منابع:7/7 | BTC:$77811 | USDT:232795.000 | ARB:0% | فرصت:1084
[16917] منابع:7/7 | BTC:$77811 | USDT:232795.000 | ARB:0% | فرصت:1084
[16920] منابع:7/7 | BTC:$77811 | USDT:232795.000 | ARB:0% | فرصت:1084
[16923] منابع:7/7 | BTC:$77793 | USDT:232795.000 | ARB:0% | فرصت:1084
[16926] منابع:7/7 | BTC:$77793 | USDT:232750.000 | ARB:0% | فرصت:1084
[16929] منابع:7/7 | BTC:$77793 | USDT:232750.000 | ARB:0% | فرصت:1084
[16932] منابع:7/7 | BTC:$77793 | USDT:232750.000 | ARB:0% | فرصت:1084
[16935] منابع:7/7 | BTC:$77793 | USDT:232750.000 | ARB:0% | فرصت:1084
[16938] منابع:7/7 | BTC:$77777 | USDT:232750.000 | ARB:0% | فرصت:1084
[16941] منابع:7/7 | BTC:$77777 | USDT:232750.000 | ARB:0% | فرصت:1084
[16944] منابع:7/7 | BTC:$77777 | USDT:232750.000 | ARB:0% | فرصت:1084
[16947] منابع:7/7 | BTC:$77777 | USDT:232750.000 | ARB:0% | فرصت:1084
[16950] منابع:6/7 | BTC:$— | USDT:232750.000 | ARB:0% | فرصت:1084
[16953] منابع:6/7 | BTC:$— | USDT:232750.000 | ARB:0% | فرصت:1084
[16956] منابع:7/7 | BTC:$— | USDT:232750.000 | ARB:0% | فرصت:1084
[16959] منابع:3/7 | BTC:$— | USDT:232750.000 | ARB:0% | فرصت:1084
[16962] منابع:0/7 | BTC:$— | USDT:— | ARB:0% | فرصت:1084
[16965] منابع:0/7 | BTC:$— | USDT:— | ARB:0% | فرصت:1084
[16968] منابع:0/7 | BTC:$— | USDT:— | ARB:0% | فرصت:1084
[16971] منابع:0/7 | BTC:$— | USDT:— | ARB:0% | فرصت:1084
[16974] منابع:0/7 | BTC:$— | USDT:— | ARB:0% | فرصت:1084
[16977] منابع:0/7 | BTC:$— | USDT:— | ARB:0% | فرصت:1084
[16980] منابع:0/7 | BTC:$— | USDT:— | ARB:0% | فرصت:1084
[16983] منابع:0/7 | BTC:$— | USDT:— | ARB:0% | فرصت:1084
[16986] منابع:0/7 | BTC:$— | USDT:— | ARB:0% | فرصت:1084
[16989] منابع:0/7 | BTC:$— | USDT:— | ARB:0% | فرصت:1084
[16992] منابع:0/7 | BTC:$— | USDT:— | ARB:0% | فرصت:1084
[16995] منابع:0/7 | BTC:$— | USDT:— | ARB:0% | فرصت:1084
[16998] منابع:0/7 | BTC:$— | USDT:— | ARB:0% | فرصت:1084
[17001] منابع:0/7 | BTC:$— | USDT:— | ARB:0% | فرصت:1084
[17004] منابع:0/7 | BTC:$— | USDT:— | ARB:0% | فرصت:1084
[17007] منابع:0/7 | BTC:$— | USDT:— | ARB:0% | فرصت:1084
[17010] منابع:0/7 | BTC:$— | USDT:— | ARB:0% | فرصت:1084
[17013] منابع:0/7 | BTC:$— | USDT:— | ARB:0% | فرصت:1084
[17016] منابع:0/7 | BTC:$— | USDT:— | ARB:0% | فرصت:1084
[17019] منابع:7/7 | BTC:$77814 | USDT:232573.000 | ARB:0% | فرصت:1084
[17022] منابع:7/7 | BTC:$77814 | USDT:232573.000 | ARB:0% | فرصت:1084
[17025] منابع:6/7 | BTC:$— | USDT:232573.000 | ARB:0% | فرصت:1084
[17028] منابع:6/7 | BTC:$— | USDT:232573.000 | ARB:0% | فرصت:1084
[17031] منابع:6/7 | BTC:$— | USDT:232573.000 | ARB:0% | فرصت:1084
[17034] منابع:4/7 | BTC:$— | USDT:— | ARB:0% | فرصت:1084
[17037] منابع:6/7 | BTC:$— | USDT:232573.000 | ARB:0% | فرصت:1084
[17040] منابع:6/7 | BTC:$— | USDT:232573.000 | ARB:0% | فرصت:1084
[17043] منابع:6/7 | BTC:$— | USDT:232573.000 | ARB:0% | فرصت:1084
[17046] منابع:7/7 | BTC:$77815 | USDT:232573.000 | ARB:0% | فرصت:1084
[17049] منابع:6/7 | BTC:$— | USDT:232573.000 | ARB:0% | فرصت:1084
[17052] منابع:6/7 | BTC:$— | USDT:232573.000 | ARB:0% | فرصت:1084
[17055] منابع:6/7 | BTC:$— | USDT:232573.000 | ARB:0% | فرصت:1084
[17058] منابع:6/7 | BTC:$— | USDT:232573.000 | ARB:0% | فرصت:1084
[17061] منابع:6/7 | BTC:$— | USDT:232573.000 | ARB:0% | فرصت:1084
[17064] منابع:6/7 | BTC:$— | USDT:232573.000 | ARB:0% | فرصت:1084
[17067] منابع:7/7 | BTC:$77828 | USDT:232573.000 | ARB:0% | فرصت:1084
[17070] منابع:7/7 | BTC:$77828 | USDT:232573.000 | ARB:0% | فرصت:1084
[17073] منابع:6/7 | BTC:$— | USDT:232573.000 | ARB:0% | فرصت:1084
[17076] منابع:6/7 | BTC:$— | USDT:232573.000 | ARB:0% | فرصت:1084
[17079] منابع:7/7 | BTC:$— | USDT:232573.000 | ARB:0% | فرصت:1084
[17082] منابع:7/7 | BTC:$— | USDT:232573.000 | ARB:0% | فرصت:1084
[17085] منابع:7/7 | BTC:$— | USDT:232573.000 | ARB:0% | فرصت:1084
[17088] منابع:7/7 | BTC:$— | USDT:232573.000 | ARB:0% | فرصت:1084
[17091] منابع:7/7 | BTC:$— | USDT:232573.000 | ARB:0% | فرصت:1084
[17094] منابع:8/7 | BTC:$77829 | USDT:232573.000 | ARB:0% | فرصت:1084
[17097] منابع:8/7 | BTC:$77829 | USDT:232573.000 | ARB:0% | فرصت:1084
[17100] منابع:7/7 | BTC:$— | USDT:232573.000 | ARB:0% | فرصت:1084
[17103] منابع:6/7 | BTC:$— | USDT:232573.000 | ARB:0% | فرصت:1084
[17106] منابع:6/7 | BTC:$— | USDT:232573.000 | ARB:0% | فرصت:1084
[17109] منابع:6/7 | BTC:$— | USDT:232573.000 | ARB:0% | فرصت:1084
[17112] منابع:6/7 | BTC:$— | USDT:232573.000 | ARB:0% | فرصت:1084
[17115] منابع:6/7 | BTC:$— | USDT:232573.000 | ARB:0% | فرصت:1084
[17118] منابع:7/7 | BTC:$77845 | USDT:232573.000 | ARB:0% | فرصت:1084
[17121] منابع:7/7 | BTC:$77845 | USDT:232573.000 | ARB:0% | فرصت:1084
[17124] منابع:6/7 | BTC:$— | USDT:232573.000 | ARB:0% | فرصت:1084
[17127] منابع:6/7 | BTC:$— | USDT:232573.000 | ARB:0% | فرصت:1084
[17130] منابع:6/7 | BTC:$— | USDT:232573.000 | ARB:0% | فرصت:1084
[17133] منابع:6/7 | BTC:$— | USDT:232573.000 | ARB:0% | فرصت:1084
[17136] منابع:6/7 | BTC:$— | USDT:232741.000 | ARB:0% | فرصت:1084
[17139] منابع:6/7 | BTC:$— | USDT:232741.000 | ARB:0% | فرصت:1084
[17142] منابع:6/7 | BTC:$— | USDT:232741.000 | ARB:0% | فرصت:1084
[17145] منابع:7/7 | BTC:$77854 | USDT:232741.000 | ARB:0% | فرصت:1084
[17148] منابع:6/7 | BTC:$— | USDT:232741.000 | ARB:0% | فرصت:1084
[17151] منابع:6/7 | BTC:$— | USDT:232741.000 | ARB:0% | فرصت:1084
[17154] منابع:6/7 | BTC:$— | USDT:232741.000 | ARB:0% | فرصت:1084
[17157] منابع:6/7 | BTC:$— | USDT:232741.000 | ARB:0% | فرصت:1084
[17160] منابع:6/7 | BTC:$— | USDT:232741.000 | ARB:0% | فرصت:1084
[17163] منابع:6/7 | BTC:$— | USDT:232741.000 | ARB:0% | فرصت:1084
[17166] منابع:7/7 | BTC:$77786 | USDT:232741.000 | ARB:0% | فرصت:1084
[17169] منابع:7/7 | BTC:$77786 | USDT:232741.000 | ARB:0% | فرصت:1084
[17172] منابع:6/7 | BTC:$— | USDT:232741.000 | ARB:0% | فرصت:1084
[17175] منابع:6/7 | BTC:$— | USDT:232741.000 | ARB:0% | فرصت:1084
[17178] منابع:6/7 | BTC:$— | USDT:232741.000 | ARB:0% | فرصت:1084
[17181] منابع:6/7 | BTC:$— | USDT:232741.000 | ARB:0% | فرصت:1084
[17184] منابع:6/7 | BTC:$— | USDT:232741.000 | ARB:0% | فرصت:1084
[17187] منابع:6/7 | BTC:$— | USDT:232741.000 | ARB:0% | فرصت:1084
[17190] منابع:7/7 | BTC:$— | USDT:232741.000 | ARB:0% | فرصت:1084
[17193] منابع:8/7 | BTC:$77765 | USDT:232741.000 | ARB:0% | فرصت:1084
[17196] منابع:8/7 | BTC:$77765 | USDT:232741.000 | ARB:0% | فرصت:1084
[17199] منابع:7/7 | BTC:$— | USDT:232741.000 | ARB:0% | فرصت:1084
[17202] منابع:7/7 | BTC:$— | USDT:232741.000 | ARB:0% | فرصت:1084
[17205] منابع:6/7 | BTC:$— | USDT:232741.000 | ARB:0% | فرصت:1084
[17208] منابع:6/7 | BTC:$— | USDT:232741.000 | ARB:0% | فرصت:1084
[17211] منابع:6/7 | BTC:$— | USDT:232741.000 | ARB:0% | فرصت:1084
[17214] منابع:6/7 | BTC:$— | USDT:232741.000 | ARB:0% | فرصت:1084
[17217] منابع:6/7 | BTC:$— | USDT:232741.000 | ARB:0% | فرصت:1084
[17220] منابع:7/7 | BTC:$77743 | USDT:232741.000 | ARB:0% | فرصت:1084
[17223] منابع:6/7 | BTC:$— | USDT:232741.000 | ARB:0% | فرصت:1084
[17226] منابع:6/7 | BTC:$— | USDT:232741.000 | ARB:0% | فرصت:1084
[17229] منابع:6/7 | BTC:$— | USDT:232741.000 | ARB:0% | فرصت:1084
[17232] منابع:6/7 | BTC:$— | USDT:232741.000 | ARB:0% | فرصت:1084
[17235] منابع:6/7 | BTC:$— | USDT:232741.000 | ARB:0% | فرصت:1084
[17238] منابع:6/7 | BTC:$— | USDT:232741.000 | ARB:0% | فرصت:1084
[17241] منابع:6/7 | BTC:$— | USDT:232741.000 | ARB:0% | فرصت:1084
[17244] منابع:7/7 | BTC:$77718 | USDT:232741.000 | ARB:0% | فرصت:1084
[17247] منابع:6/7 | BTC:$— | USDT:232741.000 | ARB:0% | فرصت:1084
[17250] منابع:6/7 | BTC:$— | USDT:232741.000 | ARB:0% | فرصت:1084
[17253] منابع:6/7 | BTC:$— | USDT:232741.000 | ARB:0% | فرصت:1084
[17256] منابع:4/7 | BTC:$— | USDT:— | ARB:0% | فرصت:1084
[17259] منابع:6/7 | BTC:$— | USDT:232741.000 | ARB:0% | فرصت:1084
[17262] منابع:6/7 | BTC:$— | USDT:232741.000 | ARB:0% | فرصت:1084
[17265] منابع:6/7 | BTC:$— | USDT:232741.000 | ARB:0% | فرصت:1084
[17268] منابع:7/7 | BTC:$77759 | USDT:232741.000 | ARB:0% | فرصت:1084
[17271] منابع:6/7 | BTC:$— | USDT:232741.000 | ARB:0% | فرصت:1084
